gbifID	datasetKey	occurrenceID	kingdom	phylum	class	order	family	genus	species	infraspecificEpithet	taxonRank	scientificName	verbatimScientificName	verbatimScientificNameAuthorship	countryCode	locality	stateProvince	occurrenceStatus	individualCount	publishingOrgKey	decimalLatitude	decimalLongitude	coordinateUncertaintyInMeters	coordinatePrecision	elevation	elevationAccuracy	depth	depthAccuracy	eventDate	day	month	year	taxonKey	speciesKey	basisOfRecord	institutionCode	collectionCode	catalogNumber	recordNumber	identifiedBy	dateIdentified	license	rightsHolder	recordedBy	typeStatus	establishmentMeans	lastInterpreted	mediaType	issue
1320455590	821cc27a-e3bb-4bc5-ac34-89ada245069d	http://n2t.net/ark:/65665/38fe902d9-1c81-45ad-b1a3-76215710b10a	Animalia	Chordata	Amphibia	Caudata	Salamandridae	Ommatotriton	"Ommatotriton vittatus"		SPECIES	"Triturus vittatus (Gray, 1835)"	"Triturus vittatus"		TR	Adana	"Adana Province"	PRESENT	1	bc092ff0-02e4-11dc-991f-b8a03c50a862	37.0	35.3292							1906			1906	2431812	2431811	PRESERVED_SPECIMEN	USNM	HERP	"USNM 65512"				CC0_1_0					2026-06-11T16:28:33.423Z		OCCURRENCE_STATUS_INFERRED_FROM_INDIVIDUAL_COUNT;RECORDED_DATE_MISMATCH;GEODETIC_DATUM_ASSUMED_WGS84
1317812712	821cc27a-e3bb-4bc5-ac34-89ada245069d	http://n2t.net/ark:/65665/31afa372d-d6bc-40bc-9a3d-b92bdfbb3d7d	Animalia	Chordata	Amphibia	Caudata	Salamandridae	Ommatotriton	"Ommatotriton vittatus"		SPECIES	"Triturus vittatus (Gray, 1835)"	"Triturus vittatus"		TR	Adana	"Adana Province"	PRESENT	1	bc092ff0-02e4-11dc-991f-b8a03c50a862	37.0	35.3292							1906			1906	2431812	2431811	PRESERVED_SPECIMEN	USNM	HERP	"USNM 65513"				CC0_1_0					2026-06-11T16:25:38.726Z		OCCURRENCE_STATUS_INFERRED_FROM_INDIVIDUAL_COUNT;RECORDED_DATE_MISMATCH;GEODETIC_DATUM_ASSUMED_WGS84
621066628	9cd0014c-b7b1-4ed1-bef7-0225acfa4ef2	urn:catalog:SMNS:Herpetologie:1635	Animalia	Chordata	Amphibia	Caudata	Salamandridae	Ommatotriton	"Ommatotriton vittatus"		SPECIES	"Triturus vittatus (Gray, 1835)"	"Triturus vittatus"		IL	Jaffa		PRESENT		99ea0c90-61e5-11dc-a64c-b8a03c50a862	32.03333	34.75	20428.0						1896			1896	2431812	2431811	PRESERVED_SPECIMEN	SMNS	Herpetologie	1635				CC_BY_NC_4_0		Grossmann		native	2026-06-11T23:53:15.630Z		
5001934449	6c8d87be-829d-4364-b2bc-578258761cc2	INPA-770694	Animalia	Chordata	Amphibia	Caudata	Salamandridae	Ommatotriton	"Ommatotriton vittatus"		SPECIES	"Ommatotriton vittatus (Gray, 1835)"	"Triturus vittatus"		IL			PRESENT	1	4f160e00-329d-11d9-8439-b8a03c50a862	31.861571	34.935449	0.71						2008-07-08	8	7	2008	2431811	2431811	HUMAN_OBSERVATION	INPA		770694				CC_BY_NC_4_0					2026-06-11T22:34:45.576Z		
5002696842	6c8d87be-829d-4364-b2bc-578258761cc2	INPA-4034271	Animalia	Chordata	Amphibia	Caudata	Salamandridae	Ommatotriton	"Ommatotriton vittatus"		SPECIES	"Ommatotriton vittatus (Gray, 1835)"	"Triturus vittatus"		IL			PRESENT	1	4f160e00-329d-11d9-8439-b8a03c50a862	31.654149	34.936048	0.71						2022-07-27	27	7	2022	2431811	2431811	HUMAN_OBSERVATION	INPA		4034271				CC_BY_NC_4_0					2026-06-11T22:34:55.940Z		
5002348038	6c8d87be-829d-4364-b2bc-578258761cc2	INPA-1987491	Animalia	Chordata	Amphibia	Caudata	Salamandridae	Ommatotriton	"Ommatotriton vittatus"		SPECIES	"Ommatotriton vittatus (Gray, 1835)"	"Triturus vittatus"		IL			PRESENT	1	4f160e00-329d-11d9-8439-b8a03c50a862	32.131774	34.807483	0.71						2020-02-02	2	2	2020	2431811	2431811	HUMAN_OBSERVATION	INPA		1987491				CC_BY_NC_4_0					2026-06-11T22:35:12.664Z		
5002832707	6c8d87be-829d-4364-b2bc-578258761cc2	INPA-4871943	Animalia	Chordata	Amphibia	Caudata	Salamandridae	Ommatotriton	"Ommatotriton vittatus"		SPECIES	"Ommatotriton vittatus (Gray, 1835)"	"Triturus vittatus"		IL			PRESENT	1	4f160e00-329d-11d9-8439-b8a03c50a862	32.682426	35.103614	0.71						2024-04-18	18	4	2024	2431811	2431811	HUMAN_OBSERVATION	INPA		4871943				CC_BY_NC_4_0					2026-06-11T22:35:17.826Z		
5002794653	6c8d87be-829d-4364-b2bc-578258761cc2	INPA-4793883	Animalia	Chordata	Amphibia	Caudata	Salamandridae	Ommatotriton	"Ommatotriton vittatus"		SPECIES	"Ommatotriton vittatus (Gray, 1835)"	"Triturus vittatus"		IL			PRESENT	1	4f160e00-329d-11d9-8439-b8a03c50a862	31.825599	34.988367	0.71						2024-02-25	25	2	2024	2431811	2431811	HUMAN_OBSERVATION	INPA		4793883				CC_BY_NC_4_0					2026-06-11T22:34:48.680Z		
5001634956	6c8d87be-829d-4364-b2bc-578258761cc2	INPA-356663	Animalia	Chordata	Amphibia	Caudata	Salamandridae	Ommatotriton	"Ommatotriton vittatus"		SPECIES	"Ommatotriton vittatus (Gray, 1835)"	"Triturus vittatus"		IL			PRESENT	1	4f160e00-329d-11d9-8439-b8a03c50a862	32.736446	35.028872	0.71						1997-01-23	23	1	1997	2431811	2431811	HUMAN_OBSERVATION	INPA		356663				CC_BY_NC_4_0					2026-06-11T22:34:35.924Z		
5001901097	6c8d87be-829d-4364-b2bc-578258761cc2	INPA-750527	Animalia	Chordata	Amphibia	Caudata	Salamandridae	Ommatotriton	"Ommatotriton vittatus"		SPECIES	"Ommatotriton vittatus (Gray, 1835)"	"Triturus vittatus"		IL			PRESENT	1	4f160e00-329d-11d9-8439-b8a03c50a862	32.574201	35.082436	0.71						2012-02-08	8	2	2012	2431811	2431811	HUMAN_OBSERVATION	INPA		750527				CC_BY_NC_4_0					2026-06-11T22:34:38.493Z		
5003007947	6c8d87be-829d-4364-b2bc-578258761cc2	INPA-243748	Animalia	Chordata	Amphibia	Caudata	Salamandridae	Ommatotriton	"Ommatotriton vittatus"		SPECIES	"Ommatotriton vittatus (Gray, 1835)"	"Triturus vittatus"		IL			PRESENT	1	4f160e00-329d-11d9-8439-b8a03c50a862	31.870653	34.967126	0.71						1989-04-25	25	4	1989	2431811	2431811	HUMAN_OBSERVATION	INPA		243748				CC_BY_NC_4_0					2026-06-11T22:34:51.386Z		
5001766658	6c8d87be-829d-4364-b2bc-578258761cc2	INPA-545839	Animalia	Chordata	Amphibia	Caudata	Salamandridae	Ommatotriton	"Ommatotriton vittatus"		SPECIES	"Ommatotriton vittatus (Gray, 1835)"	"Triturus vittatus"		IL			PRESENT	1	4f160e00-329d-11d9-8439-b8a03c50a862	31.861571	34.935449	0.71						2000-02-02	2	2	2000	2431811	2431811	HUMAN_OBSERVATION	INPA		545839				CC_BY_NC_4_0					2026-06-11T22:34:08.380Z		
5002973928	6c8d87be-829d-4364-b2bc-578258761cc2	INPA-4847391	Animalia	Chordata	Amphibia	Caudata	Salamandridae	Ommatotriton	"Ommatotriton vittatus"		SPECIES	"Ommatotriton vittatus (Gray, 1835)"	"Triturus vittatus"		IL			PRESENT	1	4f160e00-329d-11d9-8439-b8a03c50a862	32.583184	35.050472	0.71						2024-04-02	2	4	2024	2431811	2431811	HUMAN_OBSERVATION	INPA		4847391				CC_BY_NC_4_0					2026-06-11T22:34:22.771Z		
5001626445	6c8d87be-829d-4364-b2bc-578258761cc2	INPA-356686	Animalia	Chordata	Amphibia	Caudata	Salamandridae	Ommatotriton	"Ommatotriton vittatus"		SPECIES	"Ommatotriton vittatus (Gray, 1835)"	"Triturus vittatus"		IL			PRESENT	1	4f160e00-329d-11d9-8439-b8a03c50a862	32.619239	35.039756	0.71						1997-02-03	3	2	1997	2431811	2431811	HUMAN_OBSERVATION	INPA		356686				CC_BY_NC_4_0					2026-06-11T22:34:41.087Z		
5001909157	6c8d87be-829d-4364-b2bc-578258761cc2	INPA-748937	Animalia	Chordata	Amphibia	Caudata	Salamandridae	Ommatotriton	"Ommatotriton vittatus"		SPECIES	"Ommatotriton vittatus (Gray, 1835)"	"Triturus vittatus"		IL			PRESENT	1	4f160e00-329d-11d9-8439-b8a03c50a862	32.592139	35.007847	0.71						2012-04-19	19	4	2012	2431811	2431811	HUMAN_OBSERVATION	INPA		748937				CC_BY_NC_4_0					2026-06-11T22:34:43.982Z		
5002396634	6c8d87be-829d-4364-b2bc-578258761cc2	INPA-2066508	Animalia	Chordata	Amphibia	Caudata	Salamandridae	Ommatotriton	"Ommatotriton vittatus"		SPECIES	"Ommatotriton vittatus (Gray, 1835)"	"Triturus vittatus"		IL			PRESENT	1	4f160e00-329d-11d9-8439-b8a03c50a862	32.122791	34.818122	0.71						2020-04-24	24	4	2020	2431811	2431811	HUMAN_OBSERVATION	INPA		2066508				CC_BY_NC_4_0					2026-06-11T22:34:49.776Z		
5001633667	6c8d87be-829d-4364-b2bc-578258761cc2	INPA-357606	Animalia	Chordata	Amphibia	Caudata	Salamandridae	Ommatotriton	"Ommatotriton vittatus"		SPECIES	"Ommatotriton vittatus (Gray, 1835)"	"Triturus vittatus"		IL			PRESENT	1	4f160e00-329d-11d9-8439-b8a03c50a862	33.043108	35.295907	0.71						1998-03-18	18	3	1998	2431811	2431811	HUMAN_OBSERVATION	INPA		357606				CC_BY_NC_4_0					2026-06-11T22:35:01.256Z		
5001849644	6c8d87be-829d-4364-b2bc-578258761cc2	INPA-641248	Animalia	Chordata	Amphibia	Caudata	Salamandridae	Ommatotriton	"Ommatotriton vittatus"		SPECIES	"Ommatotriton vittatus (Gray, 1835)"	"Triturus vittatus"		IL			PRESENT	1	4f160e00-329d-11d9-8439-b8a03c50a862	32.105058	34.934738	0.71						2005-03-29	29	3	2005	2431811	2431811	HUMAN_OBSERVATION	INPA		641248				CC_BY_NC_4_0					2026-06-11T22:34:43.985Z		
5002880167	6c8d87be-829d-4364-b2bc-578258761cc2	INPA-4750470	Animalia	Chordata	Amphibia	Caudata	Salamandridae	Ommatotriton	"Ommatotriton vittatus"		SPECIES	"Ommatotriton vittatus (Gray, 1835)"	"Triturus vittatus"		IL			PRESENT	1	4f160e00-329d-11d9-8439-b8a03c50a862	32.59227	35.125019	0.71						2024-01-05	5	1	2024	2431811	2431811	HUMAN_OBSERVATION	INPA		4750470				CC_BY_NC_4_0					2026-06-11T22:34:57.645Z		
5002440311	6c8d87be-829d-4364-b2bc-578258761cc2	INPA-2045799	Animalia	Chordata	Amphibia	Caudata	Salamandridae	Ommatotriton	"Ommatotriton vittatus"		SPECIES	"Ommatotriton vittatus (Gray, 1835)"	"Triturus vittatus"		IL			PRESENT	1	4f160e00-329d-11d9-8439-b8a03c50a862	32.131774	34.807483	0.71						2020-04-04	4	4	2020	2431811	2431811	HUMAN_OBSERVATION	INPA		2045799				CC_BY_NC_4_0					2026-06-11T22:34:22.441Z		
5003196944	6c8d87be-829d-4364-b2bc-578258761cc2	INPA-3015419	Animalia	Chordata	Amphibia	Caudata	Salamandridae	Ommatotriton	"Ommatotriton vittatus"		SPECIES	"Ommatotriton vittatus (Gray, 1835)"	"Triturus vittatus"		IL			PRESENT	1	4f160e00-329d-11d9-8439-b8a03c50a862	31.861571	34.935449	0.71						2020-12-16	16	12	2020	2431811	2431811	HUMAN_OBSERVATION	INPA		3015419				CC_BY_NC_4_0					2026-06-11T22:34:31.761Z		
5001535917	6c8d87be-829d-4364-b2bc-578258761cc2	INPA-243445	Animalia	Chordata	Amphibia	Caudata	Salamandridae	Ommatotriton	"Ommatotriton vittatus"		SPECIES	"Ommatotriton vittatus (Gray, 1835)"	"Triturus vittatus"		IL			PRESENT	1	4f160e00-329d-11d9-8439-b8a03c50a862	32.33947	34.912801	0.71						1980-05-09	9	5	1980	2431811	2431811	HUMAN_OBSERVATION	INPA		243445				CC_BY_NC_4_0					2026-06-11T22:34:40.852Z		
6159754210	6c8d87be-829d-4364-b2bc-578258761cc2	INPA-5826479	Animalia	Chordata	Amphibia	Caudata	Salamandridae	Ommatotriton	"Ommatotriton vittatus"		SPECIES	"Ommatotriton vittatus (Gray, 1835)"	"Triturus vittatus"		IL			PRESENT	1	4f160e00-329d-11d9-8439-b8a03c50a862	31.563964	34.936307	0.71						2026-01-29	29	1	2026	2431811	2431811	HUMAN_OBSERVATION	INPA		5826479				CC_BY_NC_4_0					2026-06-11T22:35:06.358Z		
5003175922	6c8d87be-829d-4364-b2bc-578258761cc2	INPA-2035153	Animalia	Chordata	Amphibia	Caudata	Salamandridae	Ommatotriton	"Ommatotriton vittatus"		SPECIES	"Ommatotriton vittatus (Gray, 1835)"	"Triturus vittatus"		IL			PRESENT	1	4f160e00-329d-11d9-8439-b8a03c50a862	32.140859	34.828645	0.71						2020-03-25	25	3	2020	2431811	2431811	HUMAN_OBSERVATION	INPA		2035153				CC_BY_NC_4_0					2026-06-11T22:34:50.931Z		
5002155688	6c8d87be-829d-4364-b2bc-578258761cc2	INPA-1412299	Animalia	Chordata	Amphibia	Caudata	Salamandridae	Ommatotriton	"Ommatotriton vittatus"		SPECIES	"Ommatotriton vittatus (Gray, 1835)"	"Triturus vittatus"		IL			PRESENT	1	4f160e00-329d-11d9-8439-b8a03c50a862	32.897515	35.787404	0.71						2018-04-10	10	4	2018	2431811	2431811	HUMAN_OBSERVATION	INPA		1412299				CC_BY_NC_4_0					2026-06-11T22:34:12.542Z		COUNTRY_COORDINATE_MISMATCH;SCIENTIFIC_NAME_AND_ID_INCONSISTENT
5003116012	6c8d87be-829d-4364-b2bc-578258761cc2	INPA-1203124	Animalia	Chordata	Amphibia	Caudata	Salamandridae	Ommatotriton	"Ommatotriton vittatus"		SPECIES	"Ommatotriton vittatus (Gray, 1835)"	"Triturus vittatus"		IL			PRESENT	1	4f160e00-329d-11d9-8439-b8a03c50a862	32.646366	35.114313	0.71						2017-04-27	27	4	2017	2431811	2431811	HUMAN_OBSERVATION	INPA		1203124				CC_BY_NC_4_0					2026-06-11T22:34:50.455Z		
5001906330	6c8d87be-829d-4364-b2bc-578258761cc2	INPA-729028	Animalia	Chordata	Amphibia	Caudata	Salamandridae	Ommatotriton	"Ommatotriton vittatus"		SPECIES	"Ommatotriton vittatus (Gray, 1835)"	"Triturus vittatus"		IL			PRESENT	1	4f160e00-329d-11d9-8439-b8a03c50a862	31.816598	34.998949	0.71						2015-01-18	18	1	2015	2431811	2431811	HUMAN_OBSERVATION	INPA		729028				CC_BY_NC_4_0					2026-06-11T22:35:02.480Z		
5001951108	6c8d87be-829d-4364-b2bc-578258761cc2	INPA-975833	Animalia	Chordata	Amphibia	Caudata	Salamandridae	Ommatotriton	"Ommatotriton vittatus"		SPECIES	"Ommatotriton vittatus (Gray, 1835)"	"Triturus vittatus"		IL			PRESENT	1	4f160e00-329d-11d9-8439-b8a03c50a862	31.852346	34.850951	0.71						2015-12-19	19	12	2015	2431811	2431811	HUMAN_OBSERVATION	INPA		975833				CC_BY_NC_4_0					2026-06-11T22:35:02.943Z		
5002005873	6c8d87be-829d-4364-b2bc-578258761cc2	INPA-1023837	Animalia	Chordata	Amphibia	Caudata	Salamandridae	Ommatotriton	"Ommatotriton vittatus"		SPECIES	"Ommatotriton vittatus (Gray, 1835)"	"Triturus vittatus"		IL			PRESENT	1	4f160e00-329d-11d9-8439-b8a03c50a862	31.563941	34.925774	0.71						2016-05-05	5	5	2016	2431811	2431811	HUMAN_OBSERVATION	INPA		1023837				CC_BY_NC_4_0					2026-06-11T22:35:03.458Z		
5002556932	6c8d87be-829d-4364-b2bc-578258761cc2	INPA-3772158	Animalia	Chordata	Amphibia	Caudata	Salamandridae	Ommatotriton	"Ommatotriton vittatus"		SPECIES	"Ommatotriton vittatus (Gray, 1835)"	"Triturus vittatus"		IL			PRESENT	1	4f160e00-329d-11d9-8439-b8a03c50a862	31.852254	34.819254	0.71						2022-04-04	4	4	2022	2431811	2431811	HUMAN_OBSERVATION	INPA		3772158				CC_BY_NC_4_0					2026-06-11T22:35:08.343Z		
5003173414	6c8d87be-829d-4364-b2bc-578258761cc2	INPA-1995432	Animalia	Chordata	Amphibia	Caudata	Salamandridae	Ommatotriton	"Ommatotriton vittatus"		SPECIES	"Ommatotriton vittatus (Gray, 1835)"	"Triturus vittatus"		IL			PRESENT	1	4f160e00-329d-11d9-8439-b8a03c50a862	32.131774	34.807483	0.71						2020-02-12	12	2	2020	2431811	2431811	HUMAN_OBSERVATION	INPA		1995432				CC_BY_NC_4_0					2026-06-11T22:34:35.141Z		
5002328850	6c8d87be-829d-4364-b2bc-578258761cc2	INPA-1990555	Animalia	Chordata	Amphibia	Caudata	Salamandridae	Ommatotriton	"Ommatotriton vittatus"		SPECIES	"Ommatotriton vittatus (Gray, 1835)"	"Triturus vittatus"		IL			PRESENT	1	4f160e00-329d-11d9-8439-b8a03c50a862	32.131774	34.807483	0.71						2020-02-05	5	2	2020	2431811	2431811	HUMAN_OBSERVATION	INPA		1990555				CC_BY_NC_4_0					2026-06-11T22:34:21.152Z		
5002751942	6c8d87be-829d-4364-b2bc-578258761cc2	INPA-4329474	Animalia	Chordata	Amphibia	Caudata	Salamandridae	Ommatotriton	"Ommatotriton vittatus"		SPECIES	"Ommatotriton vittatus (Gray, 1835)"	"Triturus vittatus"		IL			PRESENT	1	4f160e00-329d-11d9-8439-b8a03c50a862	32.176929	34.828497	0.71						2023-01-16	16	1	2023	2431811	2431811	HUMAN_OBSERVATION	INPA		4329474				CC_BY_NC_4_0					2026-06-11T22:34:26.697Z		
5002802641	6c8d87be-829d-4364-b2bc-578258761cc2	INPA-4392503	Animalia	Chordata	Amphibia	Caudata	Salamandridae	Ommatotriton	"Ommatotriton vittatus"		SPECIES	"Ommatotriton vittatus (Gray, 1835)"	"Triturus vittatus"		IL			PRESENT	1	4f160e00-329d-11d9-8439-b8a03c50a862	32.131774	34.807483	0.71						2023-03-06	6	3	2023	2431811	2431811	HUMAN_OBSERVATION	INPA		4392503				CC_BY_NC_4_0					2026-06-11T22:34:27.495Z		
5003007921	6c8d87be-829d-4364-b2bc-578258761cc2	INPA-243388	Animalia	Chordata	Amphibia	Caudata	Salamandridae	Ommatotriton	"Ommatotriton vittatus"		SPECIES	"Ommatotriton vittatus (Gray, 1835)"	"Triturus vittatus"		IL			PRESENT	1	4f160e00-329d-11d9-8439-b8a03c50a862	31.779577	34.671753	0.71						1979-12-11	11	12	1979	2431811	2431811	HUMAN_OBSERVATION	INPA		243388				CC_BY_NC_4_0					2026-06-11T22:34:29.842Z		
5003098486	6c8d87be-829d-4364-b2bc-578258761cc2	INPA-989679	Animalia	Chordata	Amphibia	Caudata	Salamandridae	Ommatotriton	"Ommatotriton vittatus"		SPECIES	"Ommatotriton vittatus (Gray, 1835)"	"Triturus vittatus"		IL			PRESENT	1	4f160e00-329d-11d9-8439-b8a03c50a862	31.816598	34.998949	0.71						2016-02-15	15	2	2016	2431811	2431811	HUMAN_OBSERVATION	INPA		989679				CC_BY_NC_4_0					2026-06-11T22:34:30.770Z		
5895407002	6c8d87be-829d-4364-b2bc-578258761cc2	INPA-4261895	Animalia	Chordata	Amphibia	Caudata	Salamandridae	Ommatotriton	"Ommatotriton vittatus"		SPECIES	"Ommatotriton vittatus (Gray, 1835)"	"Triturus vittatus"		IL			PRESENT	1	4f160e00-329d-11d9-8439-b8a03c50a862	32.17547	34.826043							2022-12-27	27	12	2022	2431811	2431811	HUMAN_OBSERVATION	INPA		4261895				CC_BY_NC_4_0					2026-06-11T22:34:36.581Z		
5002581374	6c8d87be-829d-4364-b2bc-578258761cc2	INPA-3679663	Animalia	Chordata	Amphibia	Caudata	Salamandridae	Ommatotriton	"Ommatotriton vittatus"		SPECIES	"Ommatotriton vittatus (Gray, 1835)"	"Triturus vittatus"		IL			PRESENT	1	4f160e00-329d-11d9-8439-b8a03c50a862	31.816598	34.998949	0.71						2022-01-25	25	1	2022	2431811	2431811	HUMAN_OBSERVATION	INPA		3679663				CC_BY_NC_4_0					2026-06-11T22:34:53.945Z		
5002801156	6c8d87be-829d-4364-b2bc-578258761cc2	INPA-4774985	Animalia	Chordata	Amphibia	Caudata	Salamandridae	Ommatotriton	"Ommatotriton vittatus"		SPECIES	"Ommatotriton vittatus (Gray, 1835)"	"Triturus vittatus"		IL			PRESENT	1	4f160e00-329d-11d9-8439-b8a03c50a862	32.997684	35.509862	0.71						2024-02-03	3	2	2024	2431811	2431811	HUMAN_OBSERVATION	INPA		4774985				CC_BY_NC_4_0					2026-06-11T22:34:56.847Z		
5001626521	6c8d87be-829d-4364-b2bc-578258761cc2	INPA-357742	Animalia	Chordata	Amphibia	Caudata	Salamandridae	Ommatotriton	"Ommatotriton vittatus"		SPECIES	"Ommatotriton vittatus (Gray, 1835)"	"Triturus vittatus"		IL			PRESENT	1	4f160e00-329d-11d9-8439-b8a03c50a862	33.015963	35.381494	0.71						1998-03-30	30	3	1998	2431811	2431811	HUMAN_OBSERVATION	INPA		357742				CC_BY_NC_4_0					2026-06-11T22:35:03.843Z		
5002351990	6c8d87be-829d-4364-b2bc-578258761cc2	INPA-2036402	Animalia	Chordata	Amphibia	Caudata	Salamandridae	Ommatotriton	"Ommatotriton vittatus"		SPECIES	"Ommatotriton vittatus (Gray, 1835)"	"Triturus vittatus"		IL			PRESENT	1	4f160e00-329d-11d9-8439-b8a03c50a862	31.563964	34.936307	0.71						2020-03-26	26	3	2020	2431811	2431811	HUMAN_OBSERVATION	INPA		2036402				CC_BY_NC_4_0					2026-06-11T22:35:11.384Z		
5003083186	6c8d87be-829d-4364-b2bc-578258761cc2	INPA-728373	Animalia	Chordata	Amphibia	Caudata	Salamandridae	Ommatotriton	"Ommatotriton vittatus"		SPECIES	"Ommatotriton vittatus (Gray, 1835)"	"Triturus vittatus"		IL			PRESENT	1	4f160e00-329d-11d9-8439-b8a03c50a862	31.825649	35.020055	0.71						2015-03-02	2	3	2015	2431811	2431811	HUMAN_OBSERVATION	INPA		728373				CC_BY_NC_4_0					2026-06-11T22:35:18.579Z		
5003085285	6c8d87be-829d-4364-b2bc-578258761cc2	INPA-742443	Animalia	Chordata	Amphibia	Caudata	Salamandridae	Ommatotriton	"Ommatotriton vittatus"		SPECIES	"Ommatotriton vittatus (Gray, 1835)"	"Triturus vittatus"		IL			PRESENT	1	4f160e00-329d-11d9-8439-b8a03c50a862	32.682453	35.146264	0.71						2013-04-03	3	4	2013	2431811	2431811	HUMAN_OBSERVATION	INPA		742443				CC_BY_NC_4_0					2026-06-11T22:34:29.556Z		
5001547598	6c8d87be-829d-4364-b2bc-578258761cc2	INPA-243702	Animalia	Chordata	Amphibia	Caudata	Salamandridae	Ommatotriton	"Ommatotriton vittatus"		SPECIES	"Ommatotriton vittatus (Gray, 1835)"	"Triturus vittatus"		IL			PRESENT	1	4f160e00-329d-11d9-8439-b8a03c50a862	32.790546	35.028763	0.71						1987-04-09	9	4	1987	2431811	2431811	HUMAN_OBSERVATION	INPA		243702				CC_BY_NC_4_0					2026-06-11T22:34:07.857Z		
5003085442	6c8d87be-829d-4364-b2bc-578258761cc2	INPA-742153	Animalia	Chordata	Amphibia	Caudata	Salamandridae	Ommatotriton	"Ommatotriton vittatus"		SPECIES	"Ommatotriton vittatus (Gray, 1835)"	"Triturus vittatus"		IL			PRESENT	1	4f160e00-329d-11d9-8439-b8a03c50a862	31.825599	34.988367	0.71						2013-04-15	15	4	2013	2431811	2431811	HUMAN_OBSERVATION	INPA		742153				CC_BY_NC_4_0					2026-06-11T22:34:27.383Z		
5157079497	6c8d87be-829d-4364-b2bc-578258761cc2	INPA-5303184	Animalia	Chordata	Amphibia	Caudata	Salamandridae	Ommatotriton	"Ommatotriton vittatus"		SPECIES	"Ommatotriton vittatus (Gray, 1835)"	"Triturus vittatus"		IL			PRESENT	1	4f160e00-329d-11d9-8439-b8a03c50a862	32.538121	35.07184	0.71						2025-04-11	11	4	2025	2431811	2431811	HUMAN_OBSERVATION	INPA		5303184				CC_BY_NC_4_0					2026-06-11T22:34:30.243Z		
5003085978	6c8d87be-829d-4364-b2bc-578258761cc2	INPA-749446	Animalia	Chordata	Amphibia	Caudata	Salamandridae	Ommatotriton	"Ommatotriton vittatus"		SPECIES	"Ommatotriton vittatus (Gray, 1835)"	"Triturus vittatus"		IL			PRESENT	1	4f160e00-329d-11d9-8439-b8a03c50a862	32.583229	35.093075	0.71						2012-04-01	1	4	2012	2431811	2431811	HUMAN_OBSERVATION	INPA		749446				CC_BY_NC_4_0					2026-06-11T22:34:53.778Z		
5001917657	6c8d87be-829d-4364-b2bc-578258761cc2	INPA-736938	Animalia	Chordata	Amphibia	Caudata	Salamandridae	Ommatotriton	"Ommatotriton vittatus"		SPECIES	"Ommatotriton vittatus (Gray, 1835)"	"Triturus vittatus"		IL			PRESENT	1	4f160e00-329d-11d9-8439-b8a03c50a862	32.916362	35.573724	0.71						2014-02-19	19	2	2014	2431811	2431811	HUMAN_OBSERVATION	INPA		736938				CC_BY_NC_4_0					2026-06-11T22:34:50.370Z		
5002424324	6c8d87be-829d-4364-b2bc-578258761cc2	INPA-2054041	Animalia	Chordata	Amphibia	Caudata	Salamandridae	Ommatotriton	"Ommatotriton vittatus"		SPECIES	"Ommatotriton vittatus (Gray, 1835)"	"Triturus vittatus"		IL			PRESENT	1	4f160e00-329d-11d9-8439-b8a03c50a862	32.222353	34.966217	0.71						2020-04-14	14	4	2020	2431811	2431811	HUMAN_OBSERVATION	INPA		2054041				CC_BY_NC_4_0					2026-06-11T22:34:16.741Z		
5001547596	6c8d87be-829d-4364-b2bc-578258761cc2	INPA-243672	Animalia	Chordata	Amphibia	Caudata	Salamandridae	Ommatotriton	"Ommatotriton vittatus"		SPECIES	"Ommatotriton vittatus (Gray, 1835)"	"Triturus vittatus"		IL			PRESENT	1	4f160e00-329d-11d9-8439-b8a03c50a862	32.528967	34.976056	0.71						1986-04-20	20	4	1986	2431811	2431811	HUMAN_OBSERVATION	INPA		243672				CC_BY_NC_4_0					2026-06-11T22:34:05.256Z		
5002067035	6c8d87be-829d-4364-b2bc-578258761cc2	INPA-1255028	Animalia	Chordata	Amphibia	Caudata	Salamandridae	Ommatotriton	"Ommatotriton vittatus"		SPECIES	"Ommatotriton vittatus (Gray, 1835)"	"Triturus vittatus"		IL			PRESENT	1	4f160e00-329d-11d9-8439-b8a03c50a862	32.592213	35.061109	0.71						2015-04-14	14	4	2015	2431811	2431811	HUMAN_OBSERVATION	INPA		1255028				CC_BY_NC_4_0					2026-06-11T22:34:12.084Z		
5002364930	6c8d87be-829d-4364-b2bc-578258761cc2	INPA-1999139	Animalia	Chordata	Amphibia	Caudata	Salamandridae	Ommatotriton	"Ommatotriton vittatus"		SPECIES	"Ommatotriton vittatus (Gray, 1835)"	"Triturus vittatus"		IL			PRESENT	1	4f160e00-329d-11d9-8439-b8a03c50a862	32.131774	34.807483	0.71						2020-02-16	16	2	2020	2431811	2431811	HUMAN_OBSERVATION	INPA		1999139				CC_BY_NC_4_0					2026-06-11T22:34:15.668Z		
5002679386	6c8d87be-829d-4364-b2bc-578258761cc2	INPA-4394808	Animalia	Chordata	Amphibia	Caudata	Salamandridae	Ommatotriton	"Ommatotriton vittatus"		SPECIES	"Ommatotriton vittatus (Gray, 1835)"	"Triturus vittatus"		IL			PRESENT	1	4f160e00-329d-11d9-8439-b8a03c50a862	31.861571	34.935449	0.71						2023-03-07	7	3	2023	2431811	2431811	HUMAN_OBSERVATION	INPA		4394808				CC_BY_NC_4_0					2026-06-11T22:34:19.168Z		
5002240880	6c8d87be-829d-4364-b2bc-578258761cc2	INPA-1696773	Animalia	Chordata	Amphibia	Caudata	Salamandridae	Ommatotriton	"Ommatotriton vittatus"		SPECIES	"Ommatotriton vittatus (Gray, 1835)"	"Triturus vittatus"		IL			PRESENT	1	4f160e00-329d-11d9-8439-b8a03c50a862	31.816598	34.998949	0.71						2019-03-11	11	3	2019	2431811	2431811	HUMAN_OBSERVATION	INPA		1696773				CC_BY_NC_4_0					2026-06-11T22:34:44.627Z		
5002298085	6c8d87be-829d-4364-b2bc-578258761cc2	INPA-1743522	Animalia	Chordata	Amphibia	Caudata	Salamandridae	Ommatotriton	"Ommatotriton vittatus"		SPECIES	"Ommatotriton vittatus (Gray, 1835)"	"Triturus vittatus"		IL			PRESENT	1	4f160e00-329d-11d9-8439-b8a03c50a862	32.637349	35.114322	0.71						2019-04-18	18	4	2019	2431811	2431811	HUMAN_OBSERVATION	INPA		1743522				CC_BY_NC_4_0					2026-06-11T22:34:20.635Z		
5001547239	6c8d87be-829d-4364-b2bc-578258761cc2	INPA-243637	Animalia	Chordata	Amphibia	Caudata	Salamandridae	Ommatotriton	"Ommatotriton vittatus"		SPECIES	"Ommatotriton vittatus (Gray, 1835)"	"Triturus vittatus"		IL			PRESENT	1	4f160e00-329d-11d9-8439-b8a03c50a862	32.592122	34.997196	0.71						1981-01-29	29	1	1981	2431811	2431811	HUMAN_OBSERVATION	INPA		243637				CC_BY_NC_4_0					2026-06-11T22:34:10.296Z		
5001908002	6c8d87be-829d-4364-b2bc-578258761cc2	INPA-728511	Animalia	Chordata	Amphibia	Caudata	Salamandridae	Ommatotriton	"Ommatotriton vittatus"		SPECIES	"Ommatotriton vittatus (Gray, 1835)"	"Triturus vittatus"		IL			PRESENT	1	4f160e00-329d-11d9-8439-b8a03c50a862	32.041976	34.956098	0.71						2015-02-22	22	2	2015	2431811	2431811	HUMAN_OBSERVATION	INPA		728511				CC_BY_NC_4_0					2026-06-11T22:34:43.753Z		
5002654148	6c8d87be-829d-4364-b2bc-578258761cc2	INPA-4261902	Animalia	Chordata	Amphibia	Caudata	Salamandridae	Ommatotriton	"Ommatotriton vittatus"		SPECIES	"Ommatotriton vittatus (Gray, 1835)"	"Triturus vittatus"		IL			PRESENT	1	4f160e00-329d-11d9-8439-b8a03c50a862	32.176929	34.828497	0.71						2022-12-27	27	12	2022	2431811	2431811	HUMAN_OBSERVATION	INPA		4261902				CC_BY_NC_4_0					2026-06-11T22:34:52.685Z		
5002413391	6c8d87be-829d-4364-b2bc-578258761cc2	INPA-2032999	Animalia	Chordata	Amphibia	Caudata	Salamandridae	Ommatotriton	"Ommatotriton vittatus"		SPECIES	"Ommatotriton vittatus (Gray, 1835)"	"Triturus vittatus"		IL			PRESENT	1	4f160e00-329d-11d9-8439-b8a03c50a862	32.131774	34.807483	0.71						2020-03-23	23	3	2020	2431811	2431811	HUMAN_OBSERVATION	INPA		2032999				CC_BY_NC_4_0					2026-06-11T22:34:20.713Z		
6159758603	6c8d87be-829d-4364-b2bc-578258761cc2	INPA-5841455	Animalia	Chordata	Amphibia	Caudata	Salamandridae	Ommatotriton	"Ommatotriton vittatus"		SPECIES	"Ommatotriton vittatus (Gray, 1835)"	"Triturus vittatus"		IL			PRESENT	1	4f160e00-329d-11d9-8439-b8a03c50a862	32.763538	35.060835	0.71						2026-02-09	9	2	2026	2431811	2431811	HUMAN_OBSERVATION	INPA		5841455				CC_BY_NC_4_0					2026-06-11T22:34:36.356Z		
5001979516	6c8d87be-829d-4364-b2bc-578258761cc2	INPA-848513	Animalia	Chordata	Amphibia	Caudata	Salamandridae	Ommatotriton	"Ommatotriton vittatus"		SPECIES	"Ommatotriton vittatus (Gray, 1835)"	"Triturus vittatus"		IL			PRESENT	1	4f160e00-329d-11d9-8439-b8a03c50a862	31.699342	34.98866	0.71						2015-05-25	25	5	2015	2431811	2431811	HUMAN_OBSERVATION	INPA		848513				CC_BY_NC_4_0					2026-06-11T22:34:51.313Z		
6182171524	6c8d87be-829d-4364-b2bc-578258761cc2	INPA-5895674	Animalia	Chordata	Amphibia	Caudata	Salamandridae	Ommatotriton	"Ommatotriton vittatus"		SPECIES	"Ommatotriton vittatus (Gray, 1835)"	"Triturus vittatus"		IL			PRESENT	1	4f160e00-329d-11d9-8439-b8a03c50a862	31.563388	34.736183	0.71						2026-03-26	26	3	2026	2431811	2431811	HUMAN_OBSERVATION	INPA		5895674				CC_BY_NC_4_0					2026-06-11T22:35:11.738Z		
5001544081	6c8d87be-829d-4364-b2bc-578258761cc2	INPA-243507	Animalia	Chordata	Amphibia	Caudata	Salamandridae	Ommatotriton	"Ommatotriton vittatus"		SPECIES	"Ommatotriton vittatus (Gray, 1835)"	"Triturus vittatus"		IL			PRESENT	1	4f160e00-329d-11d9-8439-b8a03c50a862	32.122756	34.807522	0.71						1980-04-11	11	4	1980	2431811	2431811	HUMAN_OBSERVATION	INPA		243507				CC_BY_NC_4_0					2026-06-11T22:34:05.429Z		
5002155251	6c8d87be-829d-4364-b2bc-578258761cc2	INPA-1405124	Animalia	Chordata	Amphibia	Caudata	Salamandridae	Ommatotriton	"Ommatotriton vittatus"		SPECIES	"Ommatotriton vittatus (Gray, 1835)"	"Triturus vittatus"		IL			PRESENT	1	4f160e00-329d-11d9-8439-b8a03c50a862	32.59227	35.125019	0.71						2018-03-27	27	3	2018	2431811	2431811	HUMAN_OBSERVATION	INPA		1405124				CC_BY_NC_4_0					2026-06-11T22:34:12.531Z		
5003133277	6c8d87be-829d-4364-b2bc-578258761cc2	INPA-1391988	Animalia	Chordata	Amphibia	Caudata	Salamandridae	Ommatotriton	"Ommatotriton vittatus"		SPECIES	"Ommatotriton vittatus (Gray, 1835)"	"Triturus vittatus"		IL			PRESENT	1	4f160e00-329d-11d9-8439-b8a03c50a862	32.48395	35.018725	0.71						2018-03-07	7	3	2018	2431811	2431811	HUMAN_OBSERVATION	INPA		1391988				CC_BY_NC_4_0					2026-06-11T22:34:24.529Z		
5002681716	6c8d87be-829d-4364-b2bc-578258761cc2	INPA-4261868	Animalia	Chordata	Amphibia	Caudata	Salamandridae	Ommatotriton	"Ommatotriton vittatus"		SPECIES	"Ommatotriton vittatus (Gray, 1835)"	"Triturus vittatus"		IL			PRESENT	1	4f160e00-329d-11d9-8439-b8a03c50a862	32.167912	34.828534	0.71						2022-12-27	27	12	2022	2431811	2431811	HUMAN_OBSERVATION	INPA		4261868				CC_BY_NC_4_0					2026-06-11T22:35:09.440Z		
5001626456	6c8d87be-829d-4364-b2bc-578258761cc2	INPA-356851	Animalia	Chordata	Amphibia	Caudata	Salamandridae	Ommatotriton	"Ommatotriton vittatus"		SPECIES	"Ommatotriton vittatus (Gray, 1835)"	"Triturus vittatus"		IL			PRESENT	1	4f160e00-329d-11d9-8439-b8a03c50a862	32.861449	35.787168	0.71						1997-06-15	15	6	1997	2431811	2431811	HUMAN_OBSERVATION	INPA		356851				CC_BY_NC_4_0					2026-06-11T22:35:00.356Z		COUNTRY_COORDINATE_MISMATCH;SCIENTIFIC_NAME_AND_ID_INCONSISTENT
5001908094	6c8d87be-829d-4364-b2bc-578258761cc2	INPA-729783	Animalia	Chordata	Amphibia	Caudata	Salamandridae	Ommatotriton	"Ommatotriton vittatus"		SPECIES	"Ommatotriton vittatus (Gray, 1835)"	"Triturus vittatus"		IL			PRESENT	1	4f160e00-329d-11d9-8439-b8a03c50a862	31.816598	34.998949	0.71						2014-12-02	2	12	2014	2431811	2431811	HUMAN_OBSERVATION	INPA		729783				CC_BY_NC_4_0					2026-06-11T22:34:37.686Z		
5003193955	6c8d87be-829d-4364-b2bc-578258761cc2	INPA-2979844	Animalia	Chordata	Amphibia	Caudata	Salamandridae	Ommatotriton	"Ommatotriton vittatus"		SPECIES	"Ommatotriton vittatus (Gray, 1835)"	"Triturus vittatus"		IL			PRESENT	1	4f160e00-329d-11d9-8439-b8a03c50a862	31.654171	34.946591	0.71						2020-11-18	18	11	2020	2431811	2431811	HUMAN_OBSERVATION	INPA		2979844				CC_BY_NC_4_0					2026-06-11T22:35:00.058Z		
5003234494	6c8d87be-829d-4364-b2bc-578258761cc2	INPA-3907433	Animalia	Chordata	Amphibia	Caudata	Salamandridae	Ommatotriton	"Ommatotriton vittatus"		SPECIES	"Ommatotriton vittatus (Gray, 1835)"	"Triturus vittatus"		IL			PRESENT	1	4f160e00-329d-11d9-8439-b8a03c50a862	32.556072	35.007929	0.71						2022-05-27	27	5	2022	2431811	2431811	HUMAN_OBSERVATION	INPA		3907433				CC_BY_NC_4_0					2026-06-11T22:35:15.234Z		
5002064241	6c8d87be-829d-4364-b2bc-578258761cc2	INPA-1255025	Animalia	Chordata	Amphibia	Caudata	Salamandridae	Ommatotriton	"Ommatotriton vittatus"		SPECIES	"Ommatotriton vittatus (Gray, 1835)"	"Triturus vittatus"		IL			PRESENT	1	4f160e00-329d-11d9-8439-b8a03c50a862	32.736446	35.028872	0.71						2015-04-14	14	4	2015	2431811	2431811	HUMAN_OBSERVATION	INPA		1255025				CC_BY_NC_4_0					2026-06-11T22:34:15.092Z		
5001900482	6c8d87be-829d-4364-b2bc-578258761cc2	INPA-742346	Animalia	Chordata	Amphibia	Caudata	Salamandridae	Ommatotriton	"Ommatotriton vittatus"		SPECIES	"Ommatotriton vittatus (Gray, 1835)"	"Triturus vittatus"		IL			PRESENT	1	4f160e00-329d-11d9-8439-b8a03c50a862	31.636175	34.967723	0.71						2013-04-07	7	4	2013	2431811	2431811	HUMAN_OBSERVATION	INPA		742346				CC_BY_NC_4_0					2026-06-11T22:34:38.377Z		
5002348130	6c8d87be-829d-4364-b2bc-578258761cc2	INPA-1991184	Animalia	Chordata	Amphibia	Caudata	Salamandridae	Ommatotriton	"Ommatotriton vittatus"		SPECIES	"Ommatotriton vittatus (Gray, 1835)"	"Triturus vittatus"		IL			PRESENT	1	4f160e00-329d-11d9-8439-b8a03c50a862	32.131774	34.807483	0.71						2020-02-06	6	2	2020	2431811	2431811	HUMAN_OBSERVATION	INPA		1991184				CC_BY_NC_4_0					2026-06-11T22:34:43.479Z		
5002366743	6c8d87be-829d-4364-b2bc-578258761cc2	INPA-2005162	Animalia	Chordata	Amphibia	Caudata	Salamandridae	Ommatotriton	"Ommatotriton vittatus"		SPECIES	"Ommatotriton vittatus (Gray, 1835)"	"Triturus vittatus"		IL			PRESENT	1	4f160e00-329d-11d9-8439-b8a03c50a862	32.131807	34.818081	0.71						2020-02-26	26	2	2020	2431811	2431811	HUMAN_OBSERVATION	INPA		2005162				CC_BY_NC_4_0					2026-06-11T22:34:43.733Z		
5002680724	6c8d87be-829d-4364-b2bc-578258761cc2	INPA-4336083	Animalia	Chordata	Amphibia	Caudata	Salamandridae	Ommatotriton	"Ommatotriton vittatus"		SPECIES	"Ommatotriton vittatus (Gray, 1835)"	"Triturus vittatus"		IL			PRESENT	1	4f160e00-329d-11d9-8439-b8a03c50a862	32.59227	35.125019	0.71						2023-01-20	20	1	2023	2431811	2431811	HUMAN_OBSERVATION	INPA		4336083				CC_BY_NC_4_0					2026-06-11T22:35:10.172Z		
5002973949	6c8d87be-829d-4364-b2bc-578258761cc2	INPA-4847814	Animalia	Chordata	Amphibia	Caudata	Salamandridae	Ommatotriton	"Ommatotriton vittatus"		SPECIES	"Ommatotriton vittatus (Gray, 1835)"	"Triturus vittatus"		IL			PRESENT	1	4f160e00-329d-11d9-8439-b8a03c50a862	32.601253	35.0824	0.71						2024-04-02	2	4	2024	2431811	2431811	HUMAN_OBSERVATION	INPA		4847814				CC_BY_NC_4_0					2026-06-11T22:35:12.785Z		
5157056533	6c8d87be-829d-4364-b2bc-578258761cc2	INPA-5303052	Animalia	Chordata	Amphibia	Caudata	Salamandridae	Ommatotriton	"Ommatotriton vittatus"		SPECIES	"Ommatotriton vittatus (Gray, 1835)"	"Triturus vittatus"		IL			PRESENT	1	4f160e00-329d-11d9-8439-b8a03c50a862	32.538142	35.09313	0.71						2025-04-11	11	4	2025	2431811	2431811	HUMAN_OBSERVATION	INPA		5303052				CC_BY_NC_4_0					2026-06-11T22:34:32.546Z		
5001534667	6c8d87be-829d-4364-b2bc-578258761cc2	INPA-243549	Animalia	Chordata	Amphibia	Caudata	Salamandridae	Ommatotriton	"Ommatotriton vittatus"		SPECIES	"Ommatotriton vittatus (Gray, 1835)"	"Triturus vittatus"		IL			PRESENT	1	4f160e00-329d-11d9-8439-b8a03c50a862	32.059945	34.924281	0.71						1980-03-09	9	3	1980	2431811	2431811	HUMAN_OBSERVATION	INPA		243549				CC_BY_NC_4_0					2026-06-11T22:34:10.367Z		
5001544075	6c8d87be-829d-4364-b2bc-578258761cc2	INPA-243444	Animalia	Chordata	Amphibia	Caudata	Salamandridae	Ommatotriton	"Ommatotriton vittatus"		SPECIES	"Ommatotriton vittatus (Gray, 1835)"	"Triturus vittatus"		IL			PRESENT	1	4f160e00-329d-11d9-8439-b8a03c50a862	32.33947	34.912801	0.71						1980-03-08	8	3	1980	2431811	2431811	HUMAN_OBSERVATION	INPA		243444				CC_BY_NC_4_0					2026-06-11T22:34:41.466Z		
5001552412	6c8d87be-829d-4364-b2bc-578258761cc2	INPA-243518	Animalia	Chordata	Amphibia	Caudata	Salamandridae	Ommatotriton	"Ommatotriton vittatus"		SPECIES	"Ommatotriton vittatus (Gray, 1835)"	"Triturus vittatus"		IL			PRESENT	1	4f160e00-329d-11d9-8439-b8a03c50a862	32.122756	34.807522	0.71						1980-03-23	23	3	1980	2431811	2431811	HUMAN_OBSERVATION	INPA		243518				CC_BY_NC_4_0					2026-06-11T22:34:41.550Z		
5002859800	6c8d87be-829d-4364-b2bc-578258761cc2	INPA-4904325	Animalia	Chordata	Amphibia	Caudata	Salamandridae	Ommatotriton	"Ommatotriton vittatus"		SPECIES	"Ommatotriton vittatus (Gray, 1835)"	"Triturus vittatus"		IL			PRESENT	1	4f160e00-329d-11d9-8439-b8a03c50a862	32.961834	35.402781	0.71						2024-05-19	19	5	2024	2431811	2431811	HUMAN_OBSERVATION	INPA		4904325				CC_BY_NC_4_0					2026-06-11T22:34:56.865Z		
5002392144	6c8d87be-829d-4364-b2bc-578258761cc2	INPA-1999275	Animalia	Chordata	Amphibia	Caudata	Salamandridae	Ommatotriton	"Ommatotriton vittatus"		SPECIES	"Ommatotriton vittatus (Gray, 1835)"	"Triturus vittatus"		IL			PRESENT	1	4f160e00-329d-11d9-8439-b8a03c50a862	32.140794	34.807447	0.71						2020-02-17	17	2	2020	2431811	2431811	HUMAN_OBSERVATION	INPA		1999275				CC_BY_NC_4_0					2026-06-11T22:34:15.140Z		
5003082019	6c8d87be-829d-4364-b2bc-578258761cc2	INPA-723691	Animalia	Chordata	Amphibia	Caudata	Salamandridae	Ommatotriton	"Ommatotriton vittatus"		SPECIES	"Ommatotriton vittatus (Gray, 1835)"	"Triturus vittatus"		IL			PRESENT	1	4f160e00-329d-11d9-8439-b8a03c50a862	32.628242	35.029084	0.71						2008-03-19	19	3	2008	2431811	2431811	HUMAN_OBSERVATION	INPA		723691				CC_BY_NC_4_0					2026-06-11T22:34:50.715Z		
5003083392	6c8d87be-829d-4364-b2bc-578258761cc2	INPA-728821	Animalia	Chordata	Amphibia	Caudata	Salamandridae	Ommatotriton	"Ommatotriton vittatus"		SPECIES	"Ommatotriton vittatus (Gray, 1835)"	"Triturus vittatus"		IL			PRESENT	1	4f160e00-329d-11d9-8439-b8a03c50a862	31.825599	34.988367	0.71						2015-02-01	1	2	2015	2431811	2431811	HUMAN_OBSERVATION	INPA		728821				CC_BY_NC_4_0					2026-06-11T22:34:50.779Z		
5934830330	6c8d87be-829d-4364-b2bc-578258761cc2	INPA-5772959	Animalia	Chordata	Amphibia	Caudata	Salamandridae	Ommatotriton	"Ommatotriton vittatus"		SPECIES	"Ommatotriton vittatus (Gray, 1835)"	"Triturus vittatus"		IL			PRESENT	1	4f160e00-329d-11d9-8439-b8a03c50a862	32.176929	34.828497	0.71						2025-12-23	23	12	2025	2431811	2431811	HUMAN_OBSERVATION	INPA		5772959				CC_BY_NC_4_0					2026-06-11T22:34:56.542Z		
5002580173	6c8d87be-829d-4364-b2bc-578258761cc2	INPA-3763105	Animalia	Chordata	Amphibia	Caudata	Salamandridae	Ommatotriton	"Ommatotriton vittatus"		SPECIES	"Ommatotriton vittatus (Gray, 1835)"	"Triturus vittatus"		IL			PRESENT	1	4f160e00-329d-11d9-8439-b8a03c50a862	32.131774	34.807483	0.71						2022-03-30	30	3	2022	2431811	2431811	HUMAN_OBSERVATION	INPA		3763105				CC_BY_NC_4_0					2026-06-11T22:35:10.395Z		
5002689090	6c8d87be-829d-4364-b2bc-578258761cc2	INPA-4439727	Animalia	Chordata	Amphibia	Caudata	Salamandridae	Ommatotriton	"Ommatotriton vittatus"		SPECIES	"Ommatotriton vittatus (Gray, 1835)"	"Triturus vittatus"		IL			PRESENT	1	4f160e00-329d-11d9-8439-b8a03c50a862	32.583229	35.093075	0.71						2023-04-01	1	4	2023	2431811	2431811	HUMAN_OBSERVATION	INPA		4439727				CC_BY_NC_4_0					2026-06-11T22:35:11.544Z		
5002730870	6c8d87be-829d-4364-b2bc-578258761cc2	INPA-4398520	Animalia	Chordata	Amphibia	Caudata	Salamandridae	Ommatotriton	"Ommatotriton vittatus"		SPECIES	"Ommatotriton vittatus (Gray, 1835)"	"Triturus vittatus"		IL			PRESENT	1	4f160e00-329d-11d9-8439-b8a03c50a862	32.951406	35.830535	0.71						2023-03-09	9	3	2023	2431811	2431811	HUMAN_OBSERVATION	INPA		4398520				CC_BY_NC_4_0					2026-06-11T22:35:11.885Z		COUNTRY_COORDINATE_MISMATCH;SCIENTIFIC_NAME_AND_ID_INCONSISTENT
5002901945	6c8d87be-829d-4364-b2bc-578258761cc2	INPA-4828855	Animalia	Chordata	Amphibia	Caudata	Salamandridae	Ommatotriton	"Ommatotriton vittatus"		SPECIES	"Ommatotriton vittatus (Gray, 1835)"	"Triturus vittatus"		IL			PRESENT	1	4f160e00-329d-11d9-8439-b8a03c50a862	32.104904	34.871167	0.71						2024-03-21	21	3	2024	2431811	2431811	HUMAN_OBSERVATION	INPA		4828855				CC_BY_NC_4_0					2026-06-11T22:35:13.776Z		
5003007931	6c8d87be-829d-4364-b2bc-578258761cc2	INPA-243517	Animalia	Chordata	Amphibia	Caudata	Salamandridae	Ommatotriton	"Ommatotriton vittatus"		SPECIES	"Ommatotriton vittatus (Gray, 1835)"	"Triturus vittatus"		IL			PRESENT	1	4f160e00-329d-11d9-8439-b8a03c50a862	32.122756	34.807522	0.71						1980-02-20	20	2	1980	2431811	2431811	HUMAN_OBSERVATION	INPA		243517				CC_BY_NC_4_0					2026-06-11T22:35:14.714Z		
5001900570	6c8d87be-829d-4364-b2bc-578258761cc2	INPA-743534	Animalia	Chordata	Amphibia	Caudata	Salamandridae	Ommatotriton	"Ommatotriton vittatus"		SPECIES	"Ommatotriton vittatus (Gray, 1835)"	"Triturus vittatus"		IL			PRESENT	1	4f160e00-329d-11d9-8439-b8a03c50a862	32.916362	35.573724	0.71						2013-02-12	12	2	2013	2431811	2431811	HUMAN_OBSERVATION	INPA		743534				CC_BY_NC_4_0					2026-06-11T22:34:12.488Z		
5002074781	6c8d87be-829d-4364-b2bc-578258761cc2	INPA-1205241	Animalia	Chordata	Amphibia	Caudata	Salamandridae	Ommatotriton	"Ommatotriton vittatus"		SPECIES	"Ommatotriton vittatus (Gray, 1835)"	"Triturus vittatus"		IL			PRESENT	1	4f160e00-329d-11d9-8439-b8a03c50a862	31.725512	34.682614	0.71						2015-04-05	5	4	2015	2431811	2431811	HUMAN_OBSERVATION	INPA		1205241				CC_BY_NC_4_0					2026-06-11T22:34:14.923Z		
5002106367	6c8d87be-829d-4364-b2bc-578258761cc2	INPA-1198142	Animalia	Chordata	Amphibia	Caudata	Salamandridae	Ommatotriton	"Ommatotriton vittatus"		SPECIES	"Ommatotriton vittatus (Gray, 1835)"	"Triturus vittatus"		IL			PRESENT	1	4f160e00-329d-11d9-8439-b8a03c50a862	33.024851	35.456435	0.71						2017-04-26	26	4	2017	2431811	2431811	HUMAN_OBSERVATION	INPA		1198142				CC_BY_NC_4_0					2026-06-11T22:34:15.428Z		
5001745513	6c8d87be-829d-4364-b2bc-578258761cc2	INPA-504675	Animalia	Chordata	Amphibia	Caudata	Salamandridae	Ommatotriton	"Ommatotriton vittatus"		SPECIES	"Ommatotriton vittatus (Gray, 1835)"	"Triturus vittatus"		IL			PRESENT	1	4f160e00-329d-11d9-8439-b8a03c50a862	31.816581	34.988388	0.71						1997-04-24	24	4	1997	2431811	2431811	HUMAN_OBSERVATION	INPA		504675				CC_BY_NC_4_0					2026-06-11T22:34:07.774Z		
5002101396	6c8d87be-829d-4364-b2bc-578258761cc2	INPA-1207833	Animalia	Chordata	Amphibia	Caudata	Salamandridae	Ommatotriton	"Ommatotriton vittatus"		SPECIES	"Ommatotriton vittatus (Gray, 1835)"	"Triturus vittatus"		IL			PRESENT	1	4f160e00-329d-11d9-8439-b8a03c50a862	32.709345	35.412886	0.71						2017-04-24	24	4	2017	2431811	2431811	HUMAN_OBSERVATION	INPA		1207833				CC_BY_NC_4_0					2026-06-11T22:34:47.600Z		
5002347975	6c8d87be-829d-4364-b2bc-578258761cc2	INPA-1985196	Animalia	Chordata	Amphibia	Caudata	Salamandridae	Ommatotriton	"Ommatotriton vittatus"		SPECIES	"Ommatotriton vittatus (Gray, 1835)"	"Triturus vittatus"		IL			PRESENT	1	4f160e00-329d-11d9-8439-b8a03c50a862	31.816598	34.998949	0.71						2020-01-29	29	1	2020	2431811	2431811	HUMAN_OBSERVATION	INPA		1985196				CC_BY_NC_4_0					2026-06-11T22:34:50.263Z		
5002348394	6c8d87be-829d-4364-b2bc-578258761cc2	INPA-2033051	Animalia	Chordata	Amphibia	Caudata	Salamandridae	Ommatotriton	"Ommatotriton vittatus"		SPECIES	"Ommatotriton vittatus (Gray, 1835)"	"Triturus vittatus"		IL			PRESENT	1	4f160e00-329d-11d9-8439-b8a03c50a862	32.140827	34.818046	0.71						2020-03-23	23	3	2020	2431811	2431811	HUMAN_OBSERVATION	INPA		2033051				CC_BY_NC_4_0					2026-06-11T22:34:50.271Z		
5001633648	6c8d87be-829d-4364-b2bc-578258761cc2	INPA-357327	Animalia	Chordata	Amphibia	Caudata	Salamandridae	Ommatotriton	"Ommatotriton vittatus"		SPECIES	"Ommatotriton vittatus (Gray, 1835)"	"Triturus vittatus"		IL			PRESENT	1	4f160e00-329d-11d9-8439-b8a03c50a862	32.861449	35.787168	0.71						1997-06-15	15	6	1997	2431811	2431811	HUMAN_OBSERVATION	INPA		357327				CC_BY_NC_4_0					2026-06-11T22:34:06.877Z		COUNTRY_COORDINATE_MISMATCH;SCIENTIFIC_NAME_AND_ID_INCONSISTENT
5002240882	6c8d87be-829d-4364-b2bc-578258761cc2	INPA-1696803	Animalia	Chordata	Amphibia	Caudata	Salamandridae	Ommatotriton	"Ommatotriton vittatus"		SPECIES	"Ommatotriton vittatus (Gray, 1835)"	"Triturus vittatus"		IL			PRESENT	1	4f160e00-329d-11d9-8439-b8a03c50a862	31.816598	34.998949	0.71						2019-03-11	11	3	2019	2431811	2431811	HUMAN_OBSERVATION	INPA		1696803				CC_BY_NC_4_0					2026-06-11T22:34:13.090Z		
5002512995	6c8d87be-829d-4364-b2bc-578258761cc2	INPA-2979863	Animalia	Chordata	Amphibia	Caudata	Salamandridae	Ommatotriton	"Ommatotriton vittatus"		SPECIES	"Ommatotriton vittatus (Gray, 1835)"	"Triturus vittatus"		IL			PRESENT	1	4f160e00-329d-11d9-8439-b8a03c50a862	31.654171	34.946591	0.71						2020-11-18	18	11	2020	2431811	2431811	HUMAN_OBSERVATION	INPA		2979863				CC_BY_NC_4_0					2026-06-11T22:34:16.490Z		
5003154212	6c8d87be-829d-4364-b2bc-578258761cc2	INPA-1731670	Animalia	Chordata	Amphibia	Caudata	Salamandridae	Ommatotriton	"Ommatotriton vittatus"		SPECIES	"Ommatotriton vittatus (Gray, 1835)"	"Triturus vittatus"		IL			PRESENT	1	4f160e00-329d-11d9-8439-b8a03c50a862	32.23137	34.966194	0.71						2019-04-07	7	4	2019	2431811	2431811	HUMAN_OBSERVATION	INPA		1731670				CC_BY_NC_4_0					2026-06-11T22:34:24.725Z		
5003156204	6c8d87be-829d-4364-b2bc-578258761cc2	INPA-1762218	Animalia	Chordata	Amphibia	Caudata	Salamandridae	Ommatotriton	"Ommatotriton vittatus"		SPECIES	"Ommatotriton vittatus (Gray, 1835)"	"Triturus vittatus"		IL			PRESENT	1	4f160e00-329d-11d9-8439-b8a03c50a862	31.825599	34.988367	0.71						2019-05-16	16	5	2019	2431811	2431811	HUMAN_OBSERVATION	INPA		1762218				CC_BY_NC_4_0					2026-06-11T22:34:24.741Z		
5001529139	6c8d87be-829d-4364-b2bc-578258761cc2	INPA-243506	Animalia	Chordata	Amphibia	Caudata	Salamandridae	Ommatotriton	"Ommatotriton vittatus"		SPECIES	"Ommatotriton vittatus (Gray, 1835)"	"Triturus vittatus"		IL			PRESENT	1	4f160e00-329d-11d9-8439-b8a03c50a862	32.122756	34.807522	0.71						1980-03-20	20	3	1980	2431811	2431811	HUMAN_OBSERVATION	INPA		243506				CC_BY_NC_4_0					2026-06-11T22:34:35.161Z		
5002247463	6c8d87be-829d-4364-b2bc-578258761cc2	INPA-1696841	Animalia	Chordata	Amphibia	Caudata	Salamandridae	Ommatotriton	"Ommatotriton vittatus"		SPECIES	"Ommatotriton vittatus (Gray, 1835)"	"Triturus vittatus"		IL			PRESENT	1	4f160e00-329d-11d9-8439-b8a03c50a862	31.816598	34.998949	0.71						2019-03-11	11	3	2019	2431811	2431811	HUMAN_OBSERVATION	INPA		1696841				CC_BY_NC_4_0					2026-06-11T22:34:41.547Z		
5001965998	6c8d87be-829d-4364-b2bc-578258761cc2	INPA-983658	Animalia	Chordata	Amphibia	Caudata	Salamandridae	Ommatotriton	"Ommatotriton vittatus"		SPECIES	"Ommatotriton vittatus (Gray, 1835)"	"Triturus vittatus"		IL			PRESENT	1	4f160e00-329d-11d9-8439-b8a03c50a862	32.610219	35.039769	0.71						2016-03-11	11	3	2016	2431811	2431811	HUMAN_OBSERVATION	INPA		983658				CC_BY_NC_4_0					2026-06-11T22:34:45.517Z		
5003011131	6c8d87be-829d-4364-b2bc-578258761cc2	INPA-259282	Animalia	Chordata	Amphibia	Caudata	Salamandridae	Ommatotriton	"Ommatotriton vittatus"		SPECIES	"Ommatotriton vittatus (Gray, 1835)"	"Triturus vittatus"		IL			PRESENT	1	4f160e00-329d-11d9-8439-b8a03c50a862	32.032478	34.776156	0.71						1988-04-10	10	4	1988	2431811	2431811	HUMAN_OBSERVATION	INPA		259282				CC_BY_NC_4_0					2026-06-11T22:34:28.959Z		
5002333924	6c8d87be-829d-4364-b2bc-578258761cc2	INPA-1972444	Animalia	Chordata	Amphibia	Caudata	Salamandridae	Ommatotriton	"Ommatotriton vittatus"		SPECIES	"Ommatotriton vittatus (Gray, 1835)"	"Triturus vittatus"		IL			PRESENT	1	4f160e00-329d-11d9-8439-b8a03c50a862	31.816598	34.998949	0.71						2020-01-12	12	1	2020	2431811	2431811	HUMAN_OBSERVATION	INPA		1972444				CC_BY_NC_4_0					2026-06-11T22:35:07.078Z		
5003179517	6c8d87be-829d-4364-b2bc-578258761cc2	INPA-2072950	Animalia	Chordata	Amphibia	Caudata	Salamandridae	Ommatotriton	"Ommatotriton vittatus"		SPECIES	"Ommatotriton vittatus (Gray, 1835)"	"Triturus vittatus"		IL			PRESENT	1	4f160e00-329d-11d9-8439-b8a03c50a862	32.59227	35.125019	0.71						2020-04-30	30	4	2020	2431811	2431811	HUMAN_OBSERVATION	INPA		2072950				CC_BY_NC_4_0					2026-06-11T22:35:15.144Z		
5157156457	6c8d87be-829d-4364-b2bc-578258761cc2	INPA-5303111	Animalia	Chordata	Amphibia	Caudata	Salamandridae	Ommatotriton	"Ommatotriton vittatus"		SPECIES	"Ommatotriton vittatus (Gray, 1835)"	"Triturus vittatus"		IL			PRESENT	1	4f160e00-329d-11d9-8439-b8a03c50a862	32.538142	35.09313	0.71						2025-04-11	11	4	2025	2431811	2431811	HUMAN_OBSERVATION	INPA		5303111				CC_BY_NC_4_0					2026-06-11T22:34:59.981Z		
5002388667	6c8d87be-829d-4364-b2bc-578258761cc2	INPA-2051848	Animalia	Chordata	Amphibia	Caudata	Salamandridae	Ommatotriton	"Ommatotriton vittatus"		SPECIES	"Ommatotriton vittatus (Gray, 1835)"	"Triturus vittatus"		IL			PRESENT	1	4f160e00-329d-11d9-8439-b8a03c50a862	31.563964	34.936307	0.71						2020-04-12	12	4	2020	2431811	2431811	HUMAN_OBSERVATION	INPA		2051848				CC_BY_NC_4_0					2026-06-11T22:34:47.508Z		
5003196966	6c8d87be-829d-4364-b2bc-578258761cc2	INPA-3017057	Animalia	Chordata	Amphibia	Caudata	Salamandridae	Ommatotriton	"Ommatotriton vittatus"		SPECIES	"Ommatotriton vittatus (Gray, 1835)"	"Triturus vittatus"		IL			PRESENT	1	4f160e00-329d-11d9-8439-b8a03c50a862	32.122756	34.807522	0.71						2020-12-17	17	12	2020	2431811	2431811	HUMAN_OBSERVATION	INPA		3017057				CC_BY_NC_4_0					2026-06-11T22:35:17.051Z		
5002238511	6c8d87be-829d-4364-b2bc-578258761cc2	INPA-1737227	Animalia	Chordata	Amphibia	Caudata	Salamandridae	Ommatotriton	"Ommatotriton vittatus"		SPECIES	"Ommatotriton vittatus (Gray, 1835)"	"Triturus vittatus"		IL			PRESENT	1	4f160e00-329d-11d9-8439-b8a03c50a862	32.610219	35.039769	0.71						2019-04-12	12	4	2019	2431811	2431811	HUMAN_OBSERVATION	INPA		1737227				CC_BY_NC_4_0					2026-06-11T22:34:13.777Z		
5001749701	6c8d87be-829d-4364-b2bc-578258761cc2	INPA-501371	Animalia	Chordata	Amphibia	Caudata	Salamandridae	Ommatotriton	"Ommatotriton vittatus"		SPECIES	"Ommatotriton vittatus (Gray, 1835)"	"Triturus vittatus"		IL			PRESENT	1	4f160e00-329d-11d9-8439-b8a03c50a862	32.861449	35.787168	0.71						1997-06-15	15	6	1997	2431811	2431811	HUMAN_OBSERVATION	INPA		501371				CC_BY_NC_4_0					2026-06-11T22:35:01.239Z		COUNTRY_COORDINATE_MISMATCH;SCIENTIFIC_NAME_AND_ID_INCONSISTENT
5001932785	6c8d87be-829d-4364-b2bc-578258761cc2	INPA-748402	Animalia	Chordata	Amphibia	Caudata	Salamandridae	Ommatotriton	"Ommatotriton vittatus"		SPECIES	"Ommatotriton vittatus (Gray, 1835)"	"Triturus vittatus"		IL			PRESENT	1	4f160e00-329d-11d9-8439-b8a03c50a862	32.906723	35.744708	0.71						2012-05-09	9	5	2012	2431811	2431811	HUMAN_OBSERVATION	INPA		748402				CC_BY_NC_4_0					2026-06-11T22:35:02.781Z		COUNTRY_COORDINATE_MISMATCH;SCIENTIFIC_NAME_AND_ID_INCONSISTENT
5002222167	6c8d87be-829d-4364-b2bc-578258761cc2	INPA-1589262	Animalia	Chordata	Amphibia	Caudata	Salamandridae	Ommatotriton	"Ommatotriton vittatus"		SPECIES	"Ommatotriton vittatus (Gray, 1835)"	"Triturus vittatus"		IL			PRESENT	1	4f160e00-329d-11d9-8439-b8a03c50a862	32.538038	35.007968	0.71						2019-01-12	12	1	2019	2431811	2431811	HUMAN_OBSERVATION	INPA		1589262				CC_BY_NC_4_0					2026-06-11T22:35:05.728Z		
5002268920	6c8d87be-829d-4364-b2bc-578258761cc2	INPA-1814447	Animalia	Chordata	Amphibia	Caudata	Salamandridae	Ommatotriton	"Ommatotriton vittatus"		SPECIES	"Ommatotriton vittatus (Gray, 1835)"	"Triturus vittatus"		IL			PRESENT	1	4f160e00-329d-11d9-8439-b8a03c50a862	31.816598	34.998949	0.71						2019-06-30	30	6	2019	2431811	2431811	HUMAN_OBSERVATION	INPA		1814447				CC_BY_NC_4_0					2026-06-11T22:35:06.104Z		
5002952862	6c8d87be-829d-4364-b2bc-578258761cc2	INPA-4851419	Animalia	Chordata	Amphibia	Caudata	Salamandridae	Ommatotriton	"Ommatotriton vittatus"		SPECIES	"Ommatotriton vittatus (Gray, 1835)"	"Triturus vittatus"		IL			PRESENT	1	4f160e00-329d-11d9-8439-b8a03c50a862	32.556072	35.007929	0.71						2024-04-04	4	4	2024	2431811	2431811	HUMAN_OBSERVATION	INPA		4851419				CC_BY_NC_4_0					2026-06-11T22:35:12.741Z		
5002064243	6c8d87be-829d-4364-b2bc-578258761cc2	INPA-1255061	Animalia	Chordata	Amphibia	Caudata	Salamandridae	Ommatotriton	"Ommatotriton vittatus"		SPECIES	"Ommatotriton vittatus (Gray, 1835)"	"Triturus vittatus"		IL			PRESENT	1	4f160e00-329d-11d9-8439-b8a03c50a862	32.718524	35.156904	0.71						2015-03-10	10	3	2015	2431811	2431811	HUMAN_OBSERVATION	INPA		1255061				CC_BY_NC_4_0					2026-06-11T22:34:16.191Z		
5002409164	6c8d87be-829d-4364-b2bc-578258761cc2	INPA-1990634	Animalia	Chordata	Amphibia	Caudata	Salamandridae	Ommatotriton	"Ommatotriton vittatus"		SPECIES	"Ommatotriton vittatus (Gray, 1835)"	"Triturus vittatus"		IL			PRESENT	1	4f160e00-329d-11d9-8439-b8a03c50a862	32.140827	34.818046	0.71						2020-02-05	5	2	2020	2431811	2431811	HUMAN_OBSERVATION	INPA		1990634				CC_BY_NC_4_0					2026-06-11T22:34:20.348Z		
5002360350	6c8d87be-829d-4364-b2bc-578258761cc2	INPA-2043824	Animalia	Chordata	Amphibia	Caudata	Salamandridae	Ommatotriton	"Ommatotriton vittatus"		SPECIES	"Ommatotriton vittatus (Gray, 1835)"	"Triturus vittatus"		IL			PRESENT	1	4f160e00-329d-11d9-8439-b8a03c50a862	32.131774	34.807483	0.71						2020-04-02	2	4	2020	2431811	2431811	HUMAN_OBSERVATION	INPA		2043824				CC_BY_NC_4_0					2026-06-11T22:34:15.529Z		
5002255297	6c8d87be-829d-4364-b2bc-578258761cc2	INPA-1761310	Animalia	Chordata	Amphibia	Caudata	Salamandridae	Ommatotriton	"Ommatotriton vittatus"		SPECIES	"Ommatotriton vittatus (Gray, 1835)"	"Triturus vittatus"		IL			PRESENT	1	4f160e00-329d-11d9-8439-b8a03c50a862	31.816598	34.998949	0.71						2019-05-14	14	5	2019	2431811	2431811	HUMAN_OBSERVATION	INPA		1761310				CC_BY_NC_4_0					2026-06-11T22:34:54.972Z		
5001943961	6c8d87be-829d-4364-b2bc-578258761cc2	INPA-760785	Animalia	Chordata	Amphibia	Caudata	Salamandridae	Ommatotriton	"Ommatotriton vittatus"		SPECIES	"Ommatotriton vittatus (Gray, 1835)"	"Triturus vittatus"		IL			PRESENT	1	4f160e00-329d-11d9-8439-b8a03c50a862	33.051982	35.413689	0.71						2010-12-24	24	12	2010	2431811	2431811	HUMAN_OBSERVATION	INPA		760785				CC_BY_NC_4_0					2026-06-11T22:34:10.076Z		
5002726884	6c8d87be-829d-4364-b2bc-578258761cc2	INPA-4536651	Animalia	Chordata	Amphibia	Caudata	Salamandridae	Ommatotriton	"Ommatotriton vittatus"		SPECIES	"Ommatotriton vittatus (Gray, 1835)"	"Triturus vittatus"		IL			PRESENT	1	4f160e00-329d-11d9-8439-b8a03c50a862	33.033801	35.488577	0.71						2023-05-21	21	5	2023	2431811	2431811	HUMAN_OBSERVATION	INPA		4536651				CC_BY_NC_4_0					2026-06-11T22:34:19.625Z		
5001552425	6c8d87be-829d-4364-b2bc-578258761cc2	INPA-243686	Animalia	Chordata	Amphibia	Caudata	Salamandridae	Ommatotriton	"Ommatotriton vittatus"		SPECIES	"Ommatotriton vittatus (Gray, 1835)"	"Triturus vittatus"		IL			PRESENT	1	4f160e00-329d-11d9-8439-b8a03c50a862	32.041496	34.776115	0.71						1987-03-26	26	3	1987	2431811	2431811	HUMAN_OBSERVATION	INPA		243686				CC_BY_NC_4_0					2026-06-11T22:34:38.971Z		
5002848339	6c8d87be-829d-4364-b2bc-578258761cc2	INPA-4861184	Animalia	Chordata	Amphibia	Caudata	Salamandridae	Ommatotriton	"Ommatotriton vittatus"		SPECIES	"Ommatotriton vittatus (Gray, 1835)"	"Triturus vittatus"		IL			PRESENT	1	4f160e00-329d-11d9-8439-b8a03c50a862	32.041976	34.956098	0.71						2024-04-13	13	4	2024	2431811	2431811	HUMAN_OBSERVATION	INPA		4861184				CC_BY_NC_4_0					2026-06-11T22:34:24.530Z		
5003233949	6c8d87be-829d-4364-b2bc-578258761cc2	INPA-3935050	Animalia	Chordata	Amphibia	Caudata	Salamandridae	Ommatotriton	"Ommatotriton vittatus"		SPECIES	"Ommatotriton vittatus (Gray, 1835)"	"Triturus vittatus"		IL			PRESENT	1	4f160e00-329d-11d9-8439-b8a03c50a862	32.48395	35.018725	0.71						2022-06-15	15	6	2022	2431811	2431811	HUMAN_OBSERVATION	INPA		3935050				CC_BY_NC_4_0					2026-06-11T22:34:29.071Z		
5001934078	6c8d87be-829d-4364-b2bc-578258761cc2	INPA-749454	Animalia	Chordata	Amphibia	Caudata	Salamandridae	Ommatotriton	"Ommatotriton vittatus"		SPECIES	"Ommatotriton vittatus (Gray, 1835)"	"Triturus vittatus"		IL			PRESENT	1	4f160e00-329d-11d9-8439-b8a03c50a862	32.547127	35.06118	0.71						2012-04-01	1	4	2012	2431811	2431811	HUMAN_OBSERVATION	INPA		749454				CC_BY_NC_4_0					2026-06-11T22:34:12.739Z		
5003155525	6c8d87be-829d-4364-b2bc-578258761cc2	INPA-1743459	Animalia	Chordata	Amphibia	Caudata	Salamandridae	Ommatotriton	"Ommatotriton vittatus"		SPECIES	"Ommatotriton vittatus (Gray, 1835)"	"Triturus vittatus"		IL			PRESENT	1	4f160e00-329d-11d9-8439-b8a03c50a862	32.556156	35.071813	0.71						2019-04-18	18	4	2019	2431811	2431811	HUMAN_OBSERVATION	INPA		1743459				CC_BY_NC_4_0					2026-06-11T22:34:28.437Z		
6159741083	6c8d87be-829d-4364-b2bc-578258761cc2	INPA-5794620	Animalia	Chordata	Amphibia	Caudata	Salamandridae	Ommatotriton	"Ommatotriton vittatus"		SPECIES	"Ommatotriton vittatus (Gray, 1835)"	"Triturus vittatus"		IL			PRESENT	1	4f160e00-329d-11d9-8439-b8a03c50a862	32.59227	35.125019	0.71						2026-01-10	10	1	2026	2431811	2431811	HUMAN_OBSERVATION	INPA		5794620				CC_BY_NC_4_0					2026-06-11T22:34:34.150Z		
5002859796	6c8d87be-829d-4364-b2bc-578258761cc2	INPA-4904262	Animalia	Chordata	Amphibia	Caudata	Salamandridae	Ommatotriton	"Ommatotriton vittatus"		SPECIES	"Ommatotriton vittatus (Gray, 1835)"	"Triturus vittatus"		IL			PRESENT	1	4f160e00-329d-11d9-8439-b8a03c50a862	32.96185	35.392085	0.71						2024-05-19	19	5	2024	2431811	2431811	HUMAN_OBSERVATION	INPA		4904262				CC_BY_NC_4_0					2026-06-11T22:35:16.685Z		
5003226963	6c8d87be-829d-4364-b2bc-578258761cc2	INPA-3821777	Animalia	Chordata	Amphibia	Caudata	Salamandridae	Ommatotriton	"Ommatotriton vittatus"		SPECIES	"Ommatotriton vittatus (Gray, 1835)"	"Triturus vittatus"		IL			PRESENT	1	4f160e00-329d-11d9-8439-b8a03c50a862	32.961931	35.081907	0.71						2022-04-20	20	4	2022	2431811	2431811	HUMAN_OBSERVATION	INPA		3821777				CC_BY_NC_4_0					2026-06-11T22:35:20.261Z		
5001932896	6c8d87be-829d-4364-b2bc-578258761cc2	INPA-749791	Animalia	Chordata	Amphibia	Caudata	Salamandridae	Ommatotriton	"Ommatotriton vittatus"		SPECIES	"Ommatotriton vittatus (Gray, 1835)"	"Triturus vittatus"		IL			PRESENT	1	4f160e00-329d-11d9-8439-b8a03c50a862	31.861571	34.935449	0.71						2012-03-17	17	3	2012	2431811	2431811	HUMAN_OBSERVATION	INPA		749791				CC_BY_NC_4_0					2026-06-11T22:34:44.887Z		
5002272468	6c8d87be-829d-4364-b2bc-578258761cc2	INPA-1743483	Animalia	Chordata	Amphibia	Caudata	Salamandridae	Ommatotriton	"Ommatotriton vittatus"		SPECIES	"Ommatotriton vittatus (Gray, 1835)"	"Triturus vittatus"		IL			PRESENT	1	4f160e00-329d-11d9-8439-b8a03c50a862	32.565184	35.082449	0.71						2019-04-18	18	4	2019	2431811	2431811	HUMAN_OBSERVATION	INPA		1743483				CC_BY_NC_4_0					2026-06-11T22:34:49.822Z		
5002788343	6c8d87be-829d-4364-b2bc-578258761cc2	INPA-4138677	Animalia	Chordata	Amphibia	Caudata	Salamandridae	Ommatotriton	"Ommatotriton vittatus"		SPECIES	"Ommatotriton vittatus (Gray, 1835)"	"Triturus vittatus"		IL			PRESENT	1	4f160e00-329d-11d9-8439-b8a03c50a862	31.861548	34.924883	0.71						2022-09-25	25	9	2022	2431811	2431811	HUMAN_OBSERVATION	INPA		4138677				CC_BY_NC_4_0					2026-06-11T22:34:56.888Z		
5002334187	6c8d87be-829d-4364-b2bc-578258761cc2	INPA-1985167	Animalia	Chordata	Amphibia	Caudata	Salamandridae	Ommatotriton	"Ommatotriton vittatus"		SPECIES	"Ommatotriton vittatus (Gray, 1835)"	"Triturus vittatus"		IL			PRESENT	1	4f160e00-329d-11d9-8439-b8a03c50a862	31.816598	34.998949	0.71						2020-01-29	29	1	2020	2431811	2431811	HUMAN_OBSERVATION	INPA		1985167				CC_BY_NC_4_0					2026-06-11T22:34:43.754Z		
5001927680	6c8d87be-829d-4364-b2bc-578258761cc2	INPA-750354	Animalia	Chordata	Amphibia	Caudata	Salamandridae	Ommatotriton	"Ommatotriton vittatus"		SPECIES	"Ommatotriton vittatus (Gray, 1835)"	"Triturus vittatus"		IL			PRESENT	1	4f160e00-329d-11d9-8439-b8a03c50a862	32.906723	35.744708	0.71						2012-02-19	19	2	2012	2431811	2431811	HUMAN_OBSERVATION	INPA		750354				CC_BY_NC_4_0					2026-06-11T22:35:03.072Z		COUNTRY_COORDINATE_MISMATCH;SCIENTIFIC_NAME_AND_ID_INCONSISTENT
5002367517	6c8d87be-829d-4364-b2bc-578258761cc2	INPA-2031016	Animalia	Chordata	Amphibia	Caudata	Salamandridae	Ommatotriton	"Ommatotriton vittatus"		SPECIES	"Ommatotriton vittatus (Gray, 1835)"	"Triturus vittatus"		IL			PRESENT	1	4f160e00-329d-11d9-8439-b8a03c50a862	32.131774	34.807483	0.71						2020-03-22	22	3	2020	2431811	2431811	HUMAN_OBSERVATION	INPA		2031016				CC_BY_NC_4_0					2026-06-11T22:35:07.460Z		
5001932412	6c8d87be-829d-4364-b2bc-578258761cc2	INPA-743320	Animalia	Chordata	Amphibia	Caudata	Salamandridae	Ommatotriton	"Ommatotriton vittatus"		SPECIES	"Ommatotriton vittatus (Gray, 1835)"	"Triturus vittatus"		IL			PRESENT	1	4f160e00-329d-11d9-8439-b8a03c50a862	31.816598	34.998949	0.71						2013-02-25	25	2	2013	2431811	2431811	HUMAN_OBSERVATION	INPA		743320				CC_BY_NC_4_0					2026-06-11T22:34:38.197Z		
5001634661	6c8d87be-829d-4364-b2bc-578258761cc2	INPA-352898	Animalia	Chordata	Amphibia	Caudata	Salamandridae	Ommatotriton	"Ommatotriton vittatus"		SPECIES	"Ommatotriton vittatus (Gray, 1835)"	"Triturus vittatus"		IL			PRESENT	1	4f160e00-329d-11d9-8439-b8a03c50a862	32.565203	35.103746	0.71						2000-12-27	27	12	2000	2431811	2431811	HUMAN_OBSERVATION	INPA		352898				CC_BY_NC_4_0					2026-06-11T22:34:10.973Z		
5001897532	6c8d87be-829d-4364-b2bc-578258761cc2	INPA-727817	Animalia	Chordata	Amphibia	Caudata	Salamandridae	Ommatotriton	"Ommatotriton vittatus"		SPECIES	"Ommatotriton vittatus (Gray, 1835)"	"Triturus vittatus"		IL			PRESENT	1	4f160e00-329d-11d9-8439-b8a03c50a862	32.610219	35.039769	0.71						2015-03-28	28	3	2015	2431811	2431811	HUMAN_OBSERVATION	INPA		727817				CC_BY_NC_4_0					2026-06-11T22:34:14.028Z		
5002765259	6c8d87be-829d-4364-b2bc-578258761cc2	INPA-4725561	Animalia	Chordata	Amphibia	Caudata	Salamandridae	Ommatotriton	"Ommatotriton vittatus"		SPECIES	"Ommatotriton vittatus (Gray, 1835)"	"Triturus vittatus"		IL			PRESENT	1	4f160e00-329d-11d9-8439-b8a03c50a862	32.510969	34.997385	0.71						2023-11-24	24	11	2023	2431811	2431811	HUMAN_OBSERVATION	INPA		4725561				CC_BY_NC_4_0					2026-06-11T22:34:24.802Z		
5002819034	6c8d87be-829d-4364-b2bc-578258761cc2	INPA-4810172	Animalia	Chordata	Amphibia	Caudata	Salamandridae	Ommatotriton	"Ommatotriton vittatus"		SPECIES	"Ommatotriton vittatus (Gray, 1835)"	"Triturus vittatus"		IL			PRESENT	1	4f160e00-329d-11d9-8439-b8a03c50a862	31.654171	34.946591	0.71						2024-03-09	9	3	2024	2431811	2431811	HUMAN_OBSERVATION	INPA		4810172				CC_BY_NC_4_0					2026-06-11T22:34:25.397Z		
5002239686	6c8d87be-829d-4364-b2bc-578258761cc2	INPA-1716904	Animalia	Chordata	Amphibia	Caudata	Salamandridae	Ommatotriton	"Ommatotriton vittatus"		SPECIES	"Ommatotriton vittatus (Gray, 1835)"	"Triturus vittatus"		IL			PRESENT	1	4f160e00-329d-11d9-8439-b8a03c50a862	32.700328	35.412865	0.71						2019-03-28	28	3	2019	2431811	2431811	HUMAN_OBSERVATION	INPA		1716904				CC_BY_NC_4_0					2026-06-11T22:35:05.874Z		
5003272543	6c8d87be-829d-4364-b2bc-578258761cc2	INPA-4745171	Animalia	Chordata	Amphibia	Caudata	Salamandridae	Ommatotriton	"Ommatotriton vittatus"		SPECIES	"Ommatotriton vittatus (Gray, 1835)"	"Triturus vittatus"		IL			PRESENT	1	4f160e00-329d-11d9-8439-b8a03c50a862	32.997961	35.360061	0.71						2023-12-29	29	12	2023	2431811	2431811	HUMAN_OBSERVATION	INPA		4745171				CC_BY_NC_4_0					2026-06-11T22:35:15.430Z		
5002364498	6c8d87be-829d-4364-b2bc-578258761cc2	INPA-1985282	Animalia	Chordata	Amphibia	Caudata	Salamandridae	Ommatotriton	"Ommatotriton vittatus"		SPECIES	"Ommatotriton vittatus (Gray, 1835)"	"Triturus vittatus"		IL			PRESENT	1	4f160e00-329d-11d9-8439-b8a03c50a862	32.131774	34.807483	0.71						2020-01-29	29	1	2020	2431811	2431811	HUMAN_OBSERVATION	INPA		1985282				CC_BY_NC_4_0					2026-06-11T22:35:09.339Z		
5002429093	6c8d87be-829d-4364-b2bc-578258761cc2	INPA-3057405	Animalia	Chordata	Amphibia	Caudata	Salamandridae	Ommatotriton	"Ommatotriton vittatus"		SPECIES	"Ommatotriton vittatus (Gray, 1835)"	"Triturus vittatus"		IL			PRESENT	1	4f160e00-329d-11d9-8439-b8a03c50a862	31.816598	34.998949	0.71						2021-01-26	26	1	2021	2431811	2431811	HUMAN_OBSERVATION	INPA		3057405				CC_BY_NC_4_0					2026-06-11T22:35:09.923Z		
5003172044	6c8d87be-829d-4364-b2bc-578258761cc2	INPA-1979838	Animalia	Chordata	Amphibia	Caudata	Salamandridae	Ommatotriton	"Ommatotriton vittatus"		SPECIES	"Ommatotriton vittatus (Gray, 1835)"	"Triturus vittatus"		IL			PRESENT	1	4f160e00-329d-11d9-8439-b8a03c50a862	32.528905	34.944123	0.71						2020-01-22	22	1	2020	2431811	2431811	HUMAN_OBSERVATION	INPA		1979838				CC_BY_NC_4_0					2026-06-11T22:35:17.549Z		
5001916803	6c8d87be-829d-4364-b2bc-578258761cc2	INPA-748384	Animalia	Chordata	Amphibia	Caudata	Salamandridae	Ommatotriton	"Ommatotriton vittatus"		SPECIES	"Ommatotriton vittatus (Gray, 1835)"	"Triturus vittatus"		IL			PRESENT	1	4f160e00-329d-11d9-8439-b8a03c50a862	32.790546	35.028763	0.71						2012-05-10	10	5	2012	2431811	2431811	HUMAN_OBSERVATION	INPA		748384				CC_BY_NC_4_0					2026-06-11T22:34:09.722Z		
5157067480	6c8d87be-829d-4364-b2bc-578258761cc2	INPA-5220833	Animalia	Chordata	Amphibia	Caudata	Salamandridae	Ommatotriton	"Ommatotriton vittatus"		SPECIES	"Ommatotriton vittatus (Gray, 1835)"	"Triturus vittatus"		IL			PRESENT	1	4f160e00-329d-11d9-8439-b8a03c50a862	32.97856	35.809331	0.71						2025-03-02	2	3	2025	2431811	2431811	HUMAN_OBSERVATION	INPA		5220833				CC_BY_NC_4_0					2026-06-11T22:34:26.028Z		COUNTRY_COORDINATE_MISMATCH;SCIENTIFIC_NAME_AND_ID_INCONSISTENT
5002654147	6c8d87be-829d-4364-b2bc-578258761cc2	INPA-4261890	Animalia	Chordata	Amphibia	Caudata	Salamandridae	Ommatotriton	"Ommatotriton vittatus"		SPECIES	"Ommatotriton vittatus (Gray, 1835)"	"Triturus vittatus"		IL			PRESENT	1	4f160e00-329d-11d9-8439-b8a03c50a862	32.176929	34.828497	0.71						2022-12-27	27	12	2022	2431811	2431811	HUMAN_OBSERVATION	INPA		4261890				CC_BY_NC_4_0					2026-06-11T22:34:54.717Z		
5002756596	6c8d87be-829d-4364-b2bc-578258761cc2	INPA-4385251	Animalia	Chordata	Amphibia	Caudata	Salamandridae	Ommatotriton	"Ommatotriton vittatus"		SPECIES	"Ommatotriton vittatus (Gray, 1835)"	"Triturus vittatus"		IL			PRESENT	1	4f160e00-329d-11d9-8439-b8a03c50a862	32.934941	35.199562	0.71						2023-02-28	28	2	2023	2431811	2431811	HUMAN_OBSERVATION	INPA		4385251				CC_BY_NC_4_0					2026-06-11T22:34:55.970Z		
5001742177	6c8d87be-829d-4364-b2bc-578258761cc2	INPA-529926	Animalia	Chordata	Amphibia	Caudata	Salamandridae	Ommatotriton	"Ommatotriton vittatus"		SPECIES	"Ommatotriton vittatus (Gray, 1835)"	"Triturus vittatus"		IL			PRESENT	1	4f160e00-329d-11d9-8439-b8a03c50a862	32.032478	34.776156	0.71						1991-03-22	22	3	1991	2431811	2431811	HUMAN_OBSERVATION	INPA		529926				CC_BY_NC_4_0					2026-06-11T22:34:40.674Z		
5002733806	6c8d87be-829d-4364-b2bc-578258761cc2	INPA-4284514	Animalia	Chordata	Amphibia	Caudata	Salamandridae	Ommatotriton	"Ommatotriton vittatus"		SPECIES	"Ommatotriton vittatus (Gray, 1835)"	"Triturus vittatus"		IL			PRESENT	1	4f160e00-329d-11d9-8439-b8a03c50a862	32.754554	35.092862	0.71						2022-03-22	22	3	2022	2431811	2431811	HUMAN_OBSERVATION	INPA		4284514				CC_BY_NC_4_0					2026-06-11T22:34:51.882Z		
5157078284	6c8d87be-829d-4364-b2bc-578258761cc2	INPA-5203110	Animalia	Chordata	Amphibia	Caudata	Salamandridae	Ommatotriton	"Ommatotriton vittatus"		SPECIES	"Ommatotriton vittatus (Gray, 1835)"	"Triturus vittatus"		IL			PRESENT	1	4f160e00-329d-11d9-8439-b8a03c50a862	32.59227	35.125019	0.71						2025-02-15	15	2	2025	2431811	2431811	HUMAN_OBSERVATION	INPA		5203110				CC_BY_NC_4_0					2026-06-11T22:34:36.673Z		
5001911611	6c8d87be-829d-4364-b2bc-578258761cc2	INPA-727966	Animalia	Chordata	Amphibia	Caudata	Salamandridae	Ommatotriton	"Ommatotriton vittatus"		SPECIES	"Ommatotriton vittatus (Gray, 1835)"	"Triturus vittatus"		IL			PRESENT	1	4f160e00-329d-11d9-8439-b8a03c50a862	31.816598	34.998949	0.71						2015-03-22	22	3	2015	2431811	2431811	HUMAN_OBSERVATION	INPA		727966				CC_BY_NC_4_0					2026-06-11T22:34:43.492Z		
5003005685	6c8d87be-829d-4364-b2bc-578258761cc2	INPA-243564	Animalia	Chordata	Amphibia	Caudata	Salamandridae	Ommatotriton	"Ommatotriton vittatus"		SPECIES	"Ommatotriton vittatus (Gray, 1835)"	"Triturus vittatus"		IL			PRESENT	1	4f160e00-329d-11d9-8439-b8a03c50a862	32.014578	34.818577	0.71						1980-04-20	20	4	1980	2431811	2431811	HUMAN_OBSERVATION	INPA		243564				CC_BY_NC_4_0					2026-06-11T22:34:57.077Z		
5001543059	6c8d87be-829d-4364-b2bc-578258761cc2	INPA-243563	Animalia	Chordata	Amphibia	Caudata	Salamandridae	Ommatotriton	"Ommatotriton vittatus"		SPECIES	"Ommatotriton vittatus (Gray, 1835)"	"Triturus vittatus"		IL			PRESENT	1	4f160e00-329d-11d9-8439-b8a03c50a862	32.014578	34.818577	0.71						1980-03-02	2	3	1980	2431811	2431811	HUMAN_OBSERVATION	INPA		243563				CC_BY_NC_4_0					2026-06-11T22:34:05.346Z		
5001903970	6c8d87be-829d-4364-b2bc-578258761cc2	INPA-748943	Animalia	Chordata	Amphibia	Caudata	Salamandridae	Ommatotriton	"Ommatotriton vittatus"		SPECIES	"Ommatotriton vittatus (Gray, 1835)"	"Triturus vittatus"		IL			PRESENT	1	4f160e00-329d-11d9-8439-b8a03c50a862	32.610219	35.039769	0.71						2012-04-19	19	4	2012	2431811	2431811	HUMAN_OBSERVATION	INPA		748943				CC_BY_NC_4_0					2026-06-11T22:34:09.395Z		
5002011312	6c8d87be-829d-4364-b2bc-578258761cc2	INPA-992540	Animalia	Chordata	Amphibia	Caudata	Salamandridae	Ommatotriton	"Ommatotriton vittatus"		SPECIES	"Ommatotriton vittatus (Gray, 1835)"	"Triturus vittatus"		IL			PRESENT	1	4f160e00-329d-11d9-8439-b8a03c50a862	32.574201	35.082436	0.71						2016-04-07	7	4	2016	2431811	2431811	HUMAN_OBSERVATION	INPA		992540				CC_BY_NC_4_0					2026-06-11T22:34:10.586Z		
6159744949	6c8d87be-829d-4364-b2bc-578258761cc2	INPA-5797805	Animalia	Chordata	Amphibia	Caudata	Salamandridae	Ommatotriton	"Ommatotriton vittatus"		SPECIES	"Ommatotriton vittatus (Gray, 1835)"	"Triturus vittatus"		IL			PRESENT	1	4f160e00-329d-11d9-8439-b8a03c50a862	32.510986	35.008027	0.71						2026-01-13	13	1	2026	2431811	2431811	HUMAN_OBSERVATION	INPA		5797805				CC_BY_NC_4_0					2026-06-11T22:34:30.814Z		
5002748464	6c8d87be-829d-4364-b2bc-578258761cc2	INPA-4439935	Animalia	Chordata	Amphibia	Caudata	Salamandridae	Ommatotriton	"Ommatotriton vittatus"		SPECIES	"Ommatotriton vittatus (Gray, 1835)"	"Triturus vittatus"		IL			PRESENT	1	4f160e00-329d-11d9-8439-b8a03c50a862	32.583229	35.093075	0.71						2023-04-01	1	4	2023	2431811	2431811	HUMAN_OBSERVATION	INPA		4439935				CC_BY_NC_4_0					2026-06-11T22:34:47.455Z		
5001633632	6c8d87be-829d-4364-b2bc-578258761cc2	INPA-357129	Animalia	Chordata	Amphibia	Caudata	Salamandridae	Ommatotriton	"Ommatotriton vittatus"		SPECIES	"Ommatotriton vittatus (Gray, 1835)"	"Triturus vittatus"		IL			PRESENT	1	4f160e00-329d-11d9-8439-b8a03c50a862	32.592213	35.061109	0.71						1997-04-23	23	4	1997	2431811	2431811	HUMAN_OBSERVATION	INPA		357129				CC_BY_NC_4_0					2026-06-11T22:35:03.989Z		
5001904009	6c8d87be-829d-4364-b2bc-578258761cc2	INPA-749441	Animalia	Chordata	Amphibia	Caudata	Salamandridae	Ommatotriton	"Ommatotriton vittatus"		SPECIES	"Ommatotriton vittatus (Gray, 1835)"	"Triturus vittatus"		IL			PRESENT	1	4f160e00-329d-11d9-8439-b8a03c50a862	32.583229	35.093075	0.71						2012-04-01	1	4	2012	2431811	2431811	HUMAN_OBSERVATION	INPA		749441				CC_BY_NC_4_0					2026-06-11T22:35:06.322Z		
5001626790	6c8d87be-829d-4364-b2bc-578258761cc2	INPA-361204	Animalia	Chordata	Amphibia	Caudata	Salamandridae	Ommatotriton	"Ommatotriton vittatus"		SPECIES	"Ommatotriton vittatus (Gray, 1835)"	"Triturus vittatus"		IL			PRESENT	1	4f160e00-329d-11d9-8439-b8a03c50a862	32.736446	35.028872	0.71						1997-01-23	23	1	1997	2431811	2431811	HUMAN_OBSERVATION	INPA		361204				CC_BY_NC_4_0					2026-06-11T22:34:35.518Z		
5003175010	6c8d87be-829d-4364-b2bc-578258761cc2	INPA-2003840	Animalia	Chordata	Amphibia	Caudata	Salamandridae	Ommatotriton	"Ommatotriton vittatus"		SPECIES	"Ommatotriton vittatus (Gray, 1835)"	"Triturus vittatus"		IL			PRESENT	1	4f160e00-329d-11d9-8439-b8a03c50a862	32.131774	34.807483	0.71						2020-02-24	24	2	2020	2431811	2431811	HUMAN_OBSERVATION	INPA		2003840				CC_BY_NC_4_0					2026-06-11T22:34:51.065Z		
5003278728	6c8d87be-829d-4364-b2bc-578258761cc2	INPA-4847530	Animalia	Chordata	Amphibia	Caudata	Salamandridae	Ommatotriton	"Ommatotriton vittatus"		SPECIES	"Ommatotriton vittatus (Gray, 1835)"	"Triturus vittatus"		IL			PRESENT	1	4f160e00-329d-11d9-8439-b8a03c50a862	32.583196	35.061123	0.71						2024-04-02	2	4	2024	2431811	2431811	HUMAN_OBSERVATION	INPA		4847530				CC_BY_NC_4_0					2026-06-11T22:34:53.065Z		
5001887224	6c8d87be-829d-4364-b2bc-578258761cc2	INPA-714424	Animalia	Chordata	Amphibia	Caudata	Salamandridae	Ommatotriton	"Ommatotriton vittatus"		SPECIES	"Ommatotriton vittatus (Gray, 1835)"	"Triturus vittatus"		IL			PRESENT	1	4f160e00-329d-11d9-8439-b8a03c50a862	31.725512	34.682614	0.71						1993-05-11	11	5	1993	2431811	2431811	HUMAN_OBSERVATION	INPA		714424				CC_BY_NC_4_0					2026-06-11T22:34:13.362Z		
5001934125	6c8d87be-829d-4364-b2bc-578258761cc2	INPA-750063	Animalia	Chordata	Amphibia	Caudata	Salamandridae	Ommatotriton	"Ommatotriton vittatus"		SPECIES	"Ommatotriton vittatus (Gray, 1835)"	"Triturus vittatus"		IL			PRESENT	1	4f160e00-329d-11d9-8439-b8a03c50a862	32.114053	34.924116	0.71						2012-03-05	5	3	2012	2431811	2431811	HUMAN_OBSERVATION	INPA		750063				CC_BY_NC_4_0					2026-06-11T22:34:14.183Z		
5002053315	6c8d87be-829d-4364-b2bc-578258761cc2	INPA-1205855	Animalia	Chordata	Amphibia	Caudata	Salamandridae	Ommatotriton	"Ommatotriton vittatus"		SPECIES	"Ommatotriton vittatus (Gray, 1835)"	"Triturus vittatus"		IL			PRESENT	1	4f160e00-329d-11d9-8439-b8a03c50a862	31.816598	34.998949	0.71						2015-01-18	18	1	2015	2431811	2431811	HUMAN_OBSERVATION	INPA		1205855				CC_BY_NC_4_0					2026-06-11T22:34:15.720Z		
5002264263	6c8d87be-829d-4364-b2bc-578258761cc2	INPA-1778929	Animalia	Chordata	Amphibia	Caudata	Salamandridae	Ommatotriton	"Ommatotriton vittatus"		SPECIES	"Ommatotriton vittatus (Gray, 1835)"	"Triturus vittatus"		IL			PRESENT	1	4f160e00-329d-11d9-8439-b8a03c50a862	32.140827	34.818046	0.71						2019-05-30	30	5	2019	2431811	2431811	HUMAN_OBSERVATION	INPA		1778929				CC_BY_NC_4_0					2026-06-11T22:34:18.972Z		
5002610450	6c8d87be-829d-4364-b2bc-578258761cc2	INPA-3903651	Animalia	Chordata	Amphibia	Caudata	Salamandridae	Ommatotriton	"Ommatotriton vittatus"		SPECIES	"Ommatotriton vittatus (Gray, 1835)"	"Triturus vittatus"		IL			PRESENT	1	4f160e00-329d-11d9-8439-b8a03c50a862	32.131774	34.807483	0.71						2022-05-25	25	5	2022	2431811	2431811	HUMAN_OBSERVATION	INPA		3903651				CC_BY_NC_4_0					2026-06-11T22:34:23.767Z		
5001552418	6c8d87be-829d-4364-b2bc-578258761cc2	INPA-243602	Animalia	Chordata	Amphibia	Caudata	Salamandridae	Ommatotriton	"Ommatotriton vittatus"		SPECIES	"Ommatotriton vittatus (Gray, 1835)"	"Triturus vittatus"		IL			PRESENT	1	4f160e00-329d-11d9-8439-b8a03c50a862	31.725512	34.682614	0.71						1980-04-20	20	4	1980	2431811	2431811	HUMAN_OBSERVATION	INPA		243602				CC_BY_NC_4_0					2026-06-11T22:34:34.965Z		
5001894123	6c8d87be-829d-4364-b2bc-578258761cc2	INPA-737840	Animalia	Chordata	Amphibia	Caudata	Salamandridae	Ommatotriton	"Ommatotriton vittatus"		SPECIES	"Ommatotriton vittatus (Gray, 1835)"	"Triturus vittatus"		IL			PRESENT	1	4f160e00-329d-11d9-8439-b8a03c50a862	31.816598	34.998949	0.71						2014-01-16	16	1	2014	2431811	2431811	HUMAN_OBSERVATION	INPA		737840				CC_BY_NC_4_0					2026-06-11T22:34:38.062Z		
5002353787	6c8d87be-829d-4364-b2bc-578258761cc2	INPA-2074323	Animalia	Chordata	Amphibia	Caudata	Salamandridae	Ommatotriton	"Ommatotriton vittatus"		SPECIES	"Ommatotriton vittatus (Gray, 1835)"	"Triturus vittatus"		IL			PRESENT	1	4f160e00-329d-11d9-8439-b8a03c50a862	32.122756	34.807522	0.71						2020-05-01	1	5	2020	2431811	2431811	HUMAN_OBSERVATION	INPA		2074323				CC_BY_NC_4_0					2026-06-11T22:34:42.791Z		
5002780514	6c8d87be-829d-4364-b2bc-578258761cc2	INPA-4261904	Animalia	Chordata	Amphibia	Caudata	Salamandridae	Ommatotriton	"Ommatotriton vittatus"		SPECIES	"Ommatotriton vittatus (Gray, 1835)"	"Triturus vittatus"		IL			PRESENT	1	4f160e00-329d-11d9-8439-b8a03c50a862	32.176929	34.828497	0.71						2022-12-27	27	12	2022	2431811	2431811	HUMAN_OBSERVATION	INPA		4261904				CC_BY_NC_4_0					2026-06-11T22:34:47.105Z		
5001628139	6c8d87be-829d-4364-b2bc-578258761cc2	INPA-357162	Animalia	Chordata	Amphibia	Caudata	Salamandridae	Ommatotriton	"Ommatotriton vittatus"		SPECIES	"Ommatotriton vittatus (Gray, 1835)"	"Triturus vittatus"		IL			PRESENT	1	4f160e00-329d-11d9-8439-b8a03c50a862	32.619239	35.039756	0.71						1997-02-03	3	2	1997	2431811	2431811	HUMAN_OBSERVATION	INPA		357162				CC_BY_NC_4_0					2026-06-11T22:35:00.077Z		
5001552430	6c8d87be-829d-4364-b2bc-578258761cc2	INPA-243752	Animalia	Chordata	Amphibia	Caudata	Salamandridae	Ommatotriton	"Ommatotriton vittatus"		SPECIES	"Ommatotriton vittatus (Gray, 1835)"	"Triturus vittatus"		IL			PRESENT	1	4f160e00-329d-11d9-8439-b8a03c50a862	31.825581	34.977804	0.71						1989-04-25	25	4	1989	2431811	2431811	HUMAN_OBSERVATION	INPA		243752				CC_BY_NC_4_0					2026-06-11T22:34:42.688Z		
5157133875	6c8d87be-829d-4364-b2bc-578258761cc2	INPA-5331300	Animalia	Chordata	Amphibia	Caudata	Salamandridae	Ommatotriton	"Ommatotriton vittatus"		SPECIES	"Ommatotriton vittatus (Gray, 1835)"	"Triturus vittatus"		IL			PRESENT	1	4f160e00-329d-11d9-8439-b8a03c50a862	32.574257	35.188929	0.71						2025-04-28	28	4	2025	2431811	2431811	HUMAN_OBSERVATION	INPA		5331300				CC_BY_NC_4_0					2026-06-11T22:35:03.949Z		
5002514738	6c8d87be-829d-4364-b2bc-578258761cc2	INPA-3116424	Animalia	Chordata	Amphibia	Caudata	Salamandridae	Ommatotriton	"Ommatotriton vittatus"		SPECIES	"Ommatotriton vittatus (Gray, 1835)"	"Triturus vittatus"		IL			PRESENT	1	4f160e00-329d-11d9-8439-b8a03c50a862	32.131774	34.807483	0.71						2021-04-02	2	4	2021	2431811	2431811	HUMAN_OBSERVATION	INPA		3116424				CC_BY_NC_4_0					2026-06-11T22:34:17.392Z		
5003120886	6c8d87be-829d-4364-b2bc-578258761cc2	INPA-1252959	Animalia	Chordata	Amphibia	Caudata	Salamandridae	Ommatotriton	"Ommatotriton vittatus"		SPECIES	"Ommatotriton vittatus (Gray, 1835)"	"Triturus vittatus"		IL			PRESENT	1	4f160e00-329d-11d9-8439-b8a03c50a862	32.754465	35.018166	0.71						2016-03-31	31	3	2016	2431811	2431811	HUMAN_OBSERVATION	INPA		1252959				CC_BY_NC_4_0					2026-06-11T22:34:24.389Z		
5001926904	6c8d87be-829d-4364-b2bc-578258761cc2	INPA-728327	Animalia	Chordata	Amphibia	Caudata	Salamandridae	Ommatotriton	"Ommatotriton vittatus"		SPECIES	"Ommatotriton vittatus (Gray, 1835)"	"Triturus vittatus"		IL			PRESENT	1	4f160e00-329d-11d9-8439-b8a03c50a862	31.816598	34.998949	0.71						2015-03-04	4	3	2015	2431811	2431811	HUMAN_OBSERVATION	INPA		728327				CC_BY_NC_4_0					2026-06-11T22:34:09.715Z		
5002612931	6c8d87be-829d-4364-b2bc-578258761cc2	INPA-3907436	Animalia	Chordata	Amphibia	Caudata	Salamandridae	Ommatotriton	"Ommatotriton vittatus"		SPECIES	"Ommatotriton vittatus (Gray, 1835)"	"Triturus vittatus"		IL			PRESENT	1	4f160e00-329d-11d9-8439-b8a03c50a862	33.033801	35.488577	0.71						2022-05-27	27	5	2022	2431811	2431811	HUMAN_OBSERVATION	INPA		3907436				CC_BY_NC_4_0					2026-06-11T22:34:18.889Z		
5003253513	6c8d87be-829d-4364-b2bc-578258761cc2	INPA-4441756	Animalia	Chordata	Amphibia	Caudata	Salamandridae	Ommatotriton	"Ommatotriton vittatus"		SPECIES	"Ommatotriton vittatus (Gray, 1835)"	"Triturus vittatus"		IL			PRESENT	1	4f160e00-329d-11d9-8439-b8a03c50a862	31.861571	34.935449	0.71						2023-04-02	2	4	2023	2431811	2431811	HUMAN_OBSERVATION	INPA		4441756				CC_BY_NC_4_0					2026-06-11T22:34:26.297Z		
5002214538	6c8d87be-829d-4364-b2bc-578258761cc2	INPA-1696778	Animalia	Chordata	Amphibia	Caudata	Salamandridae	Ommatotriton	"Ommatotriton vittatus"		SPECIES	"Ommatotriton vittatus (Gray, 1835)"	"Triturus vittatus"		IL			PRESENT	1	4f160e00-329d-11d9-8439-b8a03c50a862	31.816598	34.998949	0.71						2019-03-11	11	3	2019	2431811	2431811	HUMAN_OBSERVATION	INPA		1696778				CC_BY_NC_4_0					2026-06-11T22:35:09.444Z		
5002631238	6c8d87be-829d-4364-b2bc-578258761cc2	INPA-3892795	Animalia	Chordata	Amphibia	Caudata	Salamandridae	Ommatotriton	"Ommatotriton vittatus"		SPECIES	"Ommatotriton vittatus (Gray, 1835)"	"Triturus vittatus"		IL			PRESENT	1	4f160e00-329d-11d9-8439-b8a03c50a862	32.754554	35.092862	0.71						2022-03-22	22	3	2022	2431811	2431811	HUMAN_OBSERVATION	INPA		3892795				CC_BY_NC_4_0					2026-06-11T22:35:13.880Z		
5003071321	6c8d87be-829d-4364-b2bc-578258761cc2	INPA-648646	Animalia	Chordata	Amphibia	Caudata	Salamandridae	Ommatotriton	"Ommatotriton vittatus"		SPECIES	"Ommatotriton vittatus (Gray, 1835)"	"Triturus vittatus"		IL			PRESENT	1	4f160e00-329d-11d9-8439-b8a03c50a862	32.105058	34.934738	0.71						2005-03-29	29	3	2005	2431811	2431811	HUMAN_OBSERVATION	INPA		648646				CC_BY_NC_4_0					2026-06-11T22:34:28.662Z		
5002128851	6c8d87be-829d-4364-b2bc-578258761cc2	INPA-1358773	Animalia	Chordata	Amphibia	Caudata	Salamandridae	Ommatotriton	"Ommatotriton vittatus"		SPECIES	"Ommatotriton vittatus (Gray, 1835)"	"Triturus vittatus"		IL			PRESENT	1	4f160e00-329d-11d9-8439-b8a03c50a862	31.816598	34.998949	0.71						2018-01-31	31	1	2018	2431811	2431811	HUMAN_OBSERVATION	INPA		1358773				CC_BY_NC_4_0					2026-06-11T22:34:18.167Z		
5002191688	6c8d87be-829d-4364-b2bc-578258761cc2	INPA-1404799	Animalia	Chordata	Amphibia	Caudata	Salamandridae	Ommatotriton	"Ommatotriton vittatus"		SPECIES	"Ommatotriton vittatus (Gray, 1835)"	"Triturus vittatus"		IL			PRESENT	1	4f160e00-329d-11d9-8439-b8a03c50a862	32.57422	35.103735	0.71						2018-03-27	27	3	2018	2431811	2431811	HUMAN_OBSERVATION	INPA		1404799				CC_BY_NC_4_0					2026-06-11T22:34:18.958Z		
5003226477	6c8d87be-829d-4364-b2bc-578258761cc2	INPA-3813071	Animalia	Chordata	Amphibia	Caudata	Salamandridae	Ommatotriton	"Ommatotriton vittatus"		SPECIES	"Ommatotriton vittatus (Gray, 1835)"	"Triturus vittatus"		IL			PRESENT	1	4f160e00-329d-11d9-8439-b8a03c50a862	31.861571	34.935449	0.71						2022-04-17	17	4	2022	2431811	2431811	HUMAN_OBSERVATION	INPA		3813071				CC_BY_NC_4_0					2026-06-11T22:34:59.783Z		
5003007933	6c8d87be-829d-4364-b2bc-578258761cc2	INPA-243535	Animalia	Chordata	Amphibia	Caudata	Salamandridae	Ommatotriton	"Ommatotriton vittatus"		SPECIES	"Ommatotriton vittatus (Gray, 1835)"	"Triturus vittatus"		IL			PRESENT	1	4f160e00-329d-11d9-8439-b8a03c50a862	32.105058	34.934738	0.71						1980-03-09	9	3	1980	2431811	2431811	HUMAN_OBSERVATION	INPA		243535				CC_BY_NC_4_0					2026-06-11T22:34:23.535Z		
5003120837	6c8d87be-829d-4364-b2bc-578258761cc2	INPA-1251462	Animalia	Chordata	Amphibia	Caudata	Salamandridae	Ommatotriton	"Ommatotriton vittatus"		SPECIES	"Ommatotriton vittatus (Gray, 1835)"	"Triturus vittatus"		IL			PRESENT	1	4f160e00-329d-11d9-8439-b8a03c50a862	32.907377	35.562997	0.71						2013-02-12	12	2	2013	2431811	2431811	HUMAN_OBSERVATION	INPA		1251462				CC_BY_NC_4_0					2026-06-11T22:34:24.695Z		
5002794420	6c8d87be-829d-4364-b2bc-578258761cc2	INPA-4789152	Animalia	Chordata	Amphibia	Caudata	Salamandridae	Ommatotriton	"Ommatotriton vittatus"		SPECIES	"Ommatotriton vittatus (Gray, 1835)"	"Triturus vittatus"		IL			PRESENT	1	4f160e00-329d-11d9-8439-b8a03c50a862	31.600081	34.957278	0.71						2024-02-21	21	2	2024	2431811	2431811	HUMAN_OBSERVATION	INPA		4789152				CC_BY_NC_4_0					2026-06-11T22:34:49.135Z		
5002209297	6c8d87be-829d-4364-b2bc-578258761cc2	INPA-1696850	Animalia	Chordata	Amphibia	Caudata	Salamandridae	Ommatotriton	"Ommatotriton vittatus"		SPECIES	"Ommatotriton vittatus (Gray, 1835)"	"Triturus vittatus"		IL			PRESENT	1	4f160e00-329d-11d9-8439-b8a03c50a862	31.816598	34.998949	0.71						2019-03-11	11	3	2019	2431811	2431811	HUMAN_OBSERVATION	INPA		1696850				CC_BY_NC_4_0					2026-06-11T22:35:06.695Z		
5002733705	6c8d87be-829d-4364-b2bc-578258761cc2	INPA-4262686	Animalia	Chordata	Amphibia	Caudata	Salamandridae	Ommatotriton	"Ommatotriton vittatus"		SPECIES	"Ommatotriton vittatus (Gray, 1835)"	"Triturus vittatus"		IL			PRESENT	1	4f160e00-329d-11d9-8439-b8a03c50a862	32.772635	35.23159	0.71						2022-04-03	3	4	2022	2431811	2431811	HUMAN_OBSERVATION	INPA		4262686				CC_BY_NC_4_0					2026-06-11T22:35:12.077Z		
5001965978	6c8d87be-829d-4364-b2bc-578258761cc2	INPA-983148	Animalia	Chordata	Amphibia	Caudata	Salamandridae	Ommatotriton	"Ommatotriton vittatus"		SPECIES	"Ommatotriton vittatus (Gray, 1835)"	"Triturus vittatus"		IL			PRESENT	1	4f160e00-329d-11d9-8439-b8a03c50a862	32.916782	35.381299	0.71						2016-03-08	8	3	2016	2431811	2431811	HUMAN_OBSERVATION	INPA		983148				CC_BY_NC_4_0					2026-06-11T22:34:14.137Z		
5002129431	6c8d87be-829d-4364-b2bc-578258761cc2	INPA-1357177	Animalia	Chordata	Amphibia	Caudata	Salamandridae	Ommatotriton	"Ommatotriton vittatus"		SPECIES	"Ommatotriton vittatus (Gray, 1835)"	"Triturus vittatus"		IL			PRESENT	1	4f160e00-329d-11d9-8439-b8a03c50a862	31.816598	34.998949	0.71						2018-01-28	28	1	2018	2431811	2431811	HUMAN_OBSERVATION	INPA		1357177				CC_BY_NC_4_0					2026-06-11T22:34:16.533Z		
5002638263	6c8d87be-829d-4364-b2bc-578258761cc2	INPA-3821748	Animalia	Chordata	Amphibia	Caudata	Salamandridae	Ommatotriton	"Ommatotriton vittatus"		SPECIES	"Ommatotriton vittatus (Gray, 1835)"	"Triturus vittatus"		IL			PRESENT	1	4f160e00-329d-11d9-8439-b8a03c50a862	32.961931	35.081907	0.71						2022-04-20	20	4	2022	2431811	2431811	HUMAN_OBSERVATION	INPA		3821748				CC_BY_NC_4_0					2026-06-11T22:34:24.952Z		
5003084925	6c8d87be-829d-4364-b2bc-578258761cc2	INPA-737841	Animalia	Chordata	Amphibia	Caudata	Salamandridae	Ommatotriton	"Ommatotriton vittatus"		SPECIES	"Ommatotriton vittatus (Gray, 1835)"	"Triturus vittatus"		IL			PRESENT	1	4f160e00-329d-11d9-8439-b8a03c50a862	31.816598	34.998949	0.71						2014-01-16	16	1	2014	2431811	2431811	HUMAN_OBSERVATION	INPA		737841				CC_BY_NC_4_0					2026-06-11T22:34:29.881Z		
5002241967	6c8d87be-829d-4364-b2bc-578258761cc2	INPA-1696851	Animalia	Chordata	Amphibia	Caudata	Salamandridae	Ommatotriton	"Ommatotriton vittatus"		SPECIES	"Ommatotriton vittatus (Gray, 1835)"	"Triturus vittatus"		IL			PRESENT	1	4f160e00-329d-11d9-8439-b8a03c50a862	31.816598	34.998949	0.71						2019-03-11	11	3	2019	2431811	2431811	HUMAN_OBSERVATION	INPA		1696851				CC_BY_NC_4_0					2026-06-11T22:34:50.165Z		
5002276544	6c8d87be-829d-4364-b2bc-578258761cc2	INPA-1697238	Animalia	Chordata	Amphibia	Caudata	Salamandridae	Ommatotriton	"Ommatotriton vittatus"		SPECIES	"Ommatotriton vittatus (Gray, 1835)"	"Triturus vittatus"		IL			PRESENT	1	4f160e00-329d-11d9-8439-b8a03c50a862	31.825599	34.988367	0.71						2019-03-11	11	3	2019	2431811	2431811	HUMAN_OBSERVATION	INPA		1697238				CC_BY_NC_4_0					2026-06-11T22:34:13.939Z		
5002711553	6c8d87be-829d-4364-b2bc-578258761cc2	INPA-4262560	Animalia	Chordata	Amphibia	Caudata	Salamandridae	Ommatotriton	"Ommatotriton vittatus"		SPECIES	"Ommatotriton vittatus (Gray, 1835)"	"Triturus vittatus"		IL			PRESENT	1	4f160e00-329d-11d9-8439-b8a03c50a862	32.709468	35.316896	0.71						2022-04-06	6	4	2022	2431811	2431811	HUMAN_OBSERVATION	INPA		4262560				CC_BY_NC_4_0					2026-06-11T22:34:19.352Z		
5001547595	6c8d87be-829d-4364-b2bc-578258761cc2	INPA-243669	Animalia	Chordata	Amphibia	Caudata	Salamandridae	Ommatotriton	"Ommatotriton vittatus"		SPECIES	"Ommatotriton vittatus (Gray, 1835)"	"Triturus vittatus"		IL			PRESENT	1	4f160e00-329d-11d9-8439-b8a03c50a862	32.53811	35.061195	0.71						1986-04-20	20	4	1986	2431811	2431811	HUMAN_OBSERVATION	INPA		243669				CC_BY_NC_4_0					2026-06-11T22:34:35.308Z		
5001552413	6c8d87be-829d-4364-b2bc-578258761cc2	INPA-243536	Animalia	Chordata	Amphibia	Caudata	Salamandridae	Ommatotriton	"Ommatotriton vittatus"		SPECIES	"Ommatotriton vittatus (Gray, 1835)"	"Triturus vittatus"		IL			PRESENT	1	4f160e00-329d-11d9-8439-b8a03c50a862	32.105058	34.934738	0.71						1980-04-14	14	4	1980	2431811	2431811	HUMAN_OBSERVATION	INPA		243536				CC_BY_NC_4_0					2026-06-11T22:34:35.321Z		
5002133976	6c8d87be-829d-4364-b2bc-578258761cc2	INPA-1404800	Animalia	Chordata	Amphibia	Caudata	Salamandridae	Ommatotriton	"Ommatotriton vittatus"		SPECIES	"Ommatotriton vittatus (Gray, 1835)"	"Triturus vittatus"		IL			PRESENT	1	4f160e00-329d-11d9-8439-b8a03c50a862	32.583229	35.093075	0.71						2018-03-27	27	3	2018	2431811	2431811	HUMAN_OBSERVATION	INPA		1404800				CC_BY_NC_4_0					2026-06-11T22:34:40.496Z		
5003067632	6c8d87be-829d-4364-b2bc-578258761cc2	INPA-626770	Animalia	Chordata	Amphibia	Caudata	Salamandridae	Ommatotriton	"Ommatotriton vittatus"		SPECIES	"Ommatotriton vittatus (Gray, 1835)"	"Triturus vittatus"		IL			PRESENT	1	4f160e00-329d-11d9-8439-b8a03c50a862	32.960368	35.841293	0.71						2004-05-09	9	5	2004	2431811	2431811	HUMAN_OBSERVATION	INPA		626770				CC_BY_NC_4_0					2026-06-11T22:34:49.696Z		COUNTRY_COORDINATE_MISMATCH;SCIENTIFIC_NAME_AND_ID_INCONSISTENT
5001635831	6c8d87be-829d-4364-b2bc-578258761cc2	INPA-357736	Animalia	Chordata	Amphibia	Caudata	Salamandridae	Ommatotriton	"Ommatotriton vittatus"		SPECIES	"Ommatotriton vittatus (Gray, 1835)"	"Triturus vittatus"		IL			PRESENT	1	4f160e00-329d-11d9-8439-b8a03c50a862	33.043108	35.295907	0.71						1998-03-18	18	3	1998	2431811	2431811	HUMAN_OBSERVATION	INPA		357736				CC_BY_NC_4_0					2026-06-11T22:34:11.870Z		
5002289866	6c8d87be-829d-4364-b2bc-578258761cc2	INPA-1697234	Animalia	Chordata	Amphibia	Caudata	Salamandridae	Ommatotriton	"Ommatotriton vittatus"		SPECIES	"Ommatotriton vittatus (Gray, 1835)"	"Triturus vittatus"		IL			PRESENT	1	4f160e00-329d-11d9-8439-b8a03c50a862	31.825599	34.988367	0.71						2019-03-11	11	3	2019	2431811	2431811	HUMAN_OBSERVATION	INPA		1697234				CC_BY_NC_4_0					2026-06-11T22:34:20.730Z		
5002351875	6c8d87be-829d-4364-b2bc-578258761cc2	INPA-2033528	Animalia	Chordata	Amphibia	Caudata	Salamandridae	Ommatotriton	"Ommatotriton vittatus"		SPECIES	"Ommatotriton vittatus (Gray, 1835)"	"Triturus vittatus"		IL			PRESENT	1	4f160e00-329d-11d9-8439-b8a03c50a862	31.563964	34.936307	0.71						2020-03-24	24	3	2020	2431811	2431811	HUMAN_OBSERVATION	INPA		2033528				CC_BY_NC_4_0					2026-06-11T22:34:21.483Z		
5002163707	6c8d87be-829d-4364-b2bc-578258761cc2	INPA-1357176	Animalia	Chordata	Amphibia	Caudata	Salamandridae	Ommatotriton	"Ommatotriton vittatus"		SPECIES	"Ommatotriton vittatus (Gray, 1835)"	"Triturus vittatus"		IL			PRESENT	1	4f160e00-329d-11d9-8439-b8a03c50a862	31.816598	34.998949	0.71						2018-01-28	28	1	2018	2431811	2431811	HUMAN_OBSERVATION	INPA		1357176				CC_BY_NC_4_0					2026-06-11T22:34:40.334Z		
5002342579	6c8d87be-829d-4364-b2bc-578258761cc2	INPA-1999294	Animalia	Chordata	Amphibia	Caudata	Salamandridae	Ommatotriton	"Ommatotriton vittatus"		SPECIES	"Ommatotriton vittatus (Gray, 1835)"	"Triturus vittatus"		IL			PRESENT	1	4f160e00-329d-11d9-8439-b8a03c50a862	32.140794	34.807447	0.71						2020-02-17	17	2	2020	2431811	2431811	HUMAN_OBSERVATION	INPA		1999294				CC_BY_NC_4_0					2026-06-11T22:34:41.983Z		
5002744332	6c8d87be-829d-4364-b2bc-578258761cc2	INPA-4515131	Animalia	Chordata	Amphibia	Caudata	Salamandridae	Ommatotriton	"Ommatotriton vittatus"		SPECIES	"Ommatotriton vittatus (Gray, 1835)"	"Triturus vittatus"		IL			PRESENT	1	4f160e00-329d-11d9-8439-b8a03c50a862	32.718482	35.316904	0.71						2023-04-25	25	4	2023	2431811	2431811	HUMAN_OBSERVATION	INPA		4515131				CC_BY_NC_4_0					2026-06-11T22:34:24.687Z		
5003083741	6c8d87be-829d-4364-b2bc-578258761cc2	INPA-733180	Animalia	Chordata	Amphibia	Caudata	Salamandridae	Ommatotriton	"Ommatotriton vittatus"		SPECIES	"Ommatotriton vittatus (Gray, 1835)"	"Triturus vittatus"		IL			PRESENT	1	4f160e00-329d-11d9-8439-b8a03c50a862	31.609099	34.957254	0.71						2014-07-05	5	7	2014	2431811	2431811	HUMAN_OBSERVATION	INPA		733180				CC_BY_NC_4_0					2026-06-11T22:34:29.158Z		
5003120961	6c8d87be-829d-4364-b2bc-578258761cc2	INPA-1255062	Animalia	Chordata	Amphibia	Caudata	Salamandridae	Ommatotriton	"Ommatotriton vittatus"		SPECIES	"Ommatotriton vittatus (Gray, 1835)"	"Triturus vittatus"		IL			PRESENT	1	4f160e00-329d-11d9-8439-b8a03c50a862	32.772578	35.082167	0.71						2015-03-10	10	3	2015	2431811	2431811	HUMAN_OBSERVATION	INPA		1255062				CC_BY_NC_4_0					2026-06-11T22:34:29.675Z		
5002935730	6c8d87be-829d-4364-b2bc-578258761cc2	INPA-4808558	Animalia	Chordata	Amphibia	Caudata	Salamandridae	Ommatotriton	"Ommatotriton vittatus"		SPECIES	"Ommatotriton vittatus (Gray, 1835)"	"Triturus vittatus"		IL			PRESENT	1	4f160e00-329d-11d9-8439-b8a03c50a862	31.861548	34.924883	0.71						2024-03-07	7	3	2024	2431811	2431811	HUMAN_OBSERVATION	INPA		4808558				CC_BY_NC_4_0					2026-06-11T22:34:49.060Z		
5001903387	6c8d87be-829d-4364-b2bc-578258761cc2	INPA-741092	Animalia	Chordata	Amphibia	Caudata	Salamandridae	Ommatotriton	"Ommatotriton vittatus"		SPECIES	"Ommatotriton vittatus (Gray, 1835)"	"Triturus vittatus"		IL			PRESENT	1	4f160e00-329d-11d9-8439-b8a03c50a862	32.970883	35.381407	0.71						2013-06-11	11	6	2013	2431811	2431811	HUMAN_OBSERVATION	INPA		741092				CC_BY_NC_4_0					2026-06-11T22:35:03.571Z		
5002362476	6c8d87be-829d-4364-b2bc-578258761cc2	INPA-2104293	Animalia	Chordata	Amphibia	Caudata	Salamandridae	Ommatotriton	"Ommatotriton vittatus"		SPECIES	"Ommatotriton vittatus (Gray, 1835)"	"Triturus vittatus"		IL			PRESENT	1	4f160e00-329d-11d9-8439-b8a03c50a862	32.131774	34.807483	0.71						2020-05-25	25	5	2020	2431811	2431811	HUMAN_OBSERVATION	INPA		2104293				CC_BY_NC_4_0					2026-06-11T22:35:08.567Z		
5001903966	6c8d87be-829d-4364-b2bc-578258761cc2	INPA-748895	Animalia	Chordata	Amphibia	Caudata	Salamandridae	Ommatotriton	"Ommatotriton vittatus"		SPECIES	"Ommatotriton vittatus (Gray, 1835)"	"Triturus vittatus"		IL			PRESENT	1	4f160e00-329d-11d9-8439-b8a03c50a862	31.816598	34.998949	0.71						2012-04-21	21	4	2012	2431811	2431811	HUMAN_OBSERVATION	INPA		748895				CC_BY_NC_4_0					2026-06-11T22:34:09.327Z		
5001916336	6c8d87be-829d-4364-b2bc-578258761cc2	INPA-742009	Animalia	Chordata	Amphibia	Caudata	Salamandridae	Ommatotriton	"Ommatotriton vittatus"		SPECIES	"Ommatotriton vittatus (Gray, 1835)"	"Triturus vittatus"		IL			PRESENT	1	4f160e00-329d-11d9-8439-b8a03c50a862	31.825616	34.99893	0.71						2013-04-21	21	4	2013	2431811	2431811	HUMAN_OBSERVATION	INPA		742009				CC_BY_NC_4_0					2026-06-11T22:34:37.670Z		
5157131398	6c8d87be-829d-4364-b2bc-578258761cc2	INPA-5298270	Animalia	Chordata	Amphibia	Caudata	Salamandridae	Ommatotriton	"Ommatotriton vittatus"		SPECIES	"Ommatotriton vittatus (Gray, 1835)"	"Triturus vittatus"		IL			PRESENT	1	4f160e00-329d-11d9-8439-b8a03c50a862	32.565203	35.103746	0.71						2025-04-08	8	4	2025	2431811	2431811	HUMAN_OBSERVATION	INPA		5298270				CC_BY_NC_4_0					2026-06-11T22:34:52.963Z		
5002250611	6c8d87be-829d-4364-b2bc-578258761cc2	INPA-1710321	Animalia	Chordata	Amphibia	Caudata	Salamandridae	Ommatotriton	"Ommatotriton vittatus"		SPECIES	"Ommatotriton vittatus (Gray, 1835)"	"Triturus vittatus"		IL			PRESENT	1	4f160e00-329d-11d9-8439-b8a03c50a862	31.816598	34.998949	0.71						2019-03-21	21	3	2019	2431811	2431811	HUMAN_OBSERVATION	INPA		1710321				CC_BY_NC_4_0					2026-06-11T22:34:49.860Z		
5002276531	6c8d87be-829d-4364-b2bc-578258761cc2	INPA-1696839	Animalia	Chordata	Amphibia	Caudata	Salamandridae	Ommatotriton	"Ommatotriton vittatus"		SPECIES	"Ommatotriton vittatus (Gray, 1835)"	"Triturus vittatus"		IL			PRESENT	1	4f160e00-329d-11d9-8439-b8a03c50a862	31.816598	34.998949	0.71						2019-03-11	11	3	2019	2431811	2431811	HUMAN_OBSERVATION	INPA		1696839				CC_BY_NC_4_0					2026-06-11T22:34:50.125Z		
5003257628	6c8d87be-829d-4364-b2bc-578258761cc2	INPA-4493056	Animalia	Chordata	Amphibia	Caudata	Salamandridae	Ommatotriton	"Ommatotriton vittatus"		SPECIES	"Ommatotriton vittatus (Gray, 1835)"	"Triturus vittatus"		IL			PRESENT	1	4f160e00-329d-11d9-8439-b8a03c50a862	33.051982	35.413689	0.71						2023-04-30	30	4	2023	2431811	2431811	HUMAN_OBSERVATION	INPA		4493056				CC_BY_NC_4_0					2026-06-11T22:35:02.285Z		
5002376522	6c8d87be-829d-4364-b2bc-578258761cc2	INPA-2053012	Animalia	Chordata	Amphibia	Caudata	Salamandridae	Ommatotriton	"Ommatotriton vittatus"		SPECIES	"Ommatotriton vittatus (Gray, 1835)"	"Triturus vittatus"		IL			PRESENT	1	4f160e00-329d-11d9-8439-b8a03c50a862	32.131774	34.807483	0.71						2020-04-13	13	4	2020	2431811	2431811	HUMAN_OBSERVATION	INPA		2053012				CC_BY_NC_4_0					2026-06-11T22:35:06.974Z		
5001547241	6c8d87be-829d-4364-b2bc-578258761cc2	INPA-243655	Animalia	Chordata	Amphibia	Caudata	Salamandridae	Ommatotriton	"Ommatotriton vittatus"		SPECIES	"Ommatotriton vittatus (Gray, 1835)"	"Triturus vittatus"		IL			PRESENT	1	4f160e00-329d-11d9-8439-b8a03c50a862	32.583124	35.00787	0.71						1983-11-25	25	11	1983	2431811	2431811	HUMAN_OBSERVATION	INPA		243655				CC_BY_NC_4_0					2026-06-11T22:34:37.678Z		
5001547589	6c8d87be-829d-4364-b2bc-578258761cc2	INPA-243588	Animalia	Chordata	Amphibia	Caudata	Salamandridae	Ommatotriton	"Ommatotriton vittatus"		SPECIES	"Ommatotriton vittatus (Gray, 1835)"	"Triturus vittatus"		IL			PRESENT	1	4f160e00-329d-11d9-8439-b8a03c50a862	31.779577	34.671753	0.71						1980-04-20	20	4	1980	2431811	2431811	HUMAN_OBSERVATION	INPA		243588				CC_BY_NC_4_0					2026-06-11T22:34:11.193Z		
5001729958	6c8d87be-829d-4364-b2bc-578258761cc2	INPA-490704	Animalia	Chordata	Amphibia	Caudata	Salamandridae	Ommatotriton	"Ommatotriton vittatus"		SPECIES	"Ommatotriton vittatus (Gray, 1835)"	"Triturus vittatus"		IL			PRESENT	1	4f160e00-329d-11d9-8439-b8a03c50a862	32.42983	35.008203	0.71						1996-02-12	12	2	1996	2431811	2431811	HUMAN_OBSERVATION	INPA		490704				CC_BY_NC_4_0					2026-06-11T22:34:36.627Z		
6159756747	6c8d87be-829d-4364-b2bc-578258761cc2	INPA-5860992	Animalia	Chordata	Amphibia	Caudata	Salamandridae	Ommatotriton	"Ommatotriton vittatus"		SPECIES	"Ommatotriton vittatus (Gray, 1835)"	"Triturus vittatus"		IL			PRESENT	1	4f160e00-329d-11d9-8439-b8a03c50a862	32.727411	35.018219	0.71						2026-02-20	20	2	2026	2431811	2431811	HUMAN_OBSERVATION	INPA		5860992				CC_BY_NC_4_0					2026-06-11T22:34:57.754Z		
5002831234	6c8d87be-829d-4364-b2bc-578258761cc2	INPA-4847730	Animalia	Chordata	Amphibia	Caudata	Salamandridae	Ommatotriton	"Ommatotriton vittatus"		SPECIES	"Ommatotriton vittatus (Gray, 1835)"	"Triturus vittatus"		IL			PRESENT	1	4f160e00-329d-11d9-8439-b8a03c50a862	32.601231	35.061094	0.71						2024-04-02	2	4	2024	2431811	2431811	HUMAN_OBSERVATION	INPA		4847730				CC_BY_NC_4_0					2026-06-11T22:35:13.687Z		
5002218309	6c8d87be-829d-4364-b2bc-578258761cc2	INPA-1697165	Animalia	Chordata	Amphibia	Caudata	Salamandridae	Ommatotriton	"Ommatotriton vittatus"		SPECIES	"Ommatotriton vittatus (Gray, 1835)"	"Triturus vittatus"		IL			PRESENT	1	4f160e00-329d-11d9-8439-b8a03c50a862	32.592139	35.007847	0.71						2019-03-11	11	3	2019	2431811	2431811	HUMAN_OBSERVATION	INPA		1697165				CC_BY_NC_4_0					2026-06-11T22:34:13.138Z		
5002406503	6c8d87be-829d-4364-b2bc-578258761cc2	INPA-2094756	Animalia	Chordata	Amphibia	Caudata	Salamandridae	Ommatotriton	"Ommatotriton vittatus"		SPECIES	"Ommatotriton vittatus (Gray, 1835)"	"Triturus vittatus"		IL			PRESENT	1	4f160e00-329d-11d9-8439-b8a03c50a862	32.131807	34.818081	0.71						2020-05-19	19	5	2020	2431811	2431811	HUMAN_OBSERVATION	INPA		2094756				CC_BY_NC_4_0					2026-06-11T22:34:21.991Z		
5001907951	6c8d87be-829d-4364-b2bc-578258761cc2	INPA-727815	Animalia	Chordata	Amphibia	Caudata	Salamandridae	Ommatotriton	"Ommatotriton vittatus"		SPECIES	"Ommatotriton vittatus (Gray, 1835)"	"Triturus vittatus"		IL			PRESENT	1	4f160e00-329d-11d9-8439-b8a03c50a862	32.619252	35.050411	0.71						2015-03-28	28	3	2015	2431811	2431811	HUMAN_OBSERVATION	INPA		727815				CC_BY_NC_4_0					2026-06-11T22:34:37.953Z		
5001535930	6c8d87be-829d-4364-b2bc-578258761cc2	INPA-243658	Animalia	Chordata	Amphibia	Caudata	Salamandridae	Ommatotriton	"Ommatotriton vittatus"		SPECIES	"Ommatotriton vittatus (Gray, 1835)"	"Triturus vittatus"		IL			PRESENT	1	4f160e00-329d-11d9-8439-b8a03c50a862	32.907407	35.552308	0.71						1984-02-10	10	2	1984	2431811	2431811	HUMAN_OBSERVATION	INPA		243658				CC_BY_NC_4_0					2026-06-11T22:34:41.450Z		
5002233206	6c8d87be-829d-4364-b2bc-578258761cc2	INPA-1747061	Animalia	Chordata	Amphibia	Caudata	Salamandridae	Ommatotriton	"Ommatotriton vittatus"		SPECIES	"Ommatotriton vittatus (Gray, 1835)"	"Triturus vittatus"		IL			PRESENT	1	4f160e00-329d-11d9-8439-b8a03c50a862	31.825599	34.988367	0.71						2019-04-23	23	4	2019	2431811	2431811	HUMAN_OBSERVATION	INPA		1747061				CC_BY_NC_4_0					2026-06-11T22:34:22.745Z		
5001752868	6c8d87be-829d-4364-b2bc-578258761cc2	INPA-538458	Animalia	Chordata	Amphibia	Caudata	Salamandridae	Ommatotriton	"Ommatotriton vittatus"		SPECIES	"Ommatotriton vittatus (Gray, 1835)"	"Triturus vittatus"		IL			PRESENT	1	4f160e00-329d-11d9-8439-b8a03c50a862	32.42983	35.008203	0.71						1997-12-27	27	12	1997	2431811	2431811	HUMAN_OBSERVATION	INPA		538458				CC_BY_NC_4_0					2026-06-11T22:34:08.178Z		
5917422214	6c8d87be-829d-4364-b2bc-578258761cc2	INPA-5759507	Animalia	Chordata	Amphibia	Caudata	Salamandridae	Ommatotriton	"Ommatotriton vittatus"		SPECIES	"Ommatotriton vittatus (Gray, 1835)"	"Triturus vittatus"		IL			PRESENT	1	4f160e00-329d-11d9-8439-b8a03c50a862	32.176929	34.828497	0.71						2025-12-10	10	12	2025	2431811	2431811	HUMAN_OBSERVATION	INPA		5759507				CC_BY_NC_4_0					2026-06-11T22:34:30.321Z		
5002451032	6c8d87be-829d-4364-b2bc-578258761cc2	INPA-2094753	Animalia	Chordata	Amphibia	Caudata	Salamandridae	Ommatotriton	"Ommatotriton vittatus"		SPECIES	"Ommatotriton vittatus (Gray, 1835)"	"Triturus vittatus"		IL			PRESENT	1	4f160e00-329d-11d9-8439-b8a03c50a862	32.131807	34.818081	0.71						2020-05-19	19	5	2020	2431811	2431811	HUMAN_OBSERVATION	INPA		2094753				CC_BY_NC_4_0					2026-06-11T22:34:44.536Z		
5002952837	6c8d87be-829d-4364-b2bc-578258761cc2	INPA-4850645	Animalia	Chordata	Amphibia	Caudata	Salamandridae	Ommatotriton	"Ommatotriton vittatus"		SPECIES	"Ommatotriton vittatus (Gray, 1835)"	"Triturus vittatus"		IL			PRESENT	1	4f160e00-329d-11d9-8439-b8a03c50a862	32.574211	35.093086	0.71						2024-04-04	4	4	2024	2431811	2431811	HUMAN_OBSERVATION	INPA		4850645				CC_BY_NC_4_0					2026-06-11T22:34:50.109Z		
5895429133	6c8d87be-829d-4364-b2bc-578258761cc2	INPA-4261894	Animalia	Chordata	Amphibia	Caudata	Salamandridae	Ommatotriton	"Ommatotriton vittatus"		SPECIES	"Ommatotriton vittatus (Gray, 1835)"	"Triturus vittatus"		IL			PRESENT	1	4f160e00-329d-11d9-8439-b8a03c50a862	32.175335	34.826033							2022-12-27	27	12	2022	2431811	2431811	HUMAN_OBSERVATION	INPA		4261894				CC_BY_NC_4_0					2026-06-11T22:34:57.288Z		
5003088695	6c8d87be-829d-4364-b2bc-578258761cc2	INPA-760788	Animalia	Chordata	Amphibia	Caudata	Salamandridae	Ommatotriton	"Ommatotriton vittatus"		SPECIES	"Ommatotriton vittatus (Gray, 1835)"	"Triturus vittatus"		IL			PRESENT	1	4f160e00-329d-11d9-8439-b8a03c50a862	33.051982	35.413689	0.71						2010-12-24	24	12	2010	2431811	2431811	HUMAN_OBSERVATION	INPA		760788				CC_BY_NC_4_0					2026-06-11T22:35:13.439Z		
5002922166	6c8d87be-829d-4364-b2bc-578258761cc2	INPA-4871158	Animalia	Chordata	Amphibia	Caudata	Salamandridae	Ommatotriton	"Ommatotriton vittatus"		SPECIES	"Ommatotriton vittatus (Gray, 1835)"	"Triturus vittatus"		IL			PRESENT	1	4f160e00-329d-11d9-8439-b8a03c50a862	32.60128	35.114358	0.71						2024-04-18	18	4	2024	2431811	2431811	HUMAN_OBSERVATION	INPA		4871158				CC_BY_NC_4_0					2026-06-11T22:34:21.943Z		
5001534668	6c8d87be-829d-4364-b2bc-578258761cc2	INPA-243552	Animalia	Chordata	Amphibia	Caudata	Salamandridae	Ommatotriton	"Ommatotriton vittatus"		SPECIES	"Ommatotriton vittatus (Gray, 1835)"	"Triturus vittatus"		IL			PRESENT	1	4f160e00-329d-11d9-8439-b8a03c50a862	32.041528	34.786698	0.71						1980-04-24	24	4	1980	2431811	2431811	HUMAN_OBSERVATION	INPA		243552				CC_BY_NC_4_0					2026-06-11T22:34:40.341Z		
5001547587	6c8d87be-829d-4364-b2bc-578258761cc2	INPA-243555	Animalia	Chordata	Amphibia	Caudata	Salamandridae	Ommatotriton	"Ommatotriton vittatus"		SPECIES	"Ommatotriton vittatus (Gray, 1835)"	"Triturus vittatus"		IL			PRESENT	1	4f160e00-329d-11d9-8439-b8a03c50a862	32.023718	34.860879	0.71						1980-03-23	23	3	1980	2431811	2431811	HUMAN_OBSERVATION	INPA		243555				CC_BY_NC_4_0					2026-06-11T22:34:40.425Z		
5002413482	6c8d87be-829d-4364-b2bc-578258761cc2	INPA-2035129	Animalia	Chordata	Amphibia	Caudata	Salamandridae	Ommatotriton	"Ommatotriton vittatus"		SPECIES	"Ommatotriton vittatus (Gray, 1835)"	"Triturus vittatus"		IL			PRESENT	1	4f160e00-329d-11d9-8439-b8a03c50a862	32.131774	34.807483	0.71						2020-03-25	25	3	2020	2431811	2431811	HUMAN_OBSERVATION	INPA		2035129				CC_BY_NC_4_0					2026-06-11T22:34:49.827Z		
5001544095	6c8d87be-829d-4364-b2bc-578258761cc2	INPA-243705	Animalia	Chordata	Amphibia	Caudata	Salamandridae	Ommatotriton	"Ommatotriton vittatus"		SPECIES	"Ommatotriton vittatus (Gray, 1835)"	"Triturus vittatus"		IL			PRESENT	1	4f160e00-329d-11d9-8439-b8a03c50a862	32.574123	35.018539	0.71						1987-12-16	16	12	1987	2431811	2431811	HUMAN_OBSERVATION	INPA		243705				CC_BY_NC_4_0					2026-06-11T22:34:07.656Z		
5001547591	6c8d87be-829d-4364-b2bc-578258761cc2	INPA-243603	Animalia	Chordata	Amphibia	Caudata	Salamandridae	Ommatotriton	"Ommatotriton vittatus"		SPECIES	"Ommatotriton vittatus (Gray, 1835)"	"Triturus vittatus"		IL			PRESENT	1	4f160e00-329d-11d9-8439-b8a03c50a862	31.725512	34.682614	0.71						1980-06-01	1	6	1980	2431811	2431811	HUMAN_OBSERVATION	INPA		243603				CC_BY_NC_4_0					2026-06-11T22:34:07.676Z		
5001638360	6c8d87be-829d-4364-b2bc-578258761cc2	INPA-359997	Animalia	Chordata	Amphibia	Caudata	Salamandridae	Ommatotriton	"Ommatotriton vittatus"		SPECIES	"Ommatotriton vittatus (Gray, 1835)"	"Triturus vittatus"		IL			PRESENT	1	4f160e00-329d-11d9-8439-b8a03c50a862	31.825581	34.977804	0.71						1995-04-19	19	4	1995	2431811	2431811	HUMAN_OBSERVATION	INPA		359997				CC_BY_NC_4_0					2026-06-11T22:34:35.974Z		
5002637773	6c8d87be-829d-4364-b2bc-578258761cc2	INPA-3813105	Animalia	Chordata	Amphibia	Caudata	Salamandridae	Ommatotriton	"Ommatotriton vittatus"		SPECIES	"Ommatotriton vittatus (Gray, 1835)"	"Triturus vittatus"		IL			PRESENT	1	4f160e00-329d-11d9-8439-b8a03c50a862	31.861571	34.935449	0.71						2022-04-17	17	4	2022	2431811	2431811	HUMAN_OBSERVATION	INPA		3813105				CC_BY_NC_4_0					2026-06-11T22:34:47.328Z		
5002917222	6c8d87be-829d-4364-b2bc-578258761cc2	INPA-4745998	Animalia	Chordata	Amphibia	Caudata	Salamandridae	Ommatotriton	"Ommatotriton vittatus"		SPECIES	"Ommatotriton vittatus (Gray, 1835)"	"Triturus vittatus"		IL			PRESENT	1	4f160e00-329d-11d9-8439-b8a03c50a862	32.529049	35.029273	0.71						2023-12-30	30	12	2023	2431811	2431811	HUMAN_OBSERVATION	INPA		4745998				CC_BY_NC_4_0					2026-06-11T22:34:50.549Z		
6159759277	6c8d87be-829d-4364-b2bc-578258761cc2	INPA-5841453	Animalia	Chordata	Amphibia	Caudata	Salamandridae	Ommatotriton	"Ommatotriton vittatus"		SPECIES	"Ommatotriton vittatus (Gray, 1835)"	"Triturus vittatus"		IL			PRESENT	1	4f160e00-329d-11d9-8439-b8a03c50a862	32.763538	35.060835	0.71						2026-02-09	9	2	2026	2431811	2431811	HUMAN_OBSERVATION	INPA		5841453				CC_BY_NC_4_0					2026-06-11T22:34:58.875Z		
5002502555	6c8d87be-829d-4364-b2bc-578258761cc2	INPA-3077316	Animalia	Chordata	Amphibia	Caudata	Salamandridae	Ommatotriton	"Ommatotriton vittatus"		SPECIES	"Ommatotriton vittatus (Gray, 1835)"	"Triturus vittatus"		IL			PRESENT	1	4f160e00-329d-11d9-8439-b8a03c50a862	31.861571	34.935449	0.71						2021-02-17	17	2	2021	2431811	2431811	HUMAN_OBSERVATION	INPA		3077316				CC_BY_NC_4_0					2026-06-11T22:34:52.180Z		
5001905293	6c8d87be-829d-4364-b2bc-578258761cc2	INPA-743418	Animalia	Chordata	Amphibia	Caudata	Salamandridae	Ommatotriton	"Ommatotriton vittatus"		SPECIES	"Ommatotriton vittatus (Gray, 1835)"	"Triturus vittatus"		IL			PRESENT	1	4f160e00-329d-11d9-8439-b8a03c50a862	32.862017	35.648281	0.71						2013-02-19	19	2	2013	2431811	2431811	HUMAN_OBSERVATION	INPA		743418				CC_BY_NC_4_0					2026-06-11T22:34:38.395Z		
5002422292	6c8d87be-829d-4364-b2bc-578258761cc2	INPA-2979864	Animalia	Chordata	Amphibia	Caudata	Salamandridae	Ommatotriton	"Ommatotriton vittatus"		SPECIES	"Ommatotriton vittatus (Gray, 1835)"	"Triturus vittatus"		IL			PRESENT	1	4f160e00-329d-11d9-8439-b8a03c50a862	31.654171	34.946591	0.71						2020-11-18	18	11	2020	2431811	2431811	HUMAN_OBSERVATION	INPA		2979864				CC_BY_NC_4_0					2026-06-11T22:34:43.372Z		
5002040453	6c8d87be-829d-4364-b2bc-578258761cc2	INPA-1152569	Animalia	Chordata	Amphibia	Caudata	Salamandridae	Ommatotriton	"Ommatotriton vittatus"		SPECIES	"Ommatotriton vittatus (Gray, 1835)"	"Triturus vittatus"		IL			PRESENT	1	4f160e00-329d-11d9-8439-b8a03c50a862	32.48395	35.018725	0.71						2017-02-28	28	2	2017	2431811	2431811	HUMAN_OBSERVATION	INPA		1152569				CC_BY_NC_4_0					2026-06-11T22:34:45.836Z		
5002211905	6c8d87be-829d-4364-b2bc-578258761cc2	INPA-1589263	Animalia	Chordata	Amphibia	Caudata	Salamandridae	Ommatotriton	"Ommatotriton vittatus"		SPECIES	"Ommatotriton vittatus (Gray, 1835)"	"Triturus vittatus"		IL			PRESENT	1	4f160e00-329d-11d9-8439-b8a03c50a862	32.538038	35.007968	0.71						2019-01-12	12	1	2019	2431811	2431811	HUMAN_OBSERVATION	INPA		1589263				CC_BY_NC_4_0					2026-06-11T22:34:47.934Z		
5001933706	6c8d87be-829d-4364-b2bc-578258761cc2	INPA-744600	Animalia	Chordata	Amphibia	Caudata	Salamandridae	Ommatotriton	"Ommatotriton vittatus"		SPECIES	"Ommatotriton vittatus (Gray, 1835)"	"Triturus vittatus"		IL			PRESENT	1	4f160e00-329d-11d9-8439-b8a03c50a862	32.600944	35.508508	0.71						2012-12-13	13	12	2012	2431811	2431811	HUMAN_OBSERVATION	INPA		744600				CC_BY_NC_4_0					2026-06-11T22:34:09.773Z		
5001544089	6c8d87be-829d-4364-b2bc-578258761cc2	INPA-243639	Animalia	Chordata	Amphibia	Caudata	Salamandridae	Ommatotriton	"Ommatotriton vittatus"		SPECIES	"Ommatotriton vittatus (Gray, 1835)"	"Triturus vittatus"		IL			PRESENT	1	4f160e00-329d-11d9-8439-b8a03c50a862	33.141047	35.767571	0.71						1982-01-12	12	1	1982	2431811	2431811	HUMAN_OBSERVATION	INPA		243639				CC_BY_NC_4_0					2026-06-11T22:34:07.748Z		COUNTRY_COORDINATE_MISMATCH;SCIENTIFIC_NAME_AND_ID_INCONSISTENT
5002334188	6c8d87be-829d-4364-b2bc-578258761cc2	INPA-1985185	Animalia	Chordata	Amphibia	Caudata	Salamandridae	Ommatotriton	"Ommatotriton vittatus"		SPECIES	"Ommatotriton vittatus (Gray, 1835)"	"Triturus vittatus"		IL			PRESENT	1	4f160e00-329d-11d9-8439-b8a03c50a862	31.816598	34.998949	0.71						2020-01-29	29	1	2020	2431811	2431811	HUMAN_OBSERVATION	INPA		1985185				CC_BY_NC_4_0					2026-06-11T22:34:46.264Z		
5003230554	6c8d87be-829d-4364-b2bc-578258761cc2	INPA-3857435	Animalia	Chordata	Amphibia	Caudata	Salamandridae	Ommatotriton	"Ommatotriton vittatus"		SPECIES	"Ommatotriton vittatus (Gray, 1835)"	"Triturus vittatus"		IL			PRESENT	1	4f160e00-329d-11d9-8439-b8a03c50a862	33.015792	35.477817	0.71						2022-05-07	7	5	2022	2431811	2431811	HUMAN_OBSERVATION	INPA		3857435				CC_BY_NC_4_0					2026-06-11T22:34:56.667Z		
5001547247	6c8d87be-829d-4364-b2bc-578258761cc2	INPA-243736	Animalia	Chordata	Amphibia	Caudata	Salamandridae	Ommatotriton	"Ommatotriton vittatus"		SPECIES	"Ommatotriton vittatus (Gray, 1835)"	"Triturus vittatus"		IL			PRESENT	1	4f160e00-329d-11d9-8439-b8a03c50a862	32.565149	35.050503	0.71						1989-02-01	1	2	1989	2431811	2431811	HUMAN_OBSERVATION	INPA		243736				CC_BY_NC_4_0					2026-06-11T22:35:04.876Z		
5001937094	6c8d87be-829d-4364-b2bc-578258761cc2	INPA-743537	Animalia	Chordata	Amphibia	Caudata	Salamandridae	Ommatotriton	"Ommatotriton vittatus"		SPECIES	"Ommatotriton vittatus (Gray, 1835)"	"Triturus vittatus"		IL			PRESENT	1	4f160e00-329d-11d9-8439-b8a03c50a862	32.907377	35.562997	0.71						2013-02-12	12	2	2013	2431811	2431811	HUMAN_OBSERVATION	INPA		743537				CC_BY_NC_4_0					2026-06-11T22:35:08.062Z		
5003114411	6c8d87be-829d-4364-b2bc-578258761cc2	INPA-1174323	Animalia	Chordata	Amphibia	Caudata	Salamandridae	Ommatotriton	"Ommatotriton vittatus"		SPECIES	"Ommatotriton vittatus (Gray, 1835)"	"Triturus vittatus"		IL			PRESENT	1	4f160e00-329d-11d9-8439-b8a03c50a862	32.105058	34.934738	0.71						2017-03-27	27	3	2017	2431811	2431811	HUMAN_OBSERVATION	INPA		1174323				CC_BY_NC_4_0					2026-06-11T22:35:19.225Z		
5002840144	6c8d87be-829d-4364-b2bc-578258761cc2	INPA-4857701	Animalia	Chordata	Amphibia	Caudata	Salamandridae	Ommatotriton	"Ommatotriton vittatus"		SPECIES	"Ommatotriton vittatus (Gray, 1835)"	"Triturus vittatus"		IL			PRESENT	1	4f160e00-329d-11d9-8439-b8a03c50a862	32.529049	35.029273	0.71						2024-04-10	10	4	2024	2431811	2431811	HUMAN_OBSERVATION	INPA		4857701				CC_BY_NC_4_0					2026-06-11T22:34:46.987Z		
5003135347	6c8d87be-829d-4364-b2bc-578258761cc2	INPA-1412281	Animalia	Chordata	Amphibia	Caudata	Salamandridae	Ommatotriton	"Ommatotriton vittatus"		SPECIES	"Ommatotriton vittatus (Gray, 1835)"	"Triturus vittatus"		IL			PRESENT	1	4f160e00-329d-11d9-8439-b8a03c50a862	32.933264	35.851791	0.71						2018-04-10	10	4	2018	2431811	2431811	HUMAN_OBSERVATION	INPA		1412281				CC_BY_NC_4_0					2026-06-11T22:34:49.914Z		COUNTRY_COORDINATE_MISMATCH;SCIENTIFIC_NAME_AND_ID_INCONSISTENT
5002790079	6c8d87be-829d-4364-b2bc-578258761cc2	INPA-4731512	Animalia	Chordata	Amphibia	Caudata	Salamandridae	Ommatotriton	"Ommatotriton vittatus"		SPECIES	"Ommatotriton vittatus (Gray, 1835)"	"Triturus vittatus"		IL			PRESENT	1	4f160e00-329d-11d9-8439-b8a03c50a862	33.132082	35.756801	0.71						2023-12-06	6	12	2023	2431811	2431811	HUMAN_OBSERVATION	INPA		4731512				CC_BY_NC_4_0					2026-06-11T22:34:49.103Z		COUNTRY_COORDINATE_MISMATCH;SCIENTIFIC_NAME_AND_ID_INCONSISTENT
5001901018	6c8d87be-829d-4364-b2bc-578258761cc2	INPA-749444	Animalia	Chordata	Amphibia	Caudata	Salamandridae	Ommatotriton	"Ommatotriton vittatus"		SPECIES	"Ommatotriton vittatus (Gray, 1835)"	"Triturus vittatus"		IL			PRESENT	1	4f160e00-329d-11d9-8439-b8a03c50a862	32.583229	35.093075	0.71						2012-04-01	1	4	2012	2431811	2431811	HUMAN_OBSERVATION	INPA		749444				CC_BY_NC_4_0					2026-06-11T22:35:07.472Z		
5003007937	6c8d87be-829d-4364-b2bc-578258761cc2	INPA-243586	Animalia	Chordata	Amphibia	Caudata	Salamandridae	Ommatotriton	"Ommatotriton vittatus"		SPECIES	"Ommatotriton vittatus (Gray, 1835)"	"Triturus vittatus"		IL			PRESENT	1	4f160e00-329d-11d9-8439-b8a03c50a862	31.888042	34.734548	0.71						1980-03-16	16	3	1980	2431811	2431811	HUMAN_OBSERVATION	INPA		243586				CC_BY_NC_4_0					2026-06-11T22:35:18.390Z		
5157072888	6c8d87be-829d-4364-b2bc-578258761cc2	INPA-5331647	Animalia	Chordata	Amphibia	Caudata	Salamandridae	Ommatotriton	"Ommatotriton vittatus"		SPECIES	"Ommatotriton vittatus (Gray, 1835)"	"Triturus vittatus"		IL			PRESENT	1	4f160e00-329d-11d9-8439-b8a03c50a862	32.574258	35.178282	0.71						2025-04-28	28	4	2025	2431811	2431811	HUMAN_OBSERVATION	INPA		5331647				CC_BY_NC_4_0					2026-06-11T22:35:21.187Z		
5001566749	6c8d87be-829d-4364-b2bc-578258761cc2	INPA-263389	Animalia	Chordata	Amphibia	Caudata	Salamandridae	Ommatotriton	"Ommatotriton vittatus"		SPECIES	"Ommatotriton vittatus (Gray, 1835)"	"Triturus vittatus"		IL			PRESENT	1	4f160e00-329d-11d9-8439-b8a03c50a862	32.790533	35.018091	0.71						1988-05-03	3	5	1988	2431811	2431811	HUMAN_OBSERVATION	INPA		263389				CC_BY_NC_4_0					2026-06-11T22:34:10.854Z		
5002842500	6c8d87be-829d-4364-b2bc-578258761cc2	INPA-4418418	Animalia	Chordata	Amphibia	Caudata	Salamandridae	Ommatotriton	"Ommatotriton vittatus"		SPECIES	"Ommatotriton vittatus (Gray, 1835)"	"Triturus vittatus"		IL			PRESENT	1	4f160e00-329d-11d9-8439-b8a03c50a862	32.176929	34.828497	0.71						2023-03-14	14	3	2023	2431811	2431811	HUMAN_OBSERVATION	INPA		4418418				CC_BY_NC_4_0					2026-06-11T22:34:27.091Z		
5001840716	6c8d87be-829d-4364-b2bc-578258761cc2	INPA-626775	Animalia	Chordata	Amphibia	Caudata	Salamandridae	Ommatotriton	"Ommatotriton vittatus"		SPECIES	"Ommatotriton vittatus (Gray, 1835)"	"Triturus vittatus"		IL			PRESENT	1	4f160e00-329d-11d9-8439-b8a03c50a862	33.00576	35.777414	0.71						2004-05-09	9	5	2004	2431811	2431811	HUMAN_OBSERVATION	INPA		626775				CC_BY_NC_4_0					2026-06-11T22:34:43.858Z		COUNTRY_COORDINATE_MISMATCH;SCIENTIFIC_NAME_AND_ID_INCONSISTENT
5002278977	6c8d87be-829d-4364-b2bc-578258761cc2	INPA-1696846	Animalia	Chordata	Amphibia	Caudata	Salamandridae	Ommatotriton	"Ommatotriton vittatus"		SPECIES	"Ommatotriton vittatus (Gray, 1835)"	"Triturus vittatus"		IL			PRESENT	1	4f160e00-329d-11d9-8439-b8a03c50a862	31.816598	34.998949	0.71						2019-03-11	11	3	2019	2431811	2431811	HUMAN_OBSERVATION	INPA		1696846				CC_BY_NC_4_0					2026-06-11T22:34:49.239Z		
5002809577	6c8d87be-829d-4364-b2bc-578258761cc2	INPA-4261896	Animalia	Chordata	Amphibia	Caudata	Salamandridae	Ommatotriton	"Ommatotriton vittatus"		SPECIES	"Ommatotriton vittatus (Gray, 1835)"	"Triturus vittatus"		IL			PRESENT	1	4f160e00-329d-11d9-8439-b8a03c50a862	32.176929	34.828497	0.71						2022-12-27	27	12	2022	2431811	2431811	HUMAN_OBSERVATION	INPA		4261896				CC_BY_NC_4_0					2026-06-11T22:34:55.736Z		
5003175256	6c8d87be-829d-4364-b2bc-578258761cc2	INPA-2009747	Animalia	Chordata	Amphibia	Caudata	Salamandridae	Ommatotriton	"Ommatotriton vittatus"		SPECIES	"Ommatotriton vittatus (Gray, 1835)"	"Triturus vittatus"		IL			PRESENT	1	4f160e00-329d-11d9-8439-b8a03c50a862	31.816598	34.998949	0.71						2020-03-01	1	3	2020	2431811	2431811	HUMAN_OBSERVATION	INPA		2009747				CC_BY_NC_4_0					2026-06-11T22:34:59.538Z		
5001535919	6c8d87be-829d-4364-b2bc-578258761cc2	INPA-243478	Animalia	Chordata	Amphibia	Caudata	Salamandridae	Ommatotriton	"Ommatotriton vittatus"		SPECIES	"Ommatotriton vittatus (Gray, 1835)"	"Triturus vittatus"		IL			PRESENT	1	4f160e00-329d-11d9-8439-b8a03c50a862	32.168205	34.945154	0.71						1980-03-09	9	3	1980	2431811	2431811	HUMAN_OBSERVATION	INPA		243478				CC_BY_NC_4_0					2026-06-11T22:34:35.317Z		
5001543068	6c8d87be-829d-4364-b2bc-578258761cc2	INPA-243677	Animalia	Chordata	Amphibia	Caudata	Salamandridae	Ommatotriton	"Ommatotriton vittatus"		SPECIES	"Ommatotriton vittatus (Gray, 1835)"	"Triturus vittatus"		IL			PRESENT	1	4f160e00-329d-11d9-8439-b8a03c50a862	31.825599	34.988367	0.71						1986-01-15	15	1	1986	2431811	2431811	HUMAN_OBSERVATION	INPA		243677				CC_BY_NC_4_0					2026-06-11T22:34:35.373Z		
6159758765	6c8d87be-829d-4364-b2bc-578258761cc2	INPA-5841451	Animalia	Chordata	Amphibia	Caudata	Salamandridae	Ommatotriton	"Ommatotriton vittatus"		SPECIES	"Ommatotriton vittatus (Gray, 1835)"	"Triturus vittatus"		IL			PRESENT	1	4f160e00-329d-11d9-8439-b8a03c50a862	32.763538	35.060835	0.71						2026-02-09	9	2	2026	2431811	2431811	HUMAN_OBSERVATION	INPA		5841451				CC_BY_NC_4_0					2026-06-11T22:34:59.289Z		
5001627804	6c8d87be-829d-4364-b2bc-578258761cc2	INPA-352899	Animalia	Chordata	Amphibia	Caudata	Salamandridae	Ommatotriton	"Ommatotriton vittatus"		SPECIES	"Ommatotriton vittatus (Gray, 1835)"	"Triturus vittatus"		IL			PRESENT	1	4f160e00-329d-11d9-8439-b8a03c50a862	32.48395	35.018725	0.71						2000-02-11	11	2	2000	2431811	2431811	HUMAN_OBSERVATION	INPA		352899				CC_BY_NC_4_0					2026-06-11T22:34:47.583Z		
5002221231	6c8d87be-829d-4364-b2bc-578258761cc2	INPA-1589517	Animalia	Chordata	Amphibia	Caudata	Salamandridae	Ommatotriton	"Ommatotriton vittatus"		SPECIES	"Ommatotriton vittatus (Gray, 1835)"	"Triturus vittatus"		IL			PRESENT	1	4f160e00-329d-11d9-8439-b8a03c50a862	32.59227	35.125019	0.71						2019-01-13	13	1	2019	2431811	2431811	HUMAN_OBSERVATION	INPA		1589517				CC_BY_NC_4_0					2026-06-11T22:34:54.052Z		
5001927018	6c8d87be-829d-4364-b2bc-578258761cc2	INPA-729782	Animalia	Chordata	Amphibia	Caudata	Salamandridae	Ommatotriton	"Ommatotriton vittatus"		SPECIES	"Ommatotriton vittatus (Gray, 1835)"	"Triturus vittatus"		IL			PRESENT	1	4f160e00-329d-11d9-8439-b8a03c50a862	31.816598	34.998949	0.71						2014-12-02	2	12	2014	2431811	2431811	HUMAN_OBSERVATION	INPA		729782				CC_BY_NC_4_0					2026-06-11T22:34:09.807Z		
5002669284	6c8d87be-829d-4364-b2bc-578258761cc2	INPA-4261898	Animalia	Chordata	Amphibia	Caudata	Salamandridae	Ommatotriton	"Ommatotriton vittatus"		SPECIES	"Ommatotriton vittatus (Gray, 1835)"	"Triturus vittatus"		IL			PRESENT	1	4f160e00-329d-11d9-8439-b8a03c50a862	32.176929	34.828497	0.71						2022-12-27	27	12	2022	2431811	2431811	HUMAN_OBSERVATION	INPA		4261898				CC_BY_NC_4_0					2026-06-11T22:34:25.639Z		
5001958298	6c8d87be-829d-4364-b2bc-578258761cc2	INPA-771965	Animalia	Chordata	Amphibia	Caudata	Salamandridae	Ommatotriton	"Ommatotriton vittatus"		SPECIES	"Ommatotriton vittatus (Gray, 1835)"	"Triturus vittatus"		IL			PRESENT	1	4f160e00-329d-11d9-8439-b8a03c50a862	32.583229	35.093075	0.71						2015-05-17	17	5	2015	2431811	2431811	HUMAN_OBSERVATION	INPA		771965				CC_BY_NC_4_0					2026-06-11T22:34:38.254Z		
5002061745	6c8d87be-829d-4364-b2bc-578258761cc2	INPA-1198345	Animalia	Chordata	Amphibia	Caudata	Salamandridae	Ommatotriton	"Ommatotriton vittatus"		SPECIES	"Ommatotriton vittatus (Gray, 1835)"	"Triturus vittatus"		IL			PRESENT	1	4f160e00-329d-11d9-8439-b8a03c50a862	33.07893	35.467303	0.71						2017-04-26	26	4	2017	2431811	2431811	HUMAN_OBSERVATION	INPA		1198345				CC_BY_NC_4_0					2026-06-11T22:34:39.300Z		
5001798644	6c8d87be-829d-4364-b2bc-578258761cc2	INPA-578817	Animalia	Chordata	Amphibia	Caudata	Salamandridae	Ommatotriton	"Ommatotriton vittatus"		SPECIES	"Ommatotriton vittatus (Gray, 1835)"	"Triturus vittatus"		IL			PRESENT	1	4f160e00-329d-11d9-8439-b8a03c50a862	33.01595	35.392199	0.71						2002-04-25	25	4	2002	2431811	2431811	HUMAN_OBSERVATION	INPA		578817				CC_BY_NC_4_0					2026-06-11T22:34:44.746Z		
5001835556	6c8d87be-829d-4364-b2bc-578258761cc2	INPA-651281	Animalia	Chordata	Amphibia	Caudata	Salamandridae	Ommatotriton	"Ommatotriton vittatus"		SPECIES	"Ommatotriton vittatus (Gray, 1835)"	"Triturus vittatus"		IL			PRESENT	1	4f160e00-329d-11d9-8439-b8a03c50a862	32.59227	35.125019	0.71						2006-06-25	25	6	2006	2431811	2431811	HUMAN_OBSERVATION	INPA		651281				CC_BY_NC_4_0					2026-06-11T22:34:45.059Z		
5002317423	6c8d87be-829d-4364-b2bc-578258761cc2	INPA-1853802	Animalia	Chordata	Amphibia	Caudata	Salamandridae	Ommatotriton	"Ommatotriton vittatus"		SPECIES	"Ommatotriton vittatus (Gray, 1835)"	"Triturus vittatus"		IL			PRESENT	1	4f160e00-329d-11d9-8439-b8a03c50a862	31.600081	34.957278	0.71						2019-08-13	13	8	2019	2431811	2431811	HUMAN_OBSERVATION	INPA		1853802				CC_BY_NC_4_0					2026-06-11T22:34:50.954Z		
5001965243	6c8d87be-829d-4364-b2bc-578258761cc2	INPA-983653	Animalia	Chordata	Amphibia	Caudata	Salamandridae	Ommatotriton	"Ommatotriton vittatus"		SPECIES	"Ommatotriton vittatus (Gray, 1835)"	"Triturus vittatus"		IL			PRESENT	1	4f160e00-329d-11d9-8439-b8a03c50a862	32.610219	35.039769	0.71						2016-03-11	11	3	2016	2431811	2431811	HUMAN_OBSERVATION	INPA		983653				CC_BY_NC_4_0					2026-06-11T22:34:39.174Z		
5001982982	6c8d87be-829d-4364-b2bc-578258761cc2	INPA-980635	Animalia	Chordata	Amphibia	Caudata	Salamandridae	Ommatotriton	"Ommatotriton vittatus"		SPECIES	"Ommatotriton vittatus (Gray, 1835)"	"Triturus vittatus"		IL			PRESENT	1	4f160e00-329d-11d9-8439-b8a03c50a862	31.816598	34.998949	0.71						2016-03-01	1	3	2016	2431811	2431811	HUMAN_OBSERVATION	INPA		980635				CC_BY_NC_4_0					2026-06-11T22:34:39.338Z		
5002330661	6c8d87be-829d-4364-b2bc-578258761cc2	INPA-1790881	Animalia	Chordata	Amphibia	Caudata	Salamandridae	Ommatotriton	"Ommatotriton vittatus"		SPECIES	"Ommatotriton vittatus (Gray, 1835)"	"Triturus vittatus"		IL			PRESENT	1	4f160e00-329d-11d9-8439-b8a03c50a862	32.92544	35.552379	0.71						2019-06-14	14	6	2019	2431811	2431811	HUMAN_OBSERVATION	INPA		1790881				CC_BY_NC_4_0					2026-06-11T22:34:19.666Z		
5001942006	6c8d87be-829d-4364-b2bc-578258761cc2	INPA-771820	Animalia	Chordata	Amphibia	Caudata	Salamandridae	Ommatotriton	"Ommatotriton vittatus"		SPECIES	"Ommatotriton vittatus (Gray, 1835)"	"Triturus vittatus"		IL			PRESENT	1	4f160e00-329d-11d9-8439-b8a03c50a862	32.583229	35.093075	0.71						2015-05-18	18	5	2015	2431811	2431811	HUMAN_OBSERVATION	INPA		771820				CC_BY_NC_4_0					2026-06-11T22:35:04.141Z		
5001555447	6c8d87be-829d-4364-b2bc-578258761cc2	INPA-263395	Animalia	Chordata	Amphibia	Caudata	Salamandridae	Ommatotriton	"Ommatotriton vittatus"		SPECIES	"Ommatotriton vittatus (Gray, 1835)"	"Triturus vittatus"		IL			PRESENT	1	4f160e00-329d-11d9-8439-b8a03c50a862	33.024964	35.392215	0.71						1988-05-03	3	5	1988	2431811	2431811	HUMAN_OBSERVATION	INPA		263395				CC_BY_NC_4_0					2026-06-11T22:34:09.996Z		
5001831129	6c8d87be-829d-4364-b2bc-578258761cc2	INPA-619254	Animalia	Chordata	Amphibia	Caudata	Salamandridae	Ommatotriton	"Ommatotriton vittatus"		SPECIES	"Ommatotriton vittatus (Gray, 1835)"	"Triturus vittatus"		IL			PRESENT	1	4f160e00-329d-11d9-8439-b8a03c50a862	32.915693	35.755453	0.71						2004-01-14	14	1	2004	2431811	2431811	HUMAN_OBSERVATION	INPA		619254				CC_BY_NC_4_0					2026-06-11T22:34:42.975Z		COUNTRY_COORDINATE_MISMATCH;SCIENTIFIC_NAME_AND_ID_INCONSISTENT
5003085996	6c8d87be-829d-4364-b2bc-578258761cc2	INPA-749662	Animalia	Chordata	Amphibia	Caudata	Salamandridae	Ommatotriton	"Ommatotriton vittatus"		SPECIES	"Ommatotriton vittatus (Gray, 1835)"	"Triturus vittatus"		IL			PRESENT	1	4f160e00-329d-11d9-8439-b8a03c50a862	31.861571	34.935449	0.71						2012-03-22	22	3	2012	2431811	2431811	HUMAN_OBSERVATION	INPA		749662				CC_BY_NC_4_0					2026-06-11T22:34:58.717Z		
6161271224	6c8d87be-829d-4364-b2bc-578258761cc2	INPA-5869273	Animalia	Chordata	Amphibia	Caudata	Salamandridae	Ommatotriton	"Ommatotriton vittatus"		SPECIES	"Ommatotriton vittatus (Gray, 1835)"	"Triturus vittatus"		IL			PRESENT	1	4f160e00-329d-11d9-8439-b8a03c50a862	31.680843	34.798871	0.71						2026-02-24	24	2	2026	2431811	2431811	HUMAN_OBSERVATION	INPA		5869273				CC_BY_NC_4_0					2026-06-11T22:35:05.924Z		
5002391877	6c8d87be-829d-4364-b2bc-578258761cc2	INPA-1991220	Animalia	Chordata	Amphibia	Caudata	Salamandridae	Ommatotriton	"Ommatotriton vittatus"		SPECIES	"Ommatotriton vittatus (Gray, 1835)"	"Triturus vittatus"		IL			PRESENT	1	4f160e00-329d-11d9-8439-b8a03c50a862	32.140827	34.818046	0.71						2020-02-06	6	2	2020	2431811	2431811	HUMAN_OBSERVATION	INPA		1991220				CC_BY_NC_4_0					2026-06-11T22:35:06.756Z		
5002847280	6c8d87be-829d-4364-b2bc-578258761cc2	INPA-4871399	Animalia	Chordata	Amphibia	Caudata	Salamandridae	Ommatotriton	"Ommatotriton vittatus"		SPECIES	"Ommatotriton vittatus (Gray, 1835)"	"Triturus vittatus"		IL			PRESENT	1	4f160e00-329d-11d9-8439-b8a03c50a862	32.60128	35.114358	0.71						2024-04-18	18	4	2024	2431811	2431811	HUMAN_OBSERVATION	INPA		4871399				CC_BY_NC_4_0					2026-06-11T22:35:11.283Z		
5002357778	6c8d87be-829d-4364-b2bc-578258761cc2	INPA-2009752	Animalia	Chordata	Amphibia	Caudata	Salamandridae	Ommatotriton	"Ommatotriton vittatus"		SPECIES	"Ommatotriton vittatus (Gray, 1835)"	"Triturus vittatus"		IL			PRESENT	1	4f160e00-329d-11d9-8439-b8a03c50a862	31.816598	34.998949	0.71						2020-03-01	1	3	2020	2431811	2431811	HUMAN_OBSERVATION	INPA		2009752				CC_BY_NC_4_0					2026-06-11T22:34:15.598Z		
5002115847	6c8d87be-829d-4364-b2bc-578258761cc2	INPA-1255063	Animalia	Chordata	Amphibia	Caudata	Salamandridae	Ommatotriton	"Ommatotriton vittatus"		SPECIES	"Ommatotriton vittatus (Gray, 1835)"	"Triturus vittatus"		IL			PRESENT	1	4f160e00-329d-11d9-8439-b8a03c50a862	32.745513	35.07153	0.71						2015-03-10	10	3	2015	2431811	2431811	HUMAN_OBSERVATION	INPA		1255063				CC_BY_NC_4_0					2026-06-11T22:34:12.636Z		
5002240122	6c8d87be-829d-4364-b2bc-578258761cc2	INPA-1723753	Animalia	Chordata	Amphibia	Caudata	Salamandridae	Ommatotriton	"Ommatotriton vittatus"		SPECIES	"Ommatotriton vittatus (Gray, 1835)"	"Triturus vittatus"		IL			PRESENT	1	4f160e00-329d-11d9-8439-b8a03c50a862	32.94338	35.584529	0.71						2019-04-02	2	4	2019	2431811	2431811	HUMAN_OBSERVATION	INPA		1723753				CC_BY_NC_4_0					2026-06-11T22:34:14.381Z		
5002367768	6c8d87be-829d-4364-b2bc-578258761cc2	INPA-2037094	Animalia	Chordata	Amphibia	Caudata	Salamandridae	Ommatotriton	"Ommatotriton vittatus"		SPECIES	"Ommatotriton vittatus (Gray, 1835)"	"Triturus vittatus"		IL			PRESENT	1	4f160e00-329d-11d9-8439-b8a03c50a862	32.131774	34.807483	0.71						2020-03-27	27	3	2020	2431811	2431811	HUMAN_OBSERVATION	INPA		2037094				CC_BY_NC_4_0					2026-06-11T22:34:15.912Z		
5003174459	6c8d87be-829d-4364-b2bc-578258761cc2	INPA-1985194	Animalia	Chordata	Amphibia	Caudata	Salamandridae	Ommatotriton	"Ommatotriton vittatus"		SPECIES	"Ommatotriton vittatus (Gray, 1835)"	"Triturus vittatus"		IL			PRESENT	1	4f160e00-329d-11d9-8439-b8a03c50a862	31.816598	34.998949	0.71						2020-01-29	29	1	2020	2431811	2431811	HUMAN_OBSERVATION	INPA		1985194				CC_BY_NC_4_0					2026-06-11T22:34:25.484Z		
5001897544	6c8d87be-829d-4364-b2bc-578258761cc2	INPA-727967	Animalia	Chordata	Amphibia	Caudata	Salamandridae	Ommatotriton	"Ommatotriton vittatus"		SPECIES	"Ommatotriton vittatus (Gray, 1835)"	"Triturus vittatus"		IL			PRESENT	1	4f160e00-329d-11d9-8439-b8a03c50a862	31.825599	34.988367	0.71						2015-03-22	22	3	2015	2431811	2431811	HUMAN_OBSERVATION	INPA		727967				CC_BY_NC_4_0					2026-06-11T22:35:01.874Z		
5002952121	6c8d87be-829d-4364-b2bc-578258761cc2	INPA-4793757	Animalia	Chordata	Amphibia	Caudata	Salamandridae	Ommatotriton	"Ommatotriton vittatus"		SPECIES	"Ommatotriton vittatus (Gray, 1835)"	"Triturus vittatus"		IL			PRESENT	1	4f160e00-329d-11d9-8439-b8a03c50a862	31.600081	34.957278	0.71						2024-02-25	25	2	2024	2431811	2431811	HUMAN_OBSERVATION	INPA		4793757				CC_BY_NC_4_0					2026-06-11T22:35:11.447Z		
5003005686	6c8d87be-829d-4364-b2bc-578258761cc2	INPA-243579	Animalia	Chordata	Amphibia	Caudata	Salamandridae	Ommatotriton	"Ommatotriton vittatus"		SPECIES	"Ommatotriton vittatus (Gray, 1835)"	"Triturus vittatus"		IL			PRESENT	1	4f160e00-329d-11d9-8439-b8a03c50a862	31.897136	34.755643	0.71						1980-03-16	16	3	1980	2431811	2431811	HUMAN_OBSERVATION	INPA		243579				CC_BY_NC_4_0					2026-06-11T22:35:11.883Z		
6239471312	6c8d87be-829d-4364-b2bc-578258761cc2	INPA-5959534	Animalia	Chordata	Amphibia	Caudata	Salamandridae	Ommatotriton	"Ommatotriton vittatus"		SPECIES	"Ommatotriton vittatus (Gray, 1835)"	"Triturus vittatus"		IL			PRESENT	1	4f160e00-329d-11d9-8439-b8a03c50a862	32.619252	35.050411	0.71						2026-05-01	1	5	2026	2431811	2431811	HUMAN_OBSERVATION	INPA		5959534				CC_BY_NC_4_0					2026-06-11T22:34:36.246Z		
5001923432	6c8d87be-829d-4364-b2bc-578258761cc2	INPA-727872	Animalia	Chordata	Amphibia	Caudata	Salamandridae	Ommatotriton	"Ommatotriton vittatus"		SPECIES	"Ommatotriton vittatus (Gray, 1835)"	"Triturus vittatus"		IL			PRESENT	1	4f160e00-329d-11d9-8439-b8a03c50a862	32.492951	35.008067	0.71						2015-03-25	25	3	2015	2431811	2431811	HUMAN_OBSERVATION	INPA		727872				CC_BY_NC_4_0					2026-06-11T22:34:14.083Z		
5002711530	6c8d87be-829d-4364-b2bc-578258761cc2	INPA-4261897	Animalia	Chordata	Amphibia	Caudata	Salamandridae	Ommatotriton	"Ommatotriton vittatus"		SPECIES	"Ommatotriton vittatus (Gray, 1835)"	"Triturus vittatus"		IL			PRESENT	1	4f160e00-329d-11d9-8439-b8a03c50a862	32.176929	34.828497	0.71						2022-12-27	27	12	2022	2431811	2431811	HUMAN_OBSERVATION	INPA		4261897				CC_BY_NC_4_0					2026-06-11T22:34:24.828Z		
5002391811	6c8d87be-829d-4364-b2bc-578258761cc2	INPA-1988316	Animalia	Chordata	Amphibia	Caudata	Salamandridae	Ommatotriton	"Ommatotriton vittatus"		SPECIES	"Ommatotriton vittatus (Gray, 1835)"	"Triturus vittatus"		IL			PRESENT	1	4f160e00-329d-11d9-8439-b8a03c50a862	32.131774	34.807483	0.71						2020-02-03	3	2	2020	2431811	2431811	HUMAN_OBSERVATION	INPA		1988316				CC_BY_NC_4_0					2026-06-11T22:34:46.962Z		
5003028667	6c8d87be-829d-4364-b2bc-578258761cc2	INPA-359434	Animalia	Chordata	Amphibia	Caudata	Salamandridae	Ommatotriton	"Ommatotriton vittatus"		SPECIES	"Ommatotriton vittatus (Gray, 1835)"	"Triturus vittatus"		IL			PRESENT	1	4f160e00-329d-11d9-8439-b8a03c50a862	31.861571	34.935449	0.71						1999-01-30	30	1	1999	2431811	2431811	HUMAN_OBSERVATION	INPA		359434				CC_BY_NC_4_0					2026-06-11T22:34:54.982Z		
5003136364	6c8d87be-829d-4364-b2bc-578258761cc2	INPA-1416810	Animalia	Chordata	Amphibia	Caudata	Salamandridae	Ommatotriton	"Ommatotriton vittatus"		SPECIES	"Ommatotriton vittatus (Gray, 1835)"	"Triturus vittatus"		IL			PRESENT	1	4f160e00-329d-11d9-8439-b8a03c50a862	32.583196	35.061123	0.71						2018-04-21	21	4	2018	2431811	2431811	HUMAN_OBSERVATION	INPA		1416810				CC_BY_NC_4_0					2026-06-11T22:34:56.048Z		
5002214544	6c8d87be-829d-4364-b2bc-578258761cc2	INPA-1696844	Animalia	Chordata	Amphibia	Caudata	Salamandridae	Ommatotriton	"Ommatotriton vittatus"		SPECIES	"Ommatotriton vittatus (Gray, 1835)"	"Triturus vittatus"		IL			PRESENT	1	4f160e00-329d-11d9-8439-b8a03c50a862	31.816598	34.998949	0.71						2019-03-11	11	3	2019	2431811	2431811	HUMAN_OBSERVATION	INPA		1696844				CC_BY_NC_4_0					2026-06-11T22:34:13.533Z		
5002542926	6c8d87be-829d-4364-b2bc-578258761cc2	INPA-3116425	Animalia	Chordata	Amphibia	Caudata	Salamandridae	Ommatotriton	"Ommatotriton vittatus"		SPECIES	"Ommatotriton vittatus (Gray, 1835)"	"Triturus vittatus"		IL			PRESENT	1	4f160e00-329d-11d9-8439-b8a03c50a862	32.131774	34.807483	0.71						2021-04-02	2	4	2021	2431811	2431811	HUMAN_OBSERVATION	INPA		3116425				CC_BY_NC_4_0					2026-06-11T22:34:17.541Z		
5003245505	6c8d87be-829d-4364-b2bc-578258761cc2	INPA-4261819	Animalia	Chordata	Amphibia	Caudata	Salamandridae	Ommatotriton	"Ommatotriton vittatus"		SPECIES	"Ommatotriton vittatus (Gray, 1835)"	"Triturus vittatus"		IL			PRESENT	1	4f160e00-329d-11d9-8439-b8a03c50a862	32.176929	34.828497	0.71						2022-12-27	27	12	2022	2431811	2431811	HUMAN_OBSERVATION	INPA		4261819				CC_BY_NC_4_0					2026-06-11T22:34:25.689Z		
5001950070	6c8d87be-829d-4364-b2bc-578258761cc2	INPA-980636	Animalia	Chordata	Amphibia	Caudata	Salamandridae	Ommatotriton	"Ommatotriton vittatus"		SPECIES	"Ommatotriton vittatus (Gray, 1835)"	"Triturus vittatus"		IL			PRESENT	1	4f160e00-329d-11d9-8439-b8a03c50a862	31.816598	34.998949	0.71						2016-03-01	1	3	2016	2431811	2431811	HUMAN_OBSERVATION	INPA		980636				CC_BY_NC_4_0					2026-06-11T22:34:10.196Z		
6159747389	6c8d87be-829d-4364-b2bc-578258761cc2	INPA-5862154	Animalia	Chordata	Amphibia	Caudata	Salamandridae	Ommatotriton	"Ommatotriton vittatus"		SPECIES	"Ommatotriton vittatus (Gray, 1835)"	"Triturus vittatus"		IL			PRESENT	1	4f160e00-329d-11d9-8439-b8a03c50a862	31.563388	34.736183	0.71						2026-02-20	20	2	2026	2431811	2431811	HUMAN_OBSERVATION	INPA		5862154				CC_BY_NC_4_0					2026-06-11T22:34:30.873Z		
5002271410	6c8d87be-829d-4364-b2bc-578258761cc2	INPA-1743468	Animalia	Chordata	Amphibia	Caudata	Salamandridae	Ommatotriton	"Ommatotriton vittatus"		SPECIES	"Ommatotriton vittatus (Gray, 1835)"	"Triturus vittatus"		IL			PRESENT	1	4f160e00-329d-11d9-8439-b8a03c50a862	32.547127	35.06118	0.71						2019-04-18	18	4	2019	2431811	2431811	HUMAN_OBSERVATION	INPA		1743468				CC_BY_NC_4_0					2026-06-11T22:35:05.704Z		
6191846567	6c8d87be-829d-4364-b2bc-578258761cc2	INPA-5913938	Animalia	Chordata	Amphibia	Caudata	Salamandridae	Ommatotriton	"Ommatotriton vittatus"		SPECIES	"Ommatotriton vittatus (Gray, 1835)"	"Triturus vittatus"		IL			PRESENT	1	4f160e00-329d-11d9-8439-b8a03c50a862	31.680288	34.651229	0.71						2026-04-10	10	4	2026	2431811	2431811	HUMAN_OBSERVATION	INPA		5913938				CC_BY_NC_4_0					2026-06-11T22:35:18.815Z		
5001544091	6c8d87be-829d-4364-b2bc-578258761cc2	INPA-243657	Animalia	Chordata	Amphibia	Caudata	Salamandridae	Ommatotriton	"Ommatotriton vittatus"		SPECIES	"Ommatotriton vittatus (Gray, 1835)"	"Triturus vittatus"		IL			PRESENT	1	4f160e00-329d-11d9-8439-b8a03c50a862	32.583089	34.986569	0.71						1984-01-03	3	1	1984	2431811	2431811	HUMAN_OBSERVATION	INPA		243657				CC_BY_NC_4_0					2026-06-11T22:34:34.954Z		
5001718291	6c8d87be-829d-4364-b2bc-578258761cc2	INPA-500579	Animalia	Chordata	Amphibia	Caudata	Salamandridae	Ommatotriton	"Ommatotriton vittatus"		SPECIES	"Ommatotriton vittatus (Gray, 1835)"	"Triturus vittatus"		IL			PRESENT	1	4f160e00-329d-11d9-8439-b8a03c50a862	31.816581	34.988388	0.71						1997-04-24	24	4	1997	2431811	2431811	HUMAN_OBSERVATION	INPA		500579				CC_BY_NC_4_0					2026-06-11T22:34:36.617Z		
5002670917	6c8d87be-829d-4364-b2bc-578258761cc2	INPA-4261893	Animalia	Chordata	Amphibia	Caudata	Salamandridae	Ommatotriton	"Ommatotriton vittatus"		SPECIES	"Ommatotriton vittatus (Gray, 1835)"	"Triturus vittatus"		IL			PRESENT	1	4f160e00-329d-11d9-8439-b8a03c50a862	32.176929	34.828497	0.71						2022-12-27	27	12	2022	2431811	2431811	HUMAN_OBSERVATION	INPA		4261893				CC_BY_NC_4_0					2026-06-11T22:34:45.797Z		
5001924192	6c8d87be-829d-4364-b2bc-578258761cc2	INPA-737574	Animalia	Chordata	Amphibia	Caudata	Salamandridae	Ommatotriton	"Ommatotriton vittatus"		SPECIES	"Ommatotriton vittatus (Gray, 1835)"	"Triturus vittatus"		IL			PRESENT	1	4f160e00-329d-11d9-8439-b8a03c50a862	31.816598	34.998949	0.71						2014-01-23	23	1	2014	2431811	2431811	HUMAN_OBSERVATION	INPA		737574				CC_BY_NC_4_0					2026-06-11T22:35:02.480Z		
5157077322	6c8d87be-829d-4364-b2bc-578258761cc2	INPA-4472564	Animalia	Chordata	Amphibia	Caudata	Salamandridae	Ommatotriton	"Ommatotriton vittatus"		SPECIES	"Ommatotriton vittatus (Gray, 1835)"	"Triturus vittatus"		IL			PRESENT	1	4f160e00-329d-11d9-8439-b8a03c50a862	32.556072	35.007929	0.71						2023-04-17	17	4	2023	2431811	2431811	HUMAN_OBSERVATION	INPA		4472564				CC_BY_NC_4_0					2026-06-11T22:34:30.681Z		
5003115791	6c8d87be-829d-4364-b2bc-578258761cc2	INPA-1198237	Animalia	Chordata	Amphibia	Caudata	Salamandridae	Ommatotriton	"Ommatotriton vittatus"		SPECIES	"Ommatotriton vittatus (Gray, 1835)"	"Triturus vittatus"		IL			PRESENT	1	4f160e00-329d-11d9-8439-b8a03c50a862	33.015792	35.477817	0.71						2017-04-26	26	4	2017	2431811	2431811	HUMAN_OBSERVATION	INPA		1198237				CC_BY_NC_4_0					2026-06-11T22:34:30.525Z		
5157045329	6c8d87be-829d-4364-b2bc-578258761cc2	INPA-4472936	Animalia	Chordata	Amphibia	Caudata	Salamandridae	Ommatotriton	"Ommatotriton vittatus"		SPECIES	"Ommatotriton vittatus (Gray, 1835)"	"Triturus vittatus"		IL			PRESENT	1	4f160e00-329d-11d9-8439-b8a03c50a862	32.529049	35.029273	0.71						2023-04-18	18	4	2023	2431811	2431811	HUMAN_OBSERVATION	INPA		4472936				CC_BY_NC_4_0					2026-06-11T22:34:32.949Z		
5001832301	6c8d87be-829d-4364-b2bc-578258761cc2	INPA-619252	Animalia	Chordata	Amphibia	Caudata	Salamandridae	Ommatotriton	"Ommatotriton vittatus"		SPECIES	"Ommatotriton vittatus (Gray, 1835)"	"Triturus vittatus"		IL			PRESENT	1	4f160e00-329d-11d9-8439-b8a03c50a862	32.915645	35.766143	0.71						2004-01-14	14	1	2004	2431811	2431811	HUMAN_OBSERVATION	INPA		619252				CC_BY_NC_4_0					2026-06-11T22:35:04.040Z		COUNTRY_COORDINATE_MISMATCH;SCIENTIFIC_NAME_AND_ID_INCONSISTENT
5002203887	6c8d87be-829d-4364-b2bc-578258761cc2	INPA-1412282	Animalia	Chordata	Amphibia	Caudata	Salamandridae	Ommatotriton	"Ommatotriton vittatus"		SPECIES	"Ommatotriton vittatus (Gray, 1835)"	"Triturus vittatus"		IL			PRESENT	1	4f160e00-329d-11d9-8439-b8a03c50a862	32.933264	35.851791	0.71						2018-04-10	10	4	2018	2431811	2431811	HUMAN_OBSERVATION	INPA		1412282				CC_BY_NC_4_0					2026-06-11T22:34:16.745Z		COUNTRY_COORDINATE_MISMATCH;SCIENTIFIC_NAME_AND_ID_INCONSISTENT
5002160141	6c8d87be-829d-4364-b2bc-578258761cc2	INPA-1414293	Animalia	Chordata	Amphibia	Caudata	Salamandridae	Ommatotriton	"Ommatotriton vittatus"		SPECIES	"Ommatotriton vittatus (Gray, 1835)"	"Triturus vittatus"		IL			PRESENT	1	4f160e00-329d-11d9-8439-b8a03c50a862	32.601253	35.0824	0.71						2018-04-14	14	4	2018	2431811	2431811	HUMAN_OBSERVATION	INPA		1414293				CC_BY_NC_4_0					2026-06-11T22:34:12.453Z		
5002941455	6c8d87be-829d-4364-b2bc-578258761cc2	INPA-4747974	Animalia	Chordata	Amphibia	Caudata	Salamandridae	Ommatotriton	"Ommatotriton vittatus"		SPECIES	"Ommatotriton vittatus (Gray, 1835)"	"Triturus vittatus"		IL			PRESENT	1	4f160e00-329d-11d9-8439-b8a03c50a862	32.92544	35.552379	0.71						2024-01-02	2	1	2024	2431811	2431811	HUMAN_OBSERVATION	INPA		4747974				CC_BY_NC_4_0					2026-06-11T22:34:22.367Z		
5002943178	6c8d87be-829d-4364-b2bc-578258761cc2	INPA-4818487	Animalia	Chordata	Amphibia	Caudata	Salamandridae	Ommatotriton	"Ommatotriton vittatus"		SPECIES	"Ommatotriton vittatus (Gray, 1835)"	"Triturus vittatus"		IL			PRESENT	1	4f160e00-329d-11d9-8439-b8a03c50a862	31.600081	34.957278	0.71						2024-03-13	13	3	2024	2431811	2431811	HUMAN_OBSERVATION	INPA		4818487				CC_BY_NC_4_0					2026-06-11T22:34:22.381Z		
5001620822	6c8d87be-829d-4364-b2bc-578258761cc2	INPA-361196	Animalia	Chordata	Amphibia	Caudata	Salamandridae	Ommatotriton	"Ommatotriton vittatus"		SPECIES	"Ommatotriton vittatus (Gray, 1835)"	"Triturus vittatus"		IL			PRESENT	1	4f160e00-329d-11d9-8439-b8a03c50a862	32.592198	35.050454	0.71						1997-04-23	23	4	1997	2431811	2431811	HUMAN_OBSERVATION	INPA		361196				CC_BY_NC_4_0					2026-06-11T22:35:00.044Z		
5001911746	6c8d87be-829d-4364-b2bc-578258761cc2	INPA-729784	Animalia	Chordata	Amphibia	Caudata	Salamandridae	Ommatotriton	"Ommatotriton vittatus"		SPECIES	"Ommatotriton vittatus (Gray, 1835)"	"Triturus vittatus"		IL			PRESENT	1	4f160e00-329d-11d9-8439-b8a03c50a862	31.816598	34.998949	0.71						2014-12-02	2	12	2014	2431811	2431811	HUMAN_OBSERVATION	INPA		729784				CC_BY_NC_4_0					2026-06-11T22:35:02.261Z		
5001974753	6c8d87be-829d-4364-b2bc-578258761cc2	INPA-993139	Animalia	Chordata	Amphibia	Caudata	Salamandridae	Ommatotriton	"Ommatotriton vittatus"		SPECIES	"Ommatotriton vittatus (Gray, 1835)"	"Triturus vittatus"		IL			PRESENT	1	4f160e00-329d-11d9-8439-b8a03c50a862	32.736446	35.028872	0.71						2016-04-12	12	4	2016	2431811	2431811	HUMAN_OBSERVATION	INPA		993139				CC_BY_NC_4_0					2026-06-11T22:35:02.828Z		
5002324439	6c8d87be-829d-4364-b2bc-578258761cc2	INPA-1982762	Animalia	Chordata	Amphibia	Caudata	Salamandridae	Ommatotriton	"Ommatotriton vittatus"		SPECIES	"Ommatotriton vittatus (Gray, 1835)"	"Triturus vittatus"		IL			PRESENT	1	4f160e00-329d-11d9-8439-b8a03c50a862	32.140827	34.818046	0.71						2020-01-26	26	1	2020	2431811	2431811	HUMAN_OBSERVATION	INPA		1982762				CC_BY_NC_4_0					2026-06-11T22:35:06.172Z		
5001919356	6c8d87be-829d-4364-b2bc-578258761cc2	INPA-766403	Animalia	Chordata	Amphibia	Caudata	Salamandridae	Ommatotriton	"Ommatotriton vittatus"		SPECIES	"Ommatotriton vittatus (Gray, 1835)"	"Triturus vittatus"		IL			PRESENT	1	4f160e00-329d-11d9-8439-b8a03c50a862	31.861571	34.935449	0.71						2010-02-21	21	2	2010	2431811	2431811	HUMAN_OBSERVATION	INPA		766403				CC_BY_NC_4_0					2026-06-11T22:35:02.391Z		
5002704735	6c8d87be-829d-4364-b2bc-578258761cc2	INPA-3884830	Animalia	Chordata	Amphibia	Caudata	Salamandridae	Ommatotriton	"Ommatotriton vittatus"		SPECIES	"Ommatotriton vittatus (Gray, 1835)"	"Triturus vittatus"		IL			PRESENT	1	4f160e00-329d-11d9-8439-b8a03c50a862	33.141047	35.767571	0.71						2022-05-18	18	5	2022	2431811	2431811	HUMAN_OBSERVATION	INPA		3884830				CC_BY_NC_4_0					2026-06-11T22:35:09.443Z		COUNTRY_COORDINATE_MISMATCH;SCIENTIFIC_NAME_AND_ID_INCONSISTENT
5002023512	6c8d87be-829d-4364-b2bc-578258761cc2	INPA-1103976	Animalia	Chordata	Amphibia	Caudata	Salamandridae	Ommatotriton	"Ommatotriton vittatus"		SPECIES	"Ommatotriton vittatus (Gray, 1835)"	"Triturus vittatus"		IL			PRESENT	1	4f160e00-329d-11d9-8439-b8a03c50a862	32.915645	35.766143	0.71						2016-12-03	3	12	2016	2431811	2431811	HUMAN_OBSERVATION	INPA		1103976				CC_BY_NC_4_0					2026-06-11T22:34:43.450Z		COUNTRY_COORDINATE_MISMATCH;SCIENTIFIC_NAME_AND_ID_INCONSISTENT
5002129497	6c8d87be-829d-4364-b2bc-578258761cc2	INPA-1358776	Animalia	Chordata	Amphibia	Caudata	Salamandridae	Ommatotriton	"Ommatotriton vittatus"		SPECIES	"Ommatotriton vittatus (Gray, 1835)"	"Triturus vittatus"		IL			PRESENT	1	4f160e00-329d-11d9-8439-b8a03c50a862	31.825581	34.977804	0.71						2018-01-31	31	1	2018	2431811	2431811	HUMAN_OBSERVATION	INPA		1358776				CC_BY_NC_4_0					2026-06-11T22:34:44.565Z		
5002691523	6c8d87be-829d-4364-b2bc-578258761cc2	INPA-3800562	Animalia	Chordata	Amphibia	Caudata	Salamandridae	Ommatotriton	"Ommatotriton vittatus"		SPECIES	"Ommatotriton vittatus (Gray, 1835)"	"Triturus vittatus"		IL			PRESENT	1	4f160e00-329d-11d9-8439-b8a03c50a862	32.105058	34.934738	0.71						2022-04-11	11	4	2022	2431811	2431811	HUMAN_OBSERVATION	INPA		3800562				CC_BY_NC_4_0					2026-06-11T22:34:51.363Z		
5002398736	6c8d87be-829d-4364-b2bc-578258761cc2	INPA-2080231	Animalia	Chordata	Amphibia	Caudata	Salamandridae	Ommatotriton	"Ommatotriton vittatus"		SPECIES	"Ommatotriton vittatus (Gray, 1835)"	"Triturus vittatus"		IL			PRESENT	1	4f160e00-329d-11d9-8439-b8a03c50a862	32.131807	34.818081	0.71						2020-05-07	7	5	2020	2431811	2431811	HUMAN_OBSERVATION	INPA		2080231				CC_BY_NC_4_0					2026-06-11T22:35:11.384Z		
5001744762	6c8d87be-829d-4364-b2bc-578258761cc2	INPA-505465	Animalia	Chordata	Amphibia	Caudata	Salamandridae	Ommatotriton	"Ommatotriton vittatus"		SPECIES	"Ommatotriton vittatus (Gray, 1835)"	"Triturus vittatus"		IL			PRESENT	1	4f160e00-329d-11d9-8439-b8a03c50a862	32.861449	35.787168	0.71						1997-06-15	15	6	1997	2431811	2431811	HUMAN_OBSERVATION	INPA		505465				CC_BY_NC_4_0					2026-06-11T22:34:10.447Z		COUNTRY_COORDINATE_MISMATCH;SCIENTIFIC_NAME_AND_ID_INCONSISTENT
5001547586	6c8d87be-829d-4364-b2bc-578258761cc2	INPA-243537	Animalia	Chordata	Amphibia	Caudata	Salamandridae	Ommatotriton	"Ommatotriton vittatus"		SPECIES	"Ommatotriton vittatus (Gray, 1835)"	"Triturus vittatus"		IL			PRESENT	1	4f160e00-329d-11d9-8439-b8a03c50a862	32.105058	34.934738	0.71						1980-04-27	27	4	1980	2431811	2431811	HUMAN_OBSERVATION	INPA		243537				CC_BY_NC_4_0					2026-06-11T22:34:05.372Z		
5001535913	6c8d87be-829d-4364-b2bc-578258761cc2	INPA-243397	Animalia	Chordata	Amphibia	Caudata	Salamandridae	Ommatotriton	"Ommatotriton vittatus"		SPECIES	"Ommatotriton vittatus (Gray, 1835)"	"Triturus vittatus"		IL			PRESENT	1	4f160e00-329d-11d9-8439-b8a03c50a862	31.672065	34.883271	0.71						1980-05-01	1	5	1980	2431811	2431811	HUMAN_OBSERVATION	INPA		243397				CC_BY_NC_4_0					2026-06-11T22:34:41.668Z		
5001943764	6c8d87be-829d-4364-b2bc-578258761cc2	INPA-758265	Animalia	Chordata	Amphibia	Caudata	Salamandridae	Ommatotriton	"Ommatotriton vittatus"		SPECIES	"Ommatotriton vittatus (Gray, 1835)"	"Triturus vittatus"		IL			PRESENT	1	4f160e00-329d-11d9-8439-b8a03c50a862	32.58317	35.039822	0.71						2011-03-29	29	3	2011	2431811	2431811	HUMAN_OBSERVATION	INPA		758265				CC_BY_NC_4_0					2026-06-11T22:34:45.699Z		
5002155252	6c8d87be-829d-4364-b2bc-578258761cc2	INPA-1405157	Animalia	Chordata	Amphibia	Caudata	Salamandridae	Ommatotriton	"Ommatotriton vittatus"		SPECIES	"Ommatotriton vittatus (Gray, 1835)"	"Triturus vittatus"		IL			PRESENT	1	4f160e00-329d-11d9-8439-b8a03c50a862	32.601231	35.061094	0.71						2018-03-27	27	3	2018	2431811	2431811	HUMAN_OBSERVATION	INPA		1405157				CC_BY_NC_4_0					2026-06-11T22:35:05.294Z		
5002678303	6c8d87be-829d-4364-b2bc-578258761cc2	INPA-4262675	Animalia	Chordata	Amphibia	Caudata	Salamandridae	Ommatotriton	"Ommatotriton vittatus"		SPECIES	"Ommatotriton vittatus (Gray, 1835)"	"Triturus vittatus"		IL			PRESENT	1	4f160e00-329d-11d9-8439-b8a03c50a862	32.718494	35.30624	0.71						2022-04-06	6	4	2022	2431811	2431811	HUMAN_OBSERVATION	INPA		4262675				CC_BY_NC_4_0					2026-06-11T22:35:10.386Z		
5001900458	6c8d87be-829d-4364-b2bc-578258761cc2	INPA-742049	Animalia	Chordata	Amphibia	Caudata	Salamandridae	Ommatotriton	"Ommatotriton vittatus"		SPECIES	"Ommatotriton vittatus (Gray, 1835)"	"Triturus vittatus"		IL			PRESENT	1	4f160e00-329d-11d9-8439-b8a03c50a862	32.59227	35.125019	0.71						2013-04-20	20	4	2013	2431811	2431811	HUMAN_OBSERVATION	INPA		742049				CC_BY_NC_4_0					2026-06-11T22:34:50.010Z		
5002109708	6c8d87be-829d-4364-b2bc-578258761cc2	INPA-1357178	Animalia	Chordata	Amphibia	Caudata	Salamandridae	Ommatotriton	"Ommatotriton vittatus"		SPECIES	"Ommatotriton vittatus (Gray, 1835)"	"Triturus vittatus"		IL			PRESENT	1	4f160e00-329d-11d9-8439-b8a03c50a862	31.816598	34.998949	0.71						2018-01-28	28	1	2018	2431811	2431811	HUMAN_OBSERVATION	INPA		1357178				CC_BY_NC_4_0					2026-06-11T22:34:52.570Z		
5002252422	6c8d87be-829d-4364-b2bc-578258761cc2	INPA-1705548	Animalia	Chordata	Amphibia	Caudata	Salamandridae	Ommatotriton	"Ommatotriton vittatus"		SPECIES	"Ommatotriton vittatus (Gray, 1835)"	"Triturus vittatus"		IL			PRESENT	1	4f160e00-329d-11d9-8439-b8a03c50a862	32.105058	34.934738	0.71						2019-03-17	17	3	2019	2431811	2431811	HUMAN_OBSERVATION	INPA		1705548				CC_BY_NC_4_0					2026-06-11T22:34:54.590Z		
5002392137	6c8d87be-829d-4364-b2bc-578258761cc2	INPA-1999143	Animalia	Chordata	Amphibia	Caudata	Salamandridae	Ommatotriton	"Ommatotriton vittatus"		SPECIES	"Ommatotriton vittatus (Gray, 1835)"	"Triturus vittatus"		IL			PRESENT	1	4f160e00-329d-11d9-8439-b8a03c50a862	32.140827	34.818046	0.71						2020-02-16	16	2	2020	2431811	2431811	HUMAN_OBSERVATION	INPA		1999143				CC_BY_NC_4_0					2026-06-11T22:34:56.350Z		
5001552421	6c8d87be-829d-4364-b2bc-578258761cc2	INPA-243635	Animalia	Chordata	Amphibia	Caudata	Salamandridae	Ommatotriton	"Ommatotriton vittatus"		SPECIES	"Ommatotriton vittatus (Gray, 1835)"	"Triturus vittatus"		IL			PRESENT	1	4f160e00-329d-11d9-8439-b8a03c50a862	31.779577	34.671753	0.71						1980-02-11	11	2	1980	2431811	2431811	HUMAN_OBSERVATION	INPA		243635				CC_BY_NC_4_0					2026-06-11T22:34:05.368Z		
5002324563	6c8d87be-829d-4364-b2bc-578258761cc2	INPA-1988966	Animalia	Chordata	Amphibia	Caudata	Salamandridae	Ommatotriton	"Ommatotriton vittatus"		SPECIES	"Ommatotriton vittatus (Gray, 1835)"	"Triturus vittatus"		IL			PRESENT	1	4f160e00-329d-11d9-8439-b8a03c50a862	31.789447	34.946217	0.71						2020-02-03	3	2	2020	2431811	2431811	HUMAN_OBSERVATION	INPA		1988966				CC_BY_NC_4_0					2026-06-11T22:34:15.502Z		
5003026259	6c8d87be-829d-4364-b2bc-578258761cc2	INPA-357612	Animalia	Chordata	Amphibia	Caudata	Salamandridae	Ommatotriton	"Ommatotriton vittatus"		SPECIES	"Ommatotriton vittatus (Gray, 1835)"	"Triturus vittatus"		IL			PRESENT	1	4f160e00-329d-11d9-8439-b8a03c50a862	33.015963	35.381494	0.71						1998-03-30	30	3	1998	2431811	2431811	HUMAN_OBSERVATION	INPA		357612				CC_BY_NC_4_0					2026-06-11T22:34:24.169Z		
5003175296	6c8d87be-829d-4364-b2bc-578258761cc2	INPA-2010734	Animalia	Chordata	Amphibia	Caudata	Salamandridae	Ommatotriton	"Ommatotriton vittatus"		SPECIES	"Ommatotriton vittatus (Gray, 1835)"	"Triturus vittatus"		IL			PRESENT	1	4f160e00-329d-11d9-8439-b8a03c50a862	32.140827	34.818046	0.71						2020-03-02	2	3	2020	2431811	2431811	HUMAN_OBSERVATION	INPA		2010734				CC_BY_NC_4_0					2026-06-11T22:34:51.637Z		
5001539817	6c8d87be-829d-4364-b2bc-578258761cc2	INPA-243466	Animalia	Chordata	Amphibia	Caudata	Salamandridae	Ommatotriton	"Ommatotriton vittatus"		SPECIES	"Ommatotriton vittatus (Gray, 1835)"	"Triturus vittatus"		IL			PRESENT	1	4f160e00-329d-11d9-8439-b8a03c50a862	32.222018	34.828311	0.71						1980-04-14	14	4	1980	2431811	2431811	HUMAN_OBSERVATION	INPA		243466				CC_BY_NC_4_0					2026-06-11T22:34:34.615Z		
5001992698	6c8d87be-829d-4364-b2bc-578258761cc2	INPA-1051954	Animalia	Chordata	Amphibia	Caudata	Salamandridae	Ommatotriton	"Ommatotriton vittatus"		SPECIES	"Ommatotriton vittatus (Gray, 1835)"	"Triturus vittatus"		IL			PRESENT	1	4f160e00-329d-11d9-8439-b8a03c50a862	31.563941	34.925774	0.71						2016-07-28	28	7	2016	2431811	2431811	HUMAN_OBSERVATION	INPA		1051954				CC_BY_NC_4_0					2026-06-11T22:34:38.830Z		
5001876657	6c8d87be-829d-4364-b2bc-578258761cc2	INPA-693745	Animalia	Chordata	Amphibia	Caudata	Salamandridae	Ommatotriton	"Ommatotriton vittatus"		SPECIES	"Ommatotriton vittatus (Gray, 1835)"	"Triturus vittatus"		IL			PRESENT	1	4f160e00-329d-11d9-8439-b8a03c50a862	33.051834	35.488635	0.71						2009-12-07	7	12	2009	2431811	2431811	HUMAN_OBSERVATION	INPA		693745				CC_BY_NC_4_0					2026-06-11T22:35:01.448Z		
5003273200	6c8d87be-829d-4364-b2bc-578258761cc2	INPA-4762637	Animalia	Chordata	Amphibia	Caudata	Salamandridae	Ommatotriton	"Ommatotriton vittatus"		SPECIES	"Ommatotriton vittatus (Gray, 1835)"	"Triturus vittatus"		IL			PRESENT	1	4f160e00-329d-11d9-8439-b8a03c50a862	32.59227	35.125019	0.71						2024-01-17	17	1	2024	2431811	2431811	HUMAN_OBSERVATION	INPA		4762637				CC_BY_NC_4_0					2026-06-11T22:35:15.293Z		
5002247479	6c8d87be-829d-4364-b2bc-578258761cc2	INPA-1697240	Animalia	Chordata	Amphibia	Caudata	Salamandridae	Ommatotriton	"Ommatotriton vittatus"		SPECIES	"Ommatotriton vittatus (Gray, 1835)"	"Triturus vittatus"		IL			PRESENT	1	4f160e00-329d-11d9-8439-b8a03c50a862	31.825599	34.988367	0.71						2019-03-11	11	3	2019	2431811	2431811	HUMAN_OBSERVATION	INPA		1697240				CC_BY_NC_4_0					2026-06-11T22:34:13.836Z		
5003077275	6c8d87be-829d-4364-b2bc-578258761cc2	INPA-690351	Animalia	Chordata	Amphibia	Caudata	Salamandridae	Ommatotriton	"Ommatotriton vittatus"		SPECIES	"Ommatotriton vittatus (Gray, 1835)"	"Triturus vittatus"		IL			PRESENT	1	4f160e00-329d-11d9-8439-b8a03c50a862	32.105032	34.92414	0.71						2004-02-05	5	2	2004	2431811	2431811	HUMAN_OBSERVATION	INPA		690351				CC_BY_NC_4_0					2026-06-11T22:34:24.069Z		
5002357824	6c8d87be-829d-4364-b2bc-578258761cc2	INPA-2011270	Animalia	Chordata	Amphibia	Caudata	Salamandridae	Ommatotriton	"Ommatotriton vittatus"		SPECIES	"Ommatotriton vittatus (Gray, 1835)"	"Triturus vittatus"		IL			PRESENT	1	4f160e00-329d-11d9-8439-b8a03c50a862	31.563964	34.936307	0.71						2020-03-03	3	3	2020	2431811	2431811	HUMAN_OBSERVATION	INPA		2011270				CC_BY_NC_4_0					2026-06-11T22:34:49.561Z		
5002537327	6c8d87be-829d-4364-b2bc-578258761cc2	INPA-3706311	Animalia	Chordata	Amphibia	Caudata	Salamandridae	Ommatotriton	"Ommatotriton vittatus"		SPECIES	"Ommatotriton vittatus (Gray, 1835)"	"Triturus vittatus"		IL			PRESENT	1	4f160e00-329d-11d9-8439-b8a03c50a862	31.816598	34.998949	0.71						2022-02-20	20	2	2022	2431811	2431811	HUMAN_OBSERVATION	INPA		3706311				CC_BY_NC_4_0					2026-06-11T22:34:51.872Z		
5002698817	6c8d87be-829d-4364-b2bc-578258761cc2	INPA-4418415	Animalia	Chordata	Amphibia	Caudata	Salamandridae	Ommatotriton	"Ommatotriton vittatus"		SPECIES	"Ommatotriton vittatus (Gray, 1835)"	"Triturus vittatus"		IL			PRESENT	1	4f160e00-329d-11d9-8439-b8a03c50a862	32.176929	34.828497	0.71						2023-03-14	14	3	2023	2431811	2431811	HUMAN_OBSERVATION	INPA		4418415				CC_BY_NC_4_0					2026-06-11T22:34:53.724Z		
6219257305	6c8d87be-829d-4364-b2bc-578258761cc2	INPA-5941753	Animalia	Chordata	Amphibia	Caudata	Salamandridae	Ommatotriton	"Ommatotriton vittatus"		SPECIES	"Ommatotriton vittatus (Gray, 1835)"	"Triturus vittatus"		IL			PRESENT	1	4f160e00-329d-11d9-8439-b8a03c50a862	32.709468	35.316896	0.71						2026-04-23	23	4	2026	2431811	2431811	HUMAN_OBSERVATION	INPA		5941753				CC_BY_NC_4_0					2026-06-11T22:35:05.210Z		
5001921433	6c8d87be-829d-4364-b2bc-578258761cc2	INPA-738508	Animalia	Chordata	Amphibia	Caudata	Salamandridae	Ommatotriton	"Ommatotriton vittatus"		SPECIES	"Ommatotriton vittatus (Gray, 1835)"	"Triturus vittatus"		IL			PRESENT	1	4f160e00-329d-11d9-8439-b8a03c50a862	31.645193	34.967701	0.71						2013-12-09	9	12	2013	2431811	2431811	HUMAN_OBSERVATION	INPA		738508				CC_BY_NC_4_0					2026-06-11T22:34:14.258Z		
5002265123	6c8d87be-829d-4364-b2bc-578258761cc2	INPA-1589261	Animalia	Chordata	Amphibia	Caudata	Salamandridae	Ommatotriton	"Ommatotriton vittatus"		SPECIES	"Ommatotriton vittatus (Gray, 1835)"	"Triturus vittatus"		IL			PRESENT	1	4f160e00-329d-11d9-8439-b8a03c50a862	32.538038	35.007968	0.71						2019-01-12	12	1	2019	2431811	2431811	HUMAN_OBSERVATION	INPA		1589261				CC_BY_NC_4_0					2026-06-11T22:34:18.661Z		
5002735850	6c8d87be-829d-4364-b2bc-578258761cc2	INPA-4493153	Animalia	Chordata	Amphibia	Caudata	Salamandridae	Ommatotriton	"Ommatotriton vittatus"		SPECIES	"Ommatotriton vittatus (Gray, 1835)"	"Triturus vittatus"		IL			PRESENT	1	4f160e00-329d-11d9-8439-b8a03c50a862	33.07893	35.467303	0.71						2023-04-30	30	4	2023	2431811	2431811	HUMAN_OBSERVATION	INPA		4493153				CC_BY_NC_4_0					2026-06-11T22:34:23.592Z		
5001529134	6c8d87be-829d-4364-b2bc-578258761cc2	INPA-243443	Animalia	Chordata	Amphibia	Caudata	Salamandridae	Ommatotriton	"Ommatotriton vittatus"		SPECIES	"Ommatotriton vittatus (Gray, 1835)"	"Triturus vittatus"		IL			PRESENT	1	4f160e00-329d-11d9-8439-b8a03c50a862	32.33947	34.912801	0.71						1980-02-12	12	2	1980	2431811	2431811	HUMAN_OBSERVATION	INPA		243443				CC_BY_NC_4_0					2026-06-11T22:34:34.741Z		
5001543069	6c8d87be-829d-4364-b2bc-578258761cc2	INPA-243680	Animalia	Chordata	Amphibia	Caudata	Salamandridae	Ommatotriton	"Ommatotriton vittatus"		SPECIES	"Ommatotriton vittatus (Gray, 1835)"	"Triturus vittatus"		IL			PRESENT	1	4f160e00-329d-11d9-8439-b8a03c50a862	32.58314	35.018521	0.71						1986-11-11	11	11	1986	2431811	2431811	HUMAN_OBSERVATION	INPA		243680				CC_BY_NC_4_0					2026-06-11T22:34:34.871Z		
5001911604	6c8d87be-829d-4364-b2bc-578258761cc2	INPA-727870	Animalia	Chordata	Amphibia	Caudata	Salamandridae	Ommatotriton	"Ommatotriton vittatus"		SPECIES	"Ommatotriton vittatus (Gray, 1835)"	"Triturus vittatus"		IL			PRESENT	1	4f160e00-329d-11d9-8439-b8a03c50a862	32.48395	35.018725	0.71						2015-03-25	25	3	2015	2431811	2431811	HUMAN_OBSERVATION	INPA		727870				CC_BY_NC_4_0					2026-06-11T22:34:37.738Z		
5002115845	6c8d87be-829d-4364-b2bc-578258761cc2	INPA-1255030	Animalia	Chordata	Amphibia	Caudata	Salamandridae	Ommatotriton	"Ommatotriton vittatus"		SPECIES	"Ommatotriton vittatus (Gray, 1835)"	"Triturus vittatus"		IL			PRESENT	1	4f160e00-329d-11d9-8439-b8a03c50a862	32.58317	35.039822	0.71						2015-04-14	14	4	2015	2431811	2431811	HUMAN_OBSERVATION	INPA		1255030				CC_BY_NC_4_0					2026-06-11T22:34:40.044Z		
5002228197	6c8d87be-829d-4364-b2bc-578258761cc2	INPA-1697224	Animalia	Chordata	Amphibia	Caudata	Salamandridae	Ommatotriton	"Ommatotriton vittatus"		SPECIES	"Ommatotriton vittatus (Gray, 1835)"	"Triturus vittatus"		IL			PRESENT	1	4f160e00-329d-11d9-8439-b8a03c50a862	31.825599	34.988367	0.71						2019-03-11	11	3	2019	2431811	2431811	HUMAN_OBSERVATION	INPA		1697224				CC_BY_NC_4_0					2026-06-11T22:34:41.421Z		
5002041060	6c8d87be-829d-4364-b2bc-578258761cc2	INPA-1162568	Animalia	Chordata	Amphibia	Caudata	Salamandridae	Ommatotriton	"Ommatotriton vittatus"		SPECIES	"Ommatotriton vittatus (Gray, 1835)"	"Triturus vittatus"		IL			PRESENT	1	4f160e00-329d-11d9-8439-b8a03c50a862	31.825581	34.977804	0.71						2017-03-14	14	3	2017	2431811	2431811	HUMAN_OBSERVATION	INPA		1162568				CC_BY_NC_4_0					2026-06-11T22:35:03.169Z		
5002074508	6c8d87be-829d-4364-b2bc-578258761cc2	INPA-1198488	Animalia	Chordata	Amphibia	Caudata	Salamandridae	Ommatotriton	"Ommatotriton vittatus"		SPECIES	"Ommatotriton vittatus (Gray, 1835)"	"Triturus vittatus"		IL			PRESENT	1	4f160e00-329d-11d9-8439-b8a03c50a862	33.033801	35.488577	0.71						2017-04-27	27	4	2017	2431811	2431811	HUMAN_OBSERVATION	INPA		1198488				CC_BY_NC_4_0					2026-06-11T22:35:03.474Z		
5002850465	6c8d87be-829d-4364-b2bc-578258761cc2	INPA-4871157	Animalia	Chordata	Amphibia	Caudata	Salamandridae	Ommatotriton	"Ommatotriton vittatus"		SPECIES	"Ommatotriton vittatus (Gray, 1835)"	"Triturus vittatus"		IL			PRESENT	1	4f160e00-329d-11d9-8439-b8a03c50a862	32.60128	35.114358	0.71						2024-04-18	18	4	2024	2431811	2431811	HUMAN_OBSERVATION	INPA		4871157				CC_BY_NC_4_0					2026-06-11T22:35:11.259Z		
5002967963	6c8d87be-829d-4364-b2bc-578258761cc2	INPA-4871758	Animalia	Chordata	Amphibia	Caudata	Salamandridae	Ommatotriton	"Ommatotriton vittatus"		SPECIES	"Ommatotriton vittatus (Gray, 1835)"	"Triturus vittatus"		IL			PRESENT	1	4f160e00-329d-11d9-8439-b8a03c50a862	32.65539	35.124963	0.71						2024-04-18	18	4	2024	2431811	2431811	HUMAN_OBSERVATION	INPA		4871758				CC_BY_NC_4_0					2026-06-11T22:34:23.267Z		
5895397063	6c8d87be-829d-4364-b2bc-578258761cc2	INPA-786421	Animalia	Chordata	Amphibia	Caudata	Salamandridae	Ommatotriton	"Ommatotriton vittatus"		SPECIES	"Ommatotriton vittatus (Gray, 1835)"	"Triturus vittatus"		IL			PRESENT	1	4f160e00-329d-11d9-8439-b8a03c50a862	33.056972	35.451284							2014-12-02	2	12	2014	2431811	2431811	HUMAN_OBSERVATION	INPA		786421				CC_BY_NC_4_0					2026-06-11T22:34:29.457Z		
5002368747	6c8d87be-829d-4364-b2bc-578258761cc2	INPA-2094755	Animalia	Chordata	Amphibia	Caudata	Salamandridae	Ommatotriton	"Ommatotriton vittatus"		SPECIES	"Ommatotriton vittatus (Gray, 1835)"	"Triturus vittatus"		IL			PRESENT	1	4f160e00-329d-11d9-8439-b8a03c50a862	32.131807	34.818081	0.71						2020-05-19	19	5	2020	2431811	2431811	HUMAN_OBSERVATION	INPA		2094755				CC_BY_NC_4_0					2026-06-11T22:34:46.222Z		
5001928985	6c8d87be-829d-4364-b2bc-578258761cc2	INPA-772583	Animalia	Chordata	Amphibia	Caudata	Salamandridae	Ommatotriton	"Ommatotriton vittatus"		SPECIES	"Ommatotriton vittatus (Gray, 1835)"	"Triturus vittatus"		IL			PRESENT	1	4f160e00-329d-11d9-8439-b8a03c50a862	32.718524	35.156904	0.71						2015-05-10	10	5	2015	2431811	2431811	HUMAN_OBSERVATION	INPA		772583				CC_BY_NC_4_0					2026-06-11T22:34:14.157Z		
5001936578	6c8d87be-829d-4364-b2bc-578258761cc2	INPA-736937	Animalia	Chordata	Amphibia	Caudata	Salamandridae	Ommatotriton	"Ommatotriton vittatus"		SPECIES	"Ommatotriton vittatus (Gray, 1835)"	"Triturus vittatus"		IL			PRESENT	1	4f160e00-329d-11d9-8439-b8a03c50a862	32.916362	35.573724	0.71						2014-02-19	19	2	2014	2431811	2431811	HUMAN_OBSERVATION	INPA		736937				CC_BY_NC_4_0					2026-06-11T22:34:14.327Z		
5157102448	6c8d87be-829d-4364-b2bc-578258761cc2	INPA-5298052	Animalia	Chordata	Amphibia	Caudata	Salamandridae	Ommatotriton	"Ommatotriton vittatus"		SPECIES	"Ommatotriton vittatus (Gray, 1835)"	"Triturus vittatus"		IL			PRESENT	1	4f160e00-329d-11d9-8439-b8a03c50a862	32.565194	35.093097	0.71						2025-04-08	8	4	2025	2431811	2431811	HUMAN_OBSERVATION	INPA		5298052				CC_BY_NC_4_0					2026-06-11T22:34:32.235Z		
5001922248	6c8d87be-829d-4364-b2bc-578258761cc2	INPA-749452	Animalia	Chordata	Amphibia	Caudata	Salamandridae	Ommatotriton	"Ommatotriton vittatus"		SPECIES	"Ommatotriton vittatus (Gray, 1835)"	"Triturus vittatus"		IL			PRESENT	1	4f160e00-329d-11d9-8439-b8a03c50a862	32.556156	35.071813	0.71						2012-04-01	1	4	2012	2431811	2431811	HUMAN_OBSERVATION	INPA		749452				CC_BY_NC_4_0					2026-06-11T22:34:09.558Z		
5002079868	6c8d87be-829d-4364-b2bc-578258761cc2	INPA-1251460	Animalia	Chordata	Amphibia	Caudata	Salamandridae	Ommatotriton	"Ommatotriton vittatus"		SPECIES	"Ommatotriton vittatus (Gray, 1835)"	"Triturus vittatus"		IL			PRESENT	1	4f160e00-329d-11d9-8439-b8a03c50a862	32.916362	35.573724	0.71						2013-02-12	12	2	2013	2431811	2431811	HUMAN_OBSERVATION	INPA		1251460				CC_BY_NC_4_0					2026-06-11T22:34:11.352Z		
5001778781	6c8d87be-829d-4364-b2bc-578258761cc2	INPA-545838	Animalia	Chordata	Amphibia	Caudata	Salamandridae	Ommatotriton	"Ommatotriton vittatus"		SPECIES	"Ommatotriton vittatus (Gray, 1835)"	"Triturus vittatus"		IL			PRESENT	1	4f160e00-329d-11d9-8439-b8a03c50a862	31.861571	34.935449	0.71						2000-02-02	2	2	2000	2431811	2431811	HUMAN_OBSERVATION	INPA		545838				CC_BY_NC_4_0					2026-06-11T22:35:00.742Z		
5002203967	6c8d87be-829d-4364-b2bc-578258761cc2	INPA-1414295	Animalia	Chordata	Amphibia	Caudata	Salamandridae	Ommatotriton	"Ommatotriton vittatus"		SPECIES	"Ommatotriton vittatus (Gray, 1835)"	"Triturus vittatus"		IL			PRESENT	1	4f160e00-329d-11d9-8439-b8a03c50a862	32.565184	35.082449	0.71						2018-04-14	14	4	2018	2431811	2431811	HUMAN_OBSERVATION	INPA		1414295				CC_BY_NC_4_0					2026-06-11T22:35:04.786Z		
5003028491	6c8d87be-829d-4364-b2bc-578258761cc2	INPA-357139	Animalia	Chordata	Amphibia	Caudata	Salamandridae	Ommatotriton	"Ommatotriton vittatus"		SPECIES	"Ommatotriton vittatus (Gray, 1835)"	"Triturus vittatus"		IL			PRESENT	1	4f160e00-329d-11d9-8439-b8a03c50a862	32.736446	35.028872	0.71						1997-01-23	23	1	1997	2431811	2431811	HUMAN_OBSERVATION	INPA		357139				CC_BY_NC_4_0					2026-06-11T22:34:29.304Z		
5002233054	6c8d87be-829d-4364-b2bc-578258761cc2	INPA-1743461	Animalia	Chordata	Amphibia	Caudata	Salamandridae	Ommatotriton	"Ommatotriton vittatus"		SPECIES	"Ommatotriton vittatus (Gray, 1835)"	"Triturus vittatus"		IL			PRESENT	1	4f160e00-329d-11d9-8439-b8a03c50a862	32.943278	35.616609	0.71						2019-04-18	18	4	2019	2431811	2431811	HUMAN_OBSERVATION	INPA		1743461				CC_BY_NC_4_0					2026-06-11T22:35:10.124Z		
5001547585	6c8d87be-829d-4364-b2bc-578258761cc2	INPA-243522	Animalia	Chordata	Amphibia	Caudata	Salamandridae	Ommatotriton	"Ommatotriton vittatus"		SPECIES	"Ommatotriton vittatus (Gray, 1835)"	"Triturus vittatus"		IL			PRESENT	1	4f160e00-329d-11d9-8439-b8a03c50a862	32.104986	34.902954	0.71						1980-03-09	9	3	1980	2431811	2431811	HUMAN_OBSERVATION	INPA		243522				CC_BY_NC_4_0					2026-06-11T22:34:10.579Z		
5002553804	6c8d87be-829d-4364-b2bc-578258761cc2	INPA-3132122	Animalia	Chordata	Amphibia	Caudata	Salamandridae	Ommatotriton	"Ommatotriton vittatus"		SPECIES	"Ommatotriton vittatus (Gray, 1835)"	"Triturus vittatus"		IL			PRESENT	1	4f160e00-329d-11d9-8439-b8a03c50a862	32.105058	34.934738	0.71						2021-04-18	18	4	2021	2431811	2431811	HUMAN_OBSERVATION	INPA		3132122				CC_BY_NC_4_0					2026-06-11T22:34:23.674Z		
5001547584	6c8d87be-829d-4364-b2bc-578258761cc2	INPA-243519	Animalia	Chordata	Amphibia	Caudata	Salamandridae	Ommatotriton	"Ommatotriton vittatus"		SPECIES	"Ommatotriton vittatus (Gray, 1835)"	"Triturus vittatus"		IL			PRESENT	1	4f160e00-329d-11d9-8439-b8a03c50a862	32.122756	34.807522	0.71						1980-04-15	15	4	1980	2431811	2431811	HUMAN_OBSERVATION	INPA		243519				CC_BY_NC_4_0					2026-06-11T22:34:05.495Z		
5001551146	6c8d87be-829d-4364-b2bc-578258761cc2	INPA-272195	Animalia	Chordata	Amphibia	Caudata	Salamandridae	Ommatotriton	"Ommatotriton vittatus"		SPECIES	"Ommatotriton vittatus (Gray, 1835)"	"Triturus vittatus"		IL			PRESENT	1	4f160e00-329d-11d9-8439-b8a03c50a862	32.032478	34.776156	0.71						1989-04-02	2	4	1989	2431811	2431811	HUMAN_OBSERVATION	INPA		272195				CC_BY_NC_4_0					2026-06-11T22:34:35.446Z		
5003088575	6c8d87be-829d-4364-b2bc-578258761cc2	INPA-759276	Animalia	Chordata	Amphibia	Caudata	Salamandridae	Ommatotriton	"Ommatotriton vittatus"		SPECIES	"Ommatotriton vittatus (Gray, 1835)"	"Triturus vittatus"		IL			PRESENT	1	4f160e00-329d-11d9-8439-b8a03c50a862	31.861571	34.935449	0.71						2011-02-22	22	2	2011	2431811	2431811	HUMAN_OBSERVATION	INPA		759276				CC_BY_NC_4_0					2026-06-11T22:34:50.253Z		
5157149239	6c8d87be-829d-4364-b2bc-578258761cc2	INPA-5285301	Animalia	Chordata	Amphibia	Caudata	Salamandridae	Ommatotriton	"Ommatotriton vittatus"		SPECIES	"Ommatotriton vittatus (Gray, 1835)"	"Triturus vittatus"		IL			PRESENT	1	4f160e00-329d-11d9-8439-b8a03c50a862	32.574211	35.093086	0.71						2025-04-01	1	4	2025	2431811	2431811	HUMAN_OBSERVATION	INPA		5285301				CC_BY_NC_4_0					2026-06-11T22:34:53.621Z		
5002329129	6c8d87be-829d-4364-b2bc-578258761cc2	INPA-1999123	Animalia	Chordata	Amphibia	Caudata	Salamandridae	Ommatotriton	"Ommatotriton vittatus"		SPECIES	"Ommatotriton vittatus (Gray, 1835)"	"Triturus vittatus"		IL			PRESENT	1	4f160e00-329d-11d9-8439-b8a03c50a862	32.131774	34.807483	0.71						2020-02-17	17	2	2020	2431811	2431811	HUMAN_OBSERVATION	INPA		1999123				CC_BY_NC_4_0					2026-06-11T22:34:14.556Z		
5002587790	6c8d87be-829d-4364-b2bc-578258761cc2	INPA-3821753	Animalia	Chordata	Amphibia	Caudata	Salamandridae	Ommatotriton	"Ommatotriton vittatus"		SPECIES	"Ommatotriton vittatus (Gray, 1835)"	"Triturus vittatus"		IL			PRESENT	1	4f160e00-329d-11d9-8439-b8a03c50a862	32.961931	35.081907	0.71						2022-04-20	20	4	2022	2431811	2431811	HUMAN_OBSERVATION	INPA		3821753				CC_BY_NC_4_0					2026-06-11T22:34:17.942Z		
5002733687	6c8d87be-829d-4364-b2bc-578258761cc2	INPA-4261906	Animalia	Chordata	Amphibia	Caudata	Salamandridae	Ommatotriton	"Ommatotriton vittatus"		SPECIES	"Ommatotriton vittatus (Gray, 1835)"	"Triturus vittatus"		IL			PRESENT	1	4f160e00-329d-11d9-8439-b8a03c50a862	32.176929	34.828497	0.71						2022-12-27	27	12	2022	2431811	2431811	HUMAN_OBSERVATION	INPA		4261906				CC_BY_NC_4_0					2026-06-11T22:34:20.344Z		
5001626443	6c8d87be-829d-4364-b2bc-578258761cc2	INPA-356653	Animalia	Chordata	Amphibia	Caudata	Salamandridae	Ommatotriton	"Ommatotriton vittatus"		SPECIES	"Ommatotriton vittatus (Gray, 1835)"	"Triturus vittatus"		IL			PRESENT	1	4f160e00-329d-11d9-8439-b8a03c50a862	32.592213	35.061109	0.71						1997-04-23	23	4	1997	2431811	2431811	HUMAN_OBSERVATION	INPA		356653				CC_BY_NC_4_0					2026-06-11T22:34:47.917Z		
5002240885	6c8d87be-829d-4364-b2bc-578258761cc2	INPA-1696854	Animalia	Chordata	Amphibia	Caudata	Salamandridae	Ommatotriton	"Ommatotriton vittatus"		SPECIES	"Ommatotriton vittatus (Gray, 1835)"	"Triturus vittatus"		IL			PRESENT	1	4f160e00-329d-11d9-8439-b8a03c50a862	31.816598	34.998949	0.71						2019-03-11	11	3	2019	2431811	2431811	HUMAN_OBSERVATION	INPA		1696854				CC_BY_NC_4_0					2026-06-11T22:34:54.829Z		
5002822434	6c8d87be-829d-4364-b2bc-578258761cc2	INPA-4847919	Animalia	Chordata	Amphibia	Caudata	Salamandridae	Ommatotriton	"Ommatotriton vittatus"		SPECIES	"Ommatotriton vittatus (Gray, 1835)"	"Triturus vittatus"		IL			PRESENT	1	4f160e00-329d-11d9-8439-b8a03c50a862	32.619252	35.050411	0.71						2024-04-02	2	4	2024	2431811	2431811	HUMAN_OBSERVATION	INPA		4847919				CC_BY_NC_4_0					2026-06-11T22:34:24.561Z		
5002839771	6c8d87be-829d-4364-b2bc-578258761cc2	INPA-4850603	Animalia	Chordata	Amphibia	Caudata	Salamandridae	Ommatotriton	"Ommatotriton vittatus"		SPECIES	"Ommatotriton vittatus (Gray, 1835)"	"Triturus vittatus"		IL			PRESENT	1	4f160e00-329d-11d9-8439-b8a03c50a862	32.583229	35.093075	0.71						2024-04-04	4	4	2024	2431811	2431811	HUMAN_OBSERVATION	INPA		4850603				CC_BY_NC_4_0					2026-06-11T22:35:16.611Z		
1211737617	c287bcb5-ee4a-456f-86b6-dae0e6fe7958	407483357B5A2	Animalia	Chordata	Amphibia	Caudata	Salamandridae	Ommatotriton	"Ommatotriton vittatus"		SPECIES	"Triturus vittatus (Gray, 1835)"			GE	"3 km stretch of Nedzura River"	Achaldaba	PRESENT	1	ff418020-1d67-11d9-8435-b8a03c50a862	41.91	43.502							1992-06-12	12	6	1992	2431812	2431811	PRESERVED_SPECIMEN	ROM	ROMH	ROMH21861		"Murphy, R.W."		CC_BY_4_0	"Royal Ontario Museum"	"Murphy, R.W.;et al."			2026-06-12T06:14:50.937Z		OCCURRENCE_STATUS_INFERRED_FROM_INDIVIDUAL_COUNT;GEODETIC_DATUM_ASSUMED_WGS84;GEODETIC_DATUM_INVALID
5002601874	6c8d87be-829d-4364-b2bc-578258761cc2	INPA-3753400	Animalia	Chordata	Amphibia	Caudata	Salamandridae	Ommatotriton	"Ommatotriton vittatus"		SPECIES	"Ommatotriton vittatus (Gray, 1835)"	"Triturus vittatus"		IL			PRESENT	1	4f160e00-329d-11d9-8439-b8a03c50a862	32.718379	35.40224	0.71						2022-03-23	23	3	2022	2431811	2431811	HUMAN_OBSERVATION	INPA		3753400				CC_BY_NC_4_0					2026-06-11T22:34:18.936Z		
5002834008	6c8d87be-829d-4364-b2bc-578258761cc2	INPA-4455994	Animalia	Chordata	Amphibia	Caudata	Salamandridae	Ommatotriton	"Ommatotriton vittatus"		SPECIES	"Ommatotriton vittatus (Gray, 1835)"	"Triturus vittatus"		IL			PRESENT	1	4f160e00-329d-11d9-8439-b8a03c50a862	33.033801	35.488577	0.71						2023-04-09	9	4	2023	2431811	2431811	HUMAN_OBSERVATION	INPA		4455994				CC_BY_NC_4_0					2026-06-11T22:34:22.475Z		
5002344403	6c8d87be-829d-4364-b2bc-578258761cc2	INPA-2040399	Animalia	Chordata	Amphibia	Caudata	Salamandridae	Ommatotriton	"Ommatotriton vittatus"		SPECIES	"Ommatotriton vittatus (Gray, 1835)"	"Triturus vittatus"		IL			PRESENT	1	4f160e00-329d-11d9-8439-b8a03c50a862	32.131774	34.807483	0.71						2020-03-30	30	3	2020	2431811	2431811	HUMAN_OBSERVATION	INPA		2040399				CC_BY_NC_4_0					2026-06-11T22:35:07.123Z		
5002684378	6c8d87be-829d-4364-b2bc-578258761cc2	INPA-3821815	Animalia	Chordata	Amphibia	Caudata	Salamandridae	Ommatotriton	"Ommatotriton vittatus"		SPECIES	"Ommatotriton vittatus (Gray, 1835)"	"Triturus vittatus"		IL			PRESENT	1	4f160e00-329d-11d9-8439-b8a03c50a862	32.970948	35.081894	0.71						2022-04-20	20	4	2022	2431811	2431811	HUMAN_OBSERVATION	INPA		3821815				CC_BY_NC_4_0					2026-06-11T22:35:10.852Z		
5001851069	6c8d87be-829d-4364-b2bc-578258761cc2	INPA-644427	Animalia	Chordata	Amphibia	Caudata	Salamandridae	Ommatotriton	"Ommatotriton vittatus"		SPECIES	"Ommatotriton vittatus (Gray, 1835)"	"Triturus vittatus"		IL			PRESENT	1	4f160e00-329d-11d9-8439-b8a03c50a862	31.825599	34.988367	0.71						2002-05-06	6	5	2002	2431811	2431811	HUMAN_OBSERVATION	INPA		644427				CC_BY_NC_4_0					2026-06-11T22:34:38.043Z		
5002952745	6c8d87be-829d-4364-b2bc-578258761cc2	INPA-4847906	Animalia	Chordata	Amphibia	Caudata	Salamandridae	Ommatotriton	"Ommatotriton vittatus"		SPECIES	"Ommatotriton vittatus (Gray, 1835)"	"Triturus vittatus"		IL			PRESENT	1	4f160e00-329d-11d9-8439-b8a03c50a862	32.619252	35.050411	0.71						2024-04-02	2	4	2024	2431811	2431811	HUMAN_OBSERVATION	INPA		4847906				CC_BY_NC_4_0					2026-06-11T22:34:50.491Z		
6350757316	6c8d87be-829d-4364-b2bc-578258761cc2	INPA-5977297	Animalia	Chordata	Amphibia	Caudata	Salamandridae	Ommatotriton	"Ommatotriton vittatus"		SPECIES	"Ommatotriton vittatus (Gray, 1835)"	"Triturus vittatus"		IL			PRESENT	1	4f160e00-329d-11d9-8439-b8a03c50a862	32.574257	35.188929	0.71						2026-05-12	12	5	2026	2431811	2431811	HUMAN_OBSERVATION	INPA		5977297				CC_BY_NC_4_0					2026-06-11T22:34:59.497Z		
5002718306	6c8d87be-829d-4364-b2bc-578258761cc2	INPA-4493073	Animalia	Chordata	Amphibia	Caudata	Salamandridae	Ommatotriton	"Ommatotriton vittatus"		SPECIES	"Ommatotriton vittatus (Gray, 1835)"	"Triturus vittatus"		IL			PRESENT	1	4f160e00-329d-11d9-8439-b8a03c50a862	33.06098	35.424418	0.71						2023-04-30	30	4	2023	2431811	2431811	HUMAN_OBSERVATION	INPA		4493073				CC_BY_NC_4_0					2026-06-11T22:34:29.263Z		
5001534665	6c8d87be-829d-4364-b2bc-578258761cc2	INPA-243516	Animalia	Chordata	Amphibia	Caudata	Salamandridae	Ommatotriton	"Ommatotriton vittatus"		SPECIES	"Ommatotriton vittatus (Gray, 1835)"	"Triturus vittatus"		IL			PRESENT	1	4f160e00-329d-11d9-8439-b8a03c50a862	32.122756	34.807522	0.71						1980-02-06	6	2	1980	2431811	2431811	HUMAN_OBSERVATION	INPA		243516				CC_BY_NC_4_0					2026-06-11T22:34:35.320Z		
5002213383	6c8d87be-829d-4364-b2bc-578258761cc2	INPA-1424360	Animalia	Chordata	Amphibia	Caudata	Salamandridae	Ommatotriton	"Ommatotriton vittatus"		SPECIES	"Ommatotriton vittatus (Gray, 1835)"	"Triturus vittatus"		IL			PRESENT	1	4f160e00-329d-11d9-8439-b8a03c50a862	32.583196	35.061123	0.71						2018-05-07	7	5	2018	2431811	2431811	HUMAN_OBSERVATION	INPA		1424360				CC_BY_NC_4_0					2026-06-11T22:34:41.997Z		
5002701388	6c8d87be-829d-4364-b2bc-578258761cc2	INPA-4206115	Animalia	Chordata	Amphibia	Caudata	Salamandridae	Ommatotriton	"Ommatotriton vittatus"		SPECIES	"Ommatotriton vittatus (Gray, 1835)"	"Triturus vittatus"		IL			PRESENT	1	4f160e00-329d-11d9-8439-b8a03c50a862	33.131985	35.778233	0.71						2022-11-16	16	11	2022	2431811	2431811	HUMAN_OBSERVATION	INPA		4206115				CC_BY_NC_4_0					2026-06-11T22:34:47.687Z		COUNTRY_COORDINATE_MISMATCH;SCIENTIFIC_NAME_AND_ID_INCONSISTENT
5003252775	6c8d87be-829d-4364-b2bc-578258761cc2	INPA-4418417	Animalia	Chordata	Amphibia	Caudata	Salamandridae	Ommatotriton	"Ommatotriton vittatus"		SPECIES	"Ommatotriton vittatus (Gray, 1835)"	"Triturus vittatus"		IL			PRESENT	1	4f160e00-329d-11d9-8439-b8a03c50a862	32.176929	34.828497	0.71						2023-03-14	14	3	2023	2431811	2431811	HUMAN_OBSERVATION	INPA		4418417				CC_BY_NC_4_0					2026-06-11T22:34:26.135Z		
5001837543	6c8d87be-829d-4364-b2bc-578258761cc2	INPA-626779	Animalia	Chordata	Amphibia	Caudata	Salamandridae	Ommatotriton	"Ommatotriton vittatus"		SPECIES	"Ommatotriton vittatus (Gray, 1835)"	"Triturus vittatus"		IL			PRESENT	1	4f160e00-329d-11d9-8439-b8a03c50a862	33.023889	35.756125	0.71						2004-05-09	9	5	2004	2431811	2431811	HUMAN_OBSERVATION	INPA		626779				CC_BY_NC_4_0					2026-06-11T22:34:13.356Z		COUNTRY_COORDINATE_MISMATCH;SCIENTIFIC_NAME_AND_ID_INCONSISTENT
5002331984	6c8d87be-829d-4364-b2bc-578258761cc2	INPA-1778858	Animalia	Chordata	Amphibia	Caudata	Salamandridae	Ommatotriton	"Ommatotriton vittatus"		SPECIES	"Ommatotriton vittatus (Gray, 1835)"	"Triturus vittatus"		IL			PRESENT	1	4f160e00-329d-11d9-8439-b8a03c50a862	32.131774	34.807483	0.71						2019-05-30	30	5	2019	2431811	2431811	HUMAN_OBSERVATION	INPA		1778858				CC_BY_NC_4_0					2026-06-11T22:34:19.620Z		
5001932826	6c8d87be-829d-4364-b2bc-578258761cc2	INPA-748927	Animalia	Chordata	Amphibia	Caudata	Salamandridae	Ommatotriton	"Ommatotriton vittatus"		SPECIES	"Ommatotriton vittatus (Gray, 1835)"	"Triturus vittatus"		IL			PRESENT	1	4f160e00-329d-11d9-8439-b8a03c50a862	32.556132	35.050519	0.71						2012-04-19	19	4	2012	2431811	2431811	HUMAN_OBSERVATION	INPA		748927				CC_BY_NC_4_0					2026-06-11T22:34:38.152Z		
5002784180	6c8d87be-829d-4364-b2bc-578258761cc2	INPA-4439739	Animalia	Chordata	Amphibia	Caudata	Salamandridae	Ommatotriton	"Ommatotriton vittatus"		SPECIES	"Ommatotriton vittatus (Gray, 1835)"	"Triturus vittatus"		IL			PRESENT	1	4f160e00-329d-11d9-8439-b8a03c50a862	32.583229	35.093075	0.71						2023-04-01	1	4	2023	2431811	2431811	HUMAN_OBSERVATION	INPA		4439739				CC_BY_NC_4_0					2026-06-11T22:34:46.645Z		
6159739561	6c8d87be-829d-4364-b2bc-578258761cc2	INPA-5809417	Animalia	Chordata	Amphibia	Caudata	Salamandridae	Ommatotriton	"Ommatotriton vittatus"		SPECIES	"Ommatotriton vittatus (Gray, 1835)"	"Triturus vittatus"		IL			PRESENT	1	4f160e00-329d-11d9-8439-b8a03c50a862	32.637349	35.114322	0.71						2026-01-18	18	1	2026	2431811	2431811	HUMAN_OBSERVATION	INPA		5809417				CC_BY_NC_4_0					2026-06-11T22:34:56.353Z		
5001547245	6c8d87be-829d-4364-b2bc-578258761cc2	INPA-243718	Animalia	Chordata	Amphibia	Caudata	Salamandridae	Ommatotriton	"Ommatotriton vittatus"		SPECIES	"Ommatotriton vittatus (Gray, 1835)"	"Triturus vittatus"		IL			PRESENT	1	4f160e00-329d-11d9-8439-b8a03c50a862	32.429982	35.199589	0.71						1988-04-14	14	4	1988	2431811	2431811	HUMAN_OBSERVATION	INPA		243718				CC_BY_NC_4_0					2026-06-11T22:34:40.755Z		
5001552416	6c8d87be-829d-4364-b2bc-578258761cc2	INPA-243587	Animalia	Chordata	Amphibia	Caudata	Salamandridae	Ommatotriton	"Ommatotriton vittatus"		SPECIES	"Ommatotriton vittatus (Gray, 1835)"	"Triturus vittatus"		IL			PRESENT	1	4f160e00-329d-11d9-8439-b8a03c50a862	31.779577	34.671753	0.71						1980-03-16	16	3	1980	2431811	2431811	HUMAN_OBSERVATION	INPA		243587				CC_BY_NC_4_0					2026-06-11T22:34:40.780Z		
5002184247	6c8d87be-829d-4364-b2bc-578258761cc2	INPA-1405176	Animalia	Chordata	Amphibia	Caudata	Salamandridae	Ommatotriton	"Ommatotriton vittatus"		SPECIES	"Ommatotriton vittatus (Gray, 1835)"	"Triturus vittatus"		IL			PRESENT	1	4f160e00-329d-11d9-8439-b8a03c50a862	32.592173	35.029154	0.71						2018-03-27	27	3	2018	2431811	2431811	HUMAN_OBSERVATION	INPA		1405176				CC_BY_NC_4_0					2026-06-11T22:34:44.774Z		
5002468157	6c8d87be-829d-4364-b2bc-578258761cc2	INPA-2986351	Animalia	Chordata	Amphibia	Caudata	Salamandridae	Ommatotriton	"Ommatotriton vittatus"		SPECIES	"Ommatotriton vittatus (Gray, 1835)"	"Triturus vittatus"		IL			PRESENT	1	4f160e00-329d-11d9-8439-b8a03c50a862	32.131807	34.818081	0.71						2020-11-24	24	11	2020	2431811	2431811	HUMAN_OBSERVATION	INPA		2986351				CC_BY_NC_4_0					2026-06-11T22:34:22.964Z		
5001897543	6c8d87be-829d-4364-b2bc-578258761cc2	INPA-727952	Animalia	Chordata	Amphibia	Caudata	Salamandridae	Ommatotriton	"Ommatotriton vittatus"		SPECIES	"Ommatotriton vittatus (Gray, 1835)"	"Triturus vittatus"		IL			PRESENT	1	4f160e00-329d-11d9-8439-b8a03c50a862	32.592139	35.007847	0.71						2015-03-22	22	3	2015	2431811	2431811	HUMAN_OBSERVATION	INPA		727952				CC_BY_NC_4_0					2026-06-11T22:34:44.179Z		
5001777496	6c8d87be-829d-4364-b2bc-578258761cc2	INPA-569219	Animalia	Chordata	Amphibia	Caudata	Salamandridae	Ommatotriton	"Ommatotriton vittatus"		SPECIES	"Ommatotriton vittatus (Gray, 1835)"	"Triturus vittatus"		IL			PRESENT	1	4f160e00-329d-11d9-8439-b8a03c50a862	32.510969	34.997385	0.71						2000-03-18	18	3	2000	2431811	2431811	HUMAN_OBSERVATION	INPA		569219				CC_BY_NC_4_0					2026-06-11T22:34:36.357Z		
5002260532	6c8d87be-829d-4364-b2bc-578258761cc2	INPA-1725633	Animalia	Chordata	Amphibia	Caudata	Salamandridae	Ommatotriton	"Ommatotriton vittatus"		SPECIES	"Ommatotriton vittatus (Gray, 1835)"	"Triturus vittatus"		IL			PRESENT	1	4f160e00-329d-11d9-8439-b8a03c50a862	32.916362	35.573724	0.71						2019-04-03	3	4	2019	2431811	2431811	HUMAN_OBSERVATION	INPA		1725633				CC_BY_NC_4_0					2026-06-11T22:34:41.573Z		
5002670952	6c8d87be-829d-4364-b2bc-578258761cc2	INPA-4264698	Animalia	Chordata	Amphibia	Caudata	Salamandridae	Ommatotriton	"Ommatotriton vittatus"		SPECIES	"Ommatotriton vittatus (Gray, 1835)"	"Triturus vittatus"		IL			PRESENT	1	4f160e00-329d-11d9-8439-b8a03c50a862	32.772637	35.210244	0.71						2022-04-19	19	4	2022	2431811	2431811	HUMAN_OBSERVATION	INPA		4264698				CC_BY_NC_4_0					2026-06-11T22:34:45.907Z		
5002928644	6c8d87be-829d-4364-b2bc-578258761cc2	INPA-4850280	Animalia	Chordata	Amphibia	Caudata	Salamandridae	Ommatotriton	"Ommatotriton vittatus"		SPECIES	"Ommatotriton vittatus (Gray, 1835)"	"Triturus vittatus"		IL			PRESENT	1	4f160e00-329d-11d9-8439-b8a03c50a862	32.547139	35.071827	0.71						2024-04-04	4	4	2024	2431811	2431811	HUMAN_OBSERVATION	INPA		4850280				CC_BY_NC_4_0					2026-06-11T22:34:48.651Z		
5002388722	6c8d87be-829d-4364-b2bc-578258761cc2	INPA-2053060	Animalia	Chordata	Amphibia	Caudata	Salamandridae	Ommatotriton	"Ommatotriton vittatus"		SPECIES	"Ommatotriton vittatus (Gray, 1835)"	"Triturus vittatus"		IL			PRESENT	1	4f160e00-329d-11d9-8439-b8a03c50a862	32.140827	34.818046	0.71						2020-04-13	13	4	2020	2431811	2431811	HUMAN_OBSERVATION	INPA		2053060				CC_BY_NC_4_0					2026-06-11T22:35:06.882Z		
5001905197	6c8d87be-829d-4364-b2bc-578258761cc2	INPA-742152	Animalia	Chordata	Amphibia	Caudata	Salamandridae	Ommatotriton	"Ommatotriton vittatus"		SPECIES	"Ommatotriton vittatus (Gray, 1835)"	"Triturus vittatus"		IL			PRESENT	1	4f160e00-329d-11d9-8439-b8a03c50a862	31.825599	34.988367	0.71						2013-04-15	15	4	2013	2431811	2431811	HUMAN_OBSERVATION	INPA		742152				CC_BY_NC_4_0					2026-06-11T22:34:38.697Z		
5002992566	6c8d87be-829d-4364-b2bc-578258761cc2	INPA-4906113	Animalia	Chordata	Amphibia	Caudata	Salamandridae	Ommatotriton	"Ommatotriton vittatus"		SPECIES	"Ommatotriton vittatus (Gray, 1835)"	"Triturus vittatus"		IL			PRESENT	1	4f160e00-329d-11d9-8439-b8a03c50a862	32.619287	35.082375	0.71						2024-05-20	20	5	2024	2431811	2431811	HUMAN_OBSERVATION	INPA		4906113				CC_BY_NC_4_0					2026-06-11T22:34:50.539Z		
5003094190	6c8d87be-829d-4364-b2bc-578258761cc2	INPA-941932	Animalia	Chordata	Amphibia	Caudata	Salamandridae	Ommatotriton	"Ommatotriton vittatus"		SPECIES	"Ommatotriton vittatus (Gray, 1835)"	"Triturus vittatus"		IL			PRESENT	1	4f160e00-329d-11d9-8439-b8a03c50a862	32.501952	34.997406	0.71						2015-12-20	20	12	2015	2431811	2431811	HUMAN_OBSERVATION	INPA		941932				CC_BY_NC_4_0					2026-06-11T22:34:51.576Z		
5002366557	6c8d87be-829d-4364-b2bc-578258761cc2	INPA-1999134	Animalia	Chordata	Amphibia	Caudata	Salamandridae	Ommatotriton	"Ommatotriton vittatus"		SPECIES	"Ommatotriton vittatus (Gray, 1835)"	"Triturus vittatus"		IL			PRESENT	1	4f160e00-329d-11d9-8439-b8a03c50a862	32.140827	34.818046	0.71						2020-02-17	17	2	2020	2431811	2431811	HUMAN_OBSERVATION	INPA		1999134				CC_BY_NC_4_0					2026-06-11T22:34:24.548Z		
5001832882	6c8d87be-829d-4364-b2bc-578258761cc2	INPA-626773	Animalia	Chordata	Amphibia	Caudata	Salamandridae	Ommatotriton	"Ommatotriton vittatus"		SPECIES	"Ommatotriton vittatus (Gray, 1835)"	"Triturus vittatus"		IL			PRESENT	1	4f160e00-329d-11d9-8439-b8a03c50a862	32.960368	35.841293	0.71						2004-05-09	9	5	2004	2431811	2431811	HUMAN_OBSERVATION	INPA		626773				CC_BY_NC_4_0					2026-06-11T22:34:12.926Z		COUNTRY_COORDINATE_MISMATCH;SCIENTIFIC_NAME_AND_ID_INCONSISTENT
5002351992	6c8d87be-829d-4364-b2bc-578258761cc2	INPA-2036420	Animalia	Chordata	Amphibia	Caudata	Salamandridae	Ommatotriton	"Ommatotriton vittatus"		SPECIES	"Ommatotriton vittatus (Gray, 1835)"	"Triturus vittatus"		IL			PRESENT	1	4f160e00-329d-11d9-8439-b8a03c50a862	31.563964	34.936307	0.71						2020-03-26	26	3	2020	2431811	2431811	HUMAN_OBSERVATION	INPA		2036420				CC_BY_NC_4_0					2026-06-11T22:34:49.344Z		
5002067887	6c8d87be-829d-4364-b2bc-578258761cc2	INPA-1206735	Animalia	Chordata	Amphibia	Caudata	Salamandridae	Ommatotriton	"Ommatotriton vittatus"		SPECIES	"Ommatotriton vittatus (Gray, 1835)"	"Triturus vittatus"		IL			PRESENT	1	4f160e00-329d-11d9-8439-b8a03c50a862	32.673436	35.14627	0.71						2017-05-08	8	5	2017	2431811	2431811	HUMAN_OBSERVATION	INPA		1206735				CC_BY_NC_4_0					2026-06-11T22:34:11.497Z		
5003083316	6c8d87be-829d-4364-b2bc-578258761cc2	INPA-727813	Animalia	Chordata	Amphibia	Caudata	Salamandridae	Ommatotriton	"Ommatotriton vittatus"		SPECIES	"Ommatotriton vittatus (Gray, 1835)"	"Triturus vittatus"		IL			PRESENT	1	4f160e00-329d-11d9-8439-b8a03c50a862	32.574166	35.050488	0.71						2015-03-28	28	3	2015	2431811	2431811	HUMAN_OBSERVATION	INPA		727813				CC_BY_NC_4_0					2026-06-11T22:34:33.449Z		
5001867079	6c8d87be-829d-4364-b2bc-578258761cc2	INPA-686158	Animalia	Chordata	Amphibia	Caudata	Salamandridae	Ommatotriton	"Ommatotriton vittatus"		SPECIES	"Ommatotriton vittatus (Gray, 1835)"	"Triturus vittatus"		IL			PRESENT	1	4f160e00-329d-11d9-8439-b8a03c50a862	32.906629	35.766086	0.71						2007-01-07	7	1	2007	2431811	2431811	HUMAN_OBSERVATION	INPA		686158				CC_BY_NC_4_0					2026-06-11T22:35:01.163Z		COUNTRY_COORDINATE_MISMATCH;SCIENTIFIC_NAME_AND_ID_INCONSISTENT
5002727744	6c8d87be-829d-4364-b2bc-578258761cc2	INPA-4484889	Animalia	Chordata	Amphibia	Caudata	Salamandridae	Ommatotriton	"Ommatotriton vittatus"		SPECIES	"Ommatotriton vittatus (Gray, 1835)"	"Triturus vittatus"		IL			PRESENT	1	4f160e00-329d-11d9-8439-b8a03c50a862	32.718482	35.316904	0.71						2023-04-25	25	4	2023	2431811	2431811	HUMAN_OBSERVATION	INPA		4484889				CC_BY_NC_4_0					2026-06-11T22:35:10.476Z		
5002378971	6c8d87be-829d-4364-b2bc-578258761cc2	INPA-2037073	Animalia	Chordata	Amphibia	Caudata	Salamandridae	Ommatotriton	"Ommatotriton vittatus"		SPECIES	"Ommatotriton vittatus (Gray, 1835)"	"Triturus vittatus"		IL			PRESENT	1	4f160e00-329d-11d9-8439-b8a03c50a862	32.131774	34.807483	0.71						2020-03-27	27	3	2020	2431811	2431811	HUMAN_OBSERVATION	INPA		2037073				CC_BY_NC_4_0					2026-06-11T22:34:20.268Z		
5001539823	6c8d87be-829d-4364-b2bc-578258761cc2	INPA-243550	Animalia	Chordata	Amphibia	Caudata	Salamandridae	Ommatotriton	"Ommatotriton vittatus"		SPECIES	"Ommatotriton vittatus (Gray, 1835)"	"Triturus vittatus"		IL			PRESENT	1	4f160e00-329d-11d9-8439-b8a03c50a862	32.059945	34.924281	0.71						1980-03-09	9	3	1980	2431811	2431811	HUMAN_OBSERVATION	INPA		243550				CC_BY_NC_4_0					2026-06-11T22:34:08.597Z		
5001923440	6c8d87be-829d-4364-b2bc-578258761cc2	INPA-727968	Animalia	Chordata	Amphibia	Caudata	Salamandridae	Ommatotriton	"Ommatotriton vittatus"		SPECIES	"Ommatotriton vittatus (Gray, 1835)"	"Triturus vittatus"		IL			PRESENT	1	4f160e00-329d-11d9-8439-b8a03c50a862	31.825581	34.977804	0.71						2015-03-22	22	3	2015	2431811	2431811	HUMAN_OBSERVATION	INPA		727968				CC_BY_NC_4_0					2026-06-11T22:34:14.057Z		
5002511795	6c8d87be-829d-4364-b2bc-578258761cc2	INPA-3563822	Animalia	Chordata	Amphibia	Caudata	Salamandridae	Ommatotriton	"Ommatotriton vittatus"		SPECIES	"Ommatotriton vittatus (Gray, 1835)"	"Triturus vittatus"		IL			PRESENT	1	4f160e00-329d-11d9-8439-b8a03c50a862	31.654149	34.936048	0.71						2021-10-18	18	10	2021	2431811	2431811	HUMAN_OBSERVATION	INPA		3563822				CC_BY_NC_4_0					2026-06-11T22:34:22.462Z		
5003117047	6c8d87be-829d-4364-b2bc-578258761cc2	INPA-1207065	Animalia	Chordata	Amphibia	Caudata	Salamandridae	Ommatotriton	"Ommatotriton vittatus"		SPECIES	"Ommatotriton vittatus (Gray, 1835)"	"Triturus vittatus"		IL			PRESENT	1	4f160e00-329d-11d9-8439-b8a03c50a862	32.96185	35.392085	0.71						2017-05-05	5	5	2017	2431811	2431811	HUMAN_OBSERVATION	INPA		1207065				CC_BY_NC_4_0					2026-06-11T22:34:29.754Z		
5895444265	6c8d87be-829d-4364-b2bc-578258761cc2	INPA-4921775	Animalia	Chordata	Amphibia	Caudata	Salamandridae	Ommatotriton	"Ommatotriton vittatus"		SPECIES	"Ommatotriton vittatus (Gray, 1835)"	"Triturus vittatus"		IL			PRESENT	1	4f160e00-329d-11d9-8439-b8a03c50a862	32.041976	34.956098	0.71						2024-04-13	13	4	2024	2431811	2431811	HUMAN_OBSERVATION	INPA		4921775				CC_BY_NC_4_0					2026-06-11T22:34:29.753Z		
5001907634	6c8d87be-829d-4364-b2bc-578258761cc2	INPA-723693	Animalia	Chordata	Amphibia	Caudata	Salamandridae	Ommatotriton	"Ommatotriton vittatus"		SPECIES	"Ommatotriton vittatus (Gray, 1835)"	"Triturus vittatus"		IL			PRESENT	1	4f160e00-329d-11d9-8439-b8a03c50a862	32.628242	35.029084	0.71						2008-03-19	19	3	2008	2431811	2431811	HUMAN_OBSERVATION	INPA		723693				CC_BY_NC_4_0					2026-06-11T22:34:37.461Z		
5002440900	6c8d87be-829d-4364-b2bc-578258761cc2	INPA-2059707	Animalia	Chordata	Amphibia	Caudata	Salamandridae	Ommatotriton	"Ommatotriton vittatus"		SPECIES	"Ommatotriton vittatus (Gray, 1835)"	"Triturus vittatus"		IL			PRESENT	1	4f160e00-329d-11d9-8439-b8a03c50a862	32.131807	34.818081	0.71						2020-04-19	19	4	2020	2431811	2431811	HUMAN_OBSERVATION	INPA		2059707				CC_BY_NC_4_0					2026-06-11T22:34:42.825Z		
5003226479	6c8d87be-829d-4364-b2bc-578258761cc2	INPA-3813167	Animalia	Chordata	Amphibia	Caudata	Salamandridae	Ommatotriton	"Ommatotriton vittatus"		SPECIES	"Ommatotriton vittatus (Gray, 1835)"	"Triturus vittatus"		IL			PRESENT	1	4f160e00-329d-11d9-8439-b8a03c50a862	31.861548	34.924883	0.71						2022-04-17	17	4	2022	2431811	2431811	HUMAN_OBSERVATION	INPA		3813167				CC_BY_NC_4_0					2026-06-11T22:34:51.632Z		
5001620532	6c8d87be-829d-4364-b2bc-578258761cc2	INPA-357566	Animalia	Chordata	Amphibia	Caudata	Salamandridae	Ommatotriton	"Ommatotriton vittatus"		SPECIES	"Ommatotriton vittatus (Gray, 1835)"	"Triturus vittatus"		IL			PRESENT	1	4f160e00-329d-11d9-8439-b8a03c50a862	32.619239	35.039756	0.71						1997-02-03	3	2	1997	2431811	2431811	HUMAN_OBSERVATION	INPA		357566				CC_BY_NC_4_0					2026-06-11T22:34:59.735Z		
5002319576	6c8d87be-829d-4364-b2bc-578258761cc2	INPA-1944196	Animalia	Chordata	Amphibia	Caudata	Salamandridae	Ommatotriton	"Ommatotriton vittatus"		SPECIES	"Ommatotriton vittatus (Gray, 1835)"	"Triturus vittatus"		IL			PRESENT	1	4f160e00-329d-11d9-8439-b8a03c50a862	32.131774	34.807483	0.71						2019-12-05	5	12	2019	2431811	2431811	HUMAN_OBSERVATION	INPA		1944196				CC_BY_NC_4_0					2026-06-11T22:34:18.504Z		
5002637776	6c8d87be-829d-4364-b2bc-578258761cc2	INPA-3813189	Animalia	Chordata	Amphibia	Caudata	Salamandridae	Ommatotriton	"Ommatotriton vittatus"		SPECIES	"Ommatotriton vittatus (Gray, 1835)"	"Triturus vittatus"		IL			PRESENT	1	4f160e00-329d-11d9-8439-b8a03c50a862	31.852553	34.935475	0.71						2022-04-17	17	4	2022	2431811	2431811	HUMAN_OBSERVATION	INPA		3813189				CC_BY_NC_4_0					2026-06-11T22:34:24.749Z		
5001638370	6c8d87be-829d-4364-b2bc-578258761cc2	INPA-360111	Animalia	Chordata	Amphibia	Caudata	Salamandridae	Ommatotriton	"Ommatotriton vittatus"		SPECIES	"Ommatotriton vittatus (Gray, 1835)"	"Triturus vittatus"		IL			PRESENT	1	4f160e00-329d-11d9-8439-b8a03c50a862	32.547127	35.06118	0.71						1990-03-12	12	3	1990	2431811	2431811	HUMAN_OBSERVATION	INPA		360111				CC_BY_NC_4_0					2026-06-11T22:34:35.795Z		
5002074495	6c8d87be-829d-4364-b2bc-578258761cc2	INPA-1198161	Animalia	Chordata	Amphibia	Caudata	Salamandridae	Ommatotriton	"Ommatotriton vittatus"		SPECIES	"Ommatotriton vittatus (Gray, 1835)"	"Triturus vittatus"		IL			PRESENT	1	4f160e00-329d-11d9-8439-b8a03c50a862	33.051982	35.413689	0.71						2017-04-26	26	4	2017	2431811	2431811	HUMAN_OBSERVATION	INPA		1198161				CC_BY_NC_4_0					2026-06-11T22:34:39.772Z		
5157150850	6c8d87be-829d-4364-b2bc-578258761cc2	INPA-5250106	Animalia	Chordata	Amphibia	Caudata	Salamandridae	Ommatotriton	"Ommatotriton vittatus"		SPECIES	"Ommatotriton vittatus (Gray, 1835)"	"Triturus vittatus"		IL			PRESENT	1	4f160e00-329d-11d9-8439-b8a03c50a862	32.610297	35.114349	0.71						2025-03-19	19	3	2025	2431811	2431811	HUMAN_OBSERVATION	INPA		5250106				CC_BY_NC_4_0					2026-06-11T22:34:54.479Z		
5002953198	6c8d87be-829d-4364-b2bc-578258761cc2	INPA-4857608	Animalia	Chordata	Amphibia	Caudata	Salamandridae	Ommatotriton	"Ommatotriton vittatus"		SPECIES	"Ommatotriton vittatus (Gray, 1835)"	"Triturus vittatus"		IL			PRESENT	1	4f160e00-329d-11d9-8439-b8a03c50a862	32.538038	35.007968	0.71						2024-04-10	10	4	2024	2431811	2431811	HUMAN_OBSERVATION	INPA		4857608				CC_BY_NC_4_0					2026-06-11T22:34:28.776Z		
5001535926	6c8d87be-829d-4364-b2bc-578258761cc2	INPA-243580	Animalia	Chordata	Amphibia	Caudata	Salamandridae	Ommatotriton	"Ommatotriton vittatus"		SPECIES	"Ommatotriton vittatus (Gray, 1835)"	"Triturus vittatus"		IL			PRESENT	1	4f160e00-329d-11d9-8439-b8a03c50a862	31.897136	34.755643	0.71						1980-04-20	20	4	1980	2431811	2431811	HUMAN_OBSERVATION	INPA		243580				CC_BY_NC_4_0					2026-06-11T22:34:38.768Z		
1039454369	861d3d64-f762-11e1-a439-00145eb45e9a	urn:uuid:09c92aa2-41ec-41e5-8157-449c25e387e7	Animalia	Chordata	Amphibia	Caudata	Salamandridae	Ommatotriton	"Ommatotriton vittatus"		SPECIES	"Triturus vittatus (Gray, 1835)"	"Triturus vittatus"	"(Gray, 1835)"	IL	"Tel-Aviv. Geha"		PRESENT	1	2e167bb0-4441-11db-9ba2-b8a03c50a862	32.0833	34.75	1850.0						1961-01		1	1961	2431812	2431811	PRESERVED_SPECIMEN	YPM	VZ	"YPM HERA 000835"				CC0_1_0	"Yale Peabody Museum"	"Michael R. Warburg"			2026-06-11T23:25:42.038Z		OCCURRENCE_STATUS_INFERRED_FROM_INDIVIDUAL_COUNT;INSTITUTION_MATCH_FUZZY
1039464631	861d3d64-f762-11e1-a439-00145eb45e9a	urn:uuid:533e89de-cb21-4a11-bd44-9a0dcde22b2c	Animalia	Chordata	Amphibia	Caudata	Salamandridae	Ommatotriton	"Ommatotriton vittatus"		SPECIES	"Triturus vittatus (Gray, 1835)"	"Triturus vittatus"	"(Gray, 1835)"	IL	"Tel-Aviv. Geha"		PRESENT	1	2e167bb0-4441-11db-9ba2-b8a03c50a862	32.0833	34.75	1850.0						1961-01		1	1961	2431812	2431811	PRESERVED_SPECIMEN	YPM	VZ	"YPM HERA 000836"				CC0_1_0	"Yale Peabody Museum"	"Michael R. Warburg"			2026-06-11T23:26:34.657Z		OCCURRENCE_STATUS_INFERRED_FROM_INDIVIDUAL_COUNT;INSTITUTION_MATCH_FUZZY
1039481659	861d3d64-f762-11e1-a439-00145eb45e9a	urn:uuid:d211b69d-c1a4-4dc7-83e8-bad47fafb035	Animalia	Chordata	Amphibia	Caudata	Salamandridae	Ommatotriton	"Ommatotriton vittatus"		SPECIES	"Triturus vittatus (Gray, 1835)"	"Triturus vittatus"	"(Gray, 1835)"	IL	"Haifa Check Point"		PRESENT	1	2e167bb0-4441-11db-9ba2-b8a03c50a862	32.8167	34.9833	1850.0						1960-12		12	1960	2431812	2431811	PRESERVED_SPECIMEN	YPM	VZ	"YPM HERA 000837"				CC0_1_0	"Yale Peabody Museum"	"Michael R. Warburg"			2026-06-11T23:26:13.641Z		OCCURRENCE_STATUS_INFERRED_FROM_INDIVIDUAL_COUNT;INSTITUTION_MATCH_FUZZY
1039482809	861d3d64-f762-11e1-a439-00145eb45e9a	urn:uuid:dc94f8fb-b02c-4004-92dd-1072c29bdbc6	Animalia	Chordata	Amphibia	Caudata	Salamandridae	Ommatotriton	"Ommatotriton vittatus"		SPECIES	"Triturus vittatus (Gray, 1835)"	"Triturus vittatus"	"(Gray, 1835)"	IL	"Haifa Check Point"		PRESENT	1	2e167bb0-4441-11db-9ba2-b8a03c50a862	32.8167	34.9833	1850.0						1960-12		12	1960	2431812	2431811	PRESERVED_SPECIMEN	YPM	VZ	"YPM HERA 000838"				CC0_1_0	"Yale Peabody Museum"	"Michael R. Warburg"			2026-06-11T23:26:21.535Z		OCCURRENCE_STATUS_INFERRED_FROM_INDIVIDUAL_COUNT;INSTITUTION_MATCH_FUZZY
1039463915	861d3d64-f762-11e1-a439-00145eb45e9a	urn:uuid:50c289f7-c338-4ddb-b45f-531771786c04	Animalia	Chordata	Amphibia	Caudata	Salamandridae	Ommatotriton	"Ommatotriton vittatus"		SPECIES	"Triturus vittatus (Gray, 1835)"	"Triturus vittatus"	"(Gray, 1835)"	IL	"Mount Carmel. Bath Shlome"		PRESENT	1	2e167bb0-4441-11db-9ba2-b8a03c50a862	32.75	35.0333	1850.0						1961-01		1	1961	2431812	2431811	PRESERVED_SPECIMEN	YPM	VZ	"YPM HERA 000833"				CC0_1_0	"Yale Peabody Museum"	"Michael R. Warburg"			2026-06-11T23:25:47.840Z		OCCURRENCE_STATUS_INFERRED_FROM_INDIVIDUAL_COUNT;INSTITUTION_MATCH_FUZZY
1039479317	861d3d64-f762-11e1-a439-00145eb45e9a	urn:uuid:c45cf29b-b384-4b85-94ea-f6499662f3db	Animalia	Chordata	Amphibia	Caudata	Salamandridae	Ommatotriton	"Ommatotriton vittatus"		SPECIES	"Triturus vittatus (Gray, 1835)"	"Triturus vittatus"	"(Gray, 1835)"	IL	"Mount Carmel. Galed"		PRESENT	1	2e167bb0-4441-11db-9ba2-b8a03c50a862	32.75	35.0333	1850.0						1961-01		1	1961	2431812	2431811	PRESERVED_SPECIMEN	YPM	VZ	"YPM HERA 000834"				CC0_1_0	"Yale Peabody Museum"	"Michael R. Warburg"			2026-06-11T23:26:08.491Z		OCCURRENCE_STATUS_INFERRED_FROM_INDIVIDUAL_COUNT;INSTITUTION_MATCH_FUZZY
3349666814	d8cd16ba-bb74-4420-821e-083f2bac17c2	EF526056	Animalia	Chordata	Amphibia	Caudata	Salamandridae	Ommatotriton	"Ommatotriton vittatus"		SPECIES	"Ommatotriton vittatus (Gray, 1835)"	"Ommatotriton vittatus vittatus"		SY			PRESENT		ada9d123-ddb4-467d-8891-806ea8d94230	33.13	35.76							2004-05-05	5	5	2004	2431811	2431811	PRESERVED_SPECIMEN			RuHF-TVV-03-3				CC_BY_4_0		"Eldad Elron"			2026-06-27T13:55:27.797Z		COUNTRY_DERIVED_FROM_COORDINATES;GEODETIC_DATUM_ASSUMED_WGS84;CONTINENT_DERIVED_FROM_COORDINATES;TAXON_ID_NOT_FOUND;TAXON_CONCEPT_ID_NOT_FOUND;TAXON_MATCH_HIGHERRANK
3346409641	d8cd16ba-bb74-4420-821e-083f2bac17c2	EF526027	Animalia	Chordata	Amphibia	Caudata	Salamandridae	Ommatotriton	"Ommatotriton vittatus"		SPECIES	"Ommatotriton vittatus (Gray, 1835)"	"Ommatotriton vittatus cilicensis"		TR	Mersin		PRESENT		ada9d123-ddb4-467d-8891-806ea8d94230	36.81	34.61							2004-02-12	12	2	2004	2431811	2431811	PRESERVED_SPECIMEN			RuHF-TVC-02-1				CC_BY_4_0		"Nikolai A. Poyarkov"			2026-06-27T12:47:24.440Z		GEODETIC_DATUM_ASSUMED_WGS84;CONTINENT_DERIVED_FROM_COORDINATES;TAXON_ID_NOT_FOUND;TAXON_CONCEPT_ID_NOT_FOUND;TAXON_MATCH_HIGHERRANK
3346363452	d8cd16ba-bb74-4420-821e-083f2bac17c2	EF526025	Animalia	Chordata	Amphibia	Caudata	Salamandridae	Ommatotriton	"Ommatotriton vittatus"		SPECIES	"Ommatotriton vittatus (Gray, 1835)"	"Ommatotriton vittatus cilicensis"		TR	Adana		PRESENT		ada9d123-ddb4-467d-8891-806ea8d94230	37.06	35.73							2004-02-14	14	2	2004	2431811	2431811	PRESERVED_SPECIMEN			RuHF-TVC-01-3				CC_BY_4_0		"Nikolai A. Poyarkov"			2026-06-27T12:47:12.141Z		GEODETIC_DATUM_ASSUMED_WGS84;CONTINENT_DERIVED_FROM_COORDINATES;TAXON_ID_NOT_FOUND;TAXON_CONCEPT_ID_NOT_FOUND;TAXON_MATCH_HIGHERRANK
3349785707	d8cd16ba-bb74-4420-821e-083f2bac17c2	EF526032	Animalia	Chordata	Amphibia	Caudata	Salamandridae	Ommatotriton	"Ommatotriton vittatus"		SPECIES	"Ommatotriton vittatus (Gray, 1835)"	"Ommatotriton vittatus cilicensis"		TR	Mersin		PRESENT		ada9d123-ddb4-467d-8891-806ea8d94230	36.81	34.61							2004-02-12	12	2	2004	2431811	2431811	PRESERVED_SPECIMEN			RuHF-TVC-02-4				CC_BY_4_0		"Nikolai A. Poyarkov"			2026-06-27T12:58:03.749Z		GEODETIC_DATUM_ASSUMED_WGS84;CONTINENT_DERIVED_FROM_COORDINATES;TAXON_ID_NOT_FOUND;TAXON_CONCEPT_ID_NOT_FOUND;TAXON_MATCH_HIGHERRANK
3349654766	d8cd16ba-bb74-4420-821e-083f2bac17c2	EF526054	Animalia	Chordata	Amphibia	Caudata	Salamandridae	Ommatotriton	"Ommatotriton vittatus"		SPECIES	"Ommatotriton vittatus (Gray, 1835)"	"Ommatotriton vittatus vittatus"		IL	"Central Coastal Plain"		PRESENT		ada9d123-ddb4-467d-8891-806ea8d94230	32.25	34.83							2004-05-04	4	5	2004	2431811	2431811	PRESERVED_SPECIMEN			RuHF-TVV-02-2				CC_BY_4_0		"Eldad Elron"			2026-06-27T13:30:12.933Z		GEODETIC_DATUM_ASSUMED_WGS84;CONTINENT_DERIVED_FROM_COORDINATES;TAXON_CONCEPT_ID_NOT_FOUND;TAXON_ID_NOT_FOUND;TAXON_MATCH_HIGHERRANK
3346375585	d8cd16ba-bb74-4420-821e-083f2bac17c2	EF526026	Animalia	Chordata	Amphibia	Caudata	Salamandridae	Ommatotriton	"Ommatotriton vittatus"		SPECIES	"Ommatotriton vittatus (Gray, 1835)"	"Ommatotriton vittatus cilicensis"		TR	Adana		PRESENT		ada9d123-ddb4-467d-8891-806ea8d94230	37.06	35.73							2004-02-14	14	2	2004	2431811	2431811	PRESERVED_SPECIMEN			RuHF-TVC-01-5				CC_BY_4_0		"Nikolai A. Poyarkov"			2026-06-27T13:21:59.766Z		GEODETIC_DATUM_ASSUMED_WGS84;CONTINENT_DERIVED_FROM_COORDINATES;TAXON_CONCEPT_ID_NOT_FOUND;TAXON_ID_NOT_FOUND;TAXON_MATCH_HIGHERRANK
3349752724	d8cd16ba-bb74-4420-821e-083f2bac17c2	EF526047	Animalia	Chordata	Amphibia	Caudata	Salamandridae	Ommatotriton	"Ommatotriton vittatus"		SPECIES	"Ommatotriton vittatus (Gray, 1835)"	"Ommatotriton vittatus vittatus"		SY			PRESENT		ada9d123-ddb4-467d-8891-806ea8d94230	33.13	35.76							2004-05-05	5	5	2004	2431811	2431811	PRESERVED_SPECIMEN			RuHF-TVV-03-1				CC_BY_4_0		"Eldad Elron"			2026-06-27T12:58:00.525Z		COUNTRY_DERIVED_FROM_COORDINATES;GEODETIC_DATUM_ASSUMED_WGS84;CONTINENT_DERIVED_FROM_COORDINATES;TAXON_ID_NOT_FOUND;TAXON_CONCEPT_ID_NOT_FOUND;TAXON_MATCH_HIGHERRANK
3346413589	d8cd16ba-bb74-4420-821e-083f2bac17c2	EF526028	Animalia	Chordata	Amphibia	Caudata	Salamandridae	Ommatotriton	"Ommatotriton vittatus"		SPECIES	"Ommatotriton vittatus (Gray, 1835)"	"Ommatotriton vittatus cilicensis"		TR	Mersin		PRESENT		ada9d123-ddb4-467d-8891-806ea8d94230	36.92	34.89							2004-02-13	13	2	2004	2431811	2431811	PRESERVED_SPECIMEN			RuHF-TVC-03-4				CC_BY_4_0		"Nikolai A. Poyarkov"			2026-06-27T13:21:52.187Z		GEODETIC_DATUM_ASSUMED_WGS84;CONTINENT_DERIVED_FROM_COORDINATES;TAXON_ID_NOT_FOUND;TAXON_CONCEPT_ID_NOT_FOUND;TAXON_MATCH_HIGHERRANK
3349635634	d8cd16ba-bb74-4420-821e-083f2bac17c2	EF526052	Animalia	Chordata	Amphibia	Caudata	Salamandridae	Ommatotriton	"Ommatotriton vittatus"		SPECIES	"Ommatotriton vittatus (Gray, 1835)"	"Ommatotriton vittatus vittatus"		TR	Antakya		PRESENT		ada9d123-ddb4-467d-8891-806ea8d94230	36.1	36.24							2004-02-17	17	2	2004	2431811	2431811	PRESERVED_SPECIMEN			RuHF-TVV-01-3				CC_BY_4_0		"Nikolai A. Poyarkov"			2026-06-27T12:57:28.251Z		GEODETIC_DATUM_ASSUMED_WGS84;CONTINENT_DERIVED_FROM_COORDINATES;TAXON_ID_NOT_FOUND;TAXON_CONCEPT_ID_NOT_FOUND;TAXON_MATCH_HIGHERRANK
3346369560	d8cd16ba-bb74-4420-821e-083f2bac17c2	EF526051	Animalia	Chordata	Amphibia	Caudata	Salamandridae	Ommatotriton	"Ommatotriton vittatus"		SPECIES	"Ommatotriton vittatus (Gray, 1835)"	"Ommatotriton vittatus vittatus"		TR	Antakya		PRESENT		ada9d123-ddb4-467d-8891-806ea8d94230	36.1	36.24							2004-02-17	17	2	2004	2431811	2431811	PRESERVED_SPECIMEN			RuHF-TVV-01-1				CC_BY_4_0		"Nikolai A. Poyarkov"			2026-06-27T12:47:15.091Z		GEODETIC_DATUM_ASSUMED_WGS84;CONTINENT_DERIVED_FROM_COORDINATES;TAXON_ID_NOT_FOUND;TAXON_CONCEPT_ID_NOT_FOUND;TAXON_MATCH_HIGHERRANK
3346357618	d8cd16ba-bb74-4420-821e-083f2bac17c2	EF526050	Animalia	Chordata	Amphibia	Caudata	Salamandridae	Ommatotriton	"Ommatotriton vittatus"		SPECIES	"Ommatotriton vittatus (Gray, 1835)"	"Ommatotriton vittatus vittatus"		IL	"Central Coastal Plain"		PRESENT		ada9d123-ddb4-467d-8891-806ea8d94230	32.25	34.83							2004-05-04	4	5	2004	2431811	2431811	PRESERVED_SPECIMEN			RuHF-TVV-02-1				CC_BY_4_0		"Eldad Elron"			2026-06-27T13:22:08.660Z		GEODETIC_DATUM_ASSUMED_WGS84;CONTINENT_DERIVED_FROM_COORDINATES;TAXON_ID_NOT_FOUND;TAXON_CONCEPT_ID_NOT_FOUND;TAXON_MATCH_HIGHERRANK
3349720746	d8cd16ba-bb74-4420-821e-083f2bac17c2	EF526049	Animalia	Chordata	Amphibia	Caudata	Salamandridae	Ommatotriton	"Ommatotriton vittatus"		SPECIES	"Ommatotriton vittatus (Gray, 1835)"	"Ommatotriton vittatus vittatus"		TR	Antakya		PRESENT		ada9d123-ddb4-467d-8891-806ea8d94230	36.1	36.24							2004-02-17	17	2	2004	2431811	2431811	PRESERVED_SPECIMEN			RuHF-TVV-01-4				CC_BY_4_0		"Nikolai A. Poyarkov"			2026-06-27T12:57:52.388Z		GEODETIC_DATUM_ASSUMED_WGS84;CONTINENT_DERIVED_FROM_COORDINATES;TAXON_ID_NOT_FOUND;TAXON_CONCEPT_ID_NOT_FOUND;TAXON_MATCH_HIGHERRANK
3349660759	d8cd16ba-bb74-4420-821e-083f2bac17c2	EF526055	Animalia	Chordata	Amphibia	Caudata	Salamandridae	Ommatotriton	"Ommatotriton vittatus"		SPECIES	"Ommatotriton vittatus (Gray, 1835)"	"Ommatotriton vittatus vittatus"		SY			PRESENT		ada9d123-ddb4-467d-8891-806ea8d94230	33.13	35.76							2004-05-05	5	5	2004	2431811	2431811	PRESERVED_SPECIMEN			RuHF-TVV-03-2				CC_BY_4_0		"Eldad Elron"			2026-06-27T12:57:37.218Z		COUNTRY_DERIVED_FROM_COORDINATES;GEODETIC_DATUM_ASSUMED_WGS84;CONTINENT_DERIVED_FROM_COORDINATES;TAXON_CONCEPT_ID_NOT_FOUND;TAXON_ID_NOT_FOUND;TAXON_MATCH_HIGHERRANK
3349720745	d8cd16ba-bb74-4420-821e-083f2bac17c2	EF526030	Animalia	Chordata	Amphibia	Caudata	Salamandridae	Ommatotriton	"Ommatotriton vittatus"		SPECIES	"Ommatotriton vittatus (Gray, 1835)"	"Ommatotriton vittatus cilicensis"		TR	Adana		PRESENT		ada9d123-ddb4-467d-8891-806ea8d94230	37.06	35.73							2004-02-14	14	2	2004	2431811	2431811	PRESERVED_SPECIMEN			RuHF-TVC-01-4				CC_BY_4_0		"Nikolai A. Poyarkov"			2026-06-27T12:57:50.952Z		GEODETIC_DATUM_ASSUMED_WGS84;CONTINENT_DERIVED_FROM_COORDINATES;TAXON_ID_NOT_FOUND;TAXON_CONCEPT_ID_NOT_FOUND;TAXON_MATCH_HIGHERRANK
3346364658	d8cd16ba-bb74-4420-821e-083f2bac17c2	EF526029	Animalia	Chordata	Amphibia	Caudata	Salamandridae	Ommatotriton	"Ommatotriton vittatus"		SPECIES	"Ommatotriton vittatus (Gray, 1835)"	"Ommatotriton vittatus cilicensis"		TR	Adana		PRESENT		ada9d123-ddb4-467d-8891-806ea8d94230	37.06	35.73							2004-02-14	14	2	2004	2431811	2431811	PRESERVED_SPECIMEN			RuHF-TVC-01-2				CC_BY_4_0		"Nikolai A. Poyarkov"			2026-06-27T13:22:01.674Z		GEODETIC_DATUM_ASSUMED_WGS84;CONTINENT_DERIVED_FROM_COORDINATES;TAXON_CONCEPT_ID_NOT_FOUND;TAXON_ID_NOT_FOUND;TAXON_MATCH_HIGHERRANK
3349745634	d8cd16ba-bb74-4420-821e-083f2bac17c2	EF526031	Animalia	Chordata	Amphibia	Caudata	Salamandridae	Ommatotriton	"Ommatotriton vittatus"		SPECIES	"Ommatotriton vittatus (Gray, 1835)"	"Ommatotriton vittatus cilicensis"		TR	Mersin		PRESENT		ada9d123-ddb4-467d-8891-806ea8d94230	36.81	34.61							2004-02-12	12	2	2004	2431811	2431811	PRESERVED_SPECIMEN			RuHF-TVC-02-2				CC_BY_4_0		"Nikolai A. Poyarkov"			2026-06-27T12:57:57.439Z		GEODETIC_DATUM_ASSUMED_WGS84;CONTINENT_DERIVED_FROM_COORDINATES;TAXON_CONCEPT_ID_NOT_FOUND;TAXON_ID_NOT_FOUND;TAXON_MATCH_HIGHERRANK
3349756725	d8cd16ba-bb74-4420-821e-083f2bac17c2	EF526048	Animalia	Chordata	Amphibia	Caudata	Salamandridae	Ommatotriton	"Ommatotriton vittatus"		SPECIES	"Ommatotriton vittatus (Gray, 1835)"	"Ommatotriton vittatus vittatus"		TR	Antakya		PRESENT		ada9d123-ddb4-467d-8891-806ea8d94230	36.1	36.24							2004-02-17	17	2	2004	2431811	2431811	PRESERVED_SPECIMEN			RuHF-TVV-01-2				CC_BY_4_0		"Nikolai A. Poyarkov"			2026-06-27T12:57:50.951Z		GEODETIC_DATUM_ASSUMED_WGS84;CONTINENT_DERIVED_FROM_COORDINATES;TAXON_ID_NOT_FOUND;TAXON_CONCEPT_ID_NOT_FOUND;TAXON_MATCH_HIGHERRANK
3349646739	d8cd16ba-bb74-4420-821e-083f2bac17c2	EF526053	Animalia	Chordata	Amphibia	Caudata	Salamandridae	Ommatotriton	"Ommatotriton vittatus"		SPECIES	"Ommatotriton vittatus (Gray, 1835)"	"Ommatotriton vittatus vittatus"		SY			PRESENT		ada9d123-ddb4-467d-8891-806ea8d94230	33.13	35.76							2004-05-05	5	5	2004	2431811	2431811	PRESERVED_SPECIMEN			RuHF-TVV-03-4				CC_BY_4_0		"Eldad Elron"			2026-06-27T13:56:04.036Z		COUNTRY_DERIVED_FROM_COORDINATES;GEODETIC_DATUM_ASSUMED_WGS84;CONTINENT_DERIVED_FROM_COORDINATES;TAXON_ID_NOT_FOUND;TAXON_CONCEPT_ID_NOT_FOUND;TAXON_MATCH_HIGHERRANK
3349819676	d8cd16ba-bb74-4420-821e-083f2bac17c2	EF526033	Animalia	Chordata	Amphibia	Caudata	Salamandridae	Ommatotriton	"Ommatotriton vittatus"		SPECIES	"Ommatotriton vittatus (Gray, 1835)"	"Ommatotriton vittatus cilicensis"		TR	Mersin		PRESENT		ada9d123-ddb4-467d-8891-806ea8d94230	36.92	34.89							2004-02-13	13	2	2004	2431811	2431811	PRESERVED_SPECIMEN			RuHF-TVC-03-2				CC_BY_4_0		"Nikolai A. Poyarkov"			2026-06-27T13:30:46.861Z		GEODETIC_DATUM_ASSUMED_WGS84;CONTINENT_DERIVED_FROM_COORDINATES;TAXON_ID_NOT_FOUND;TAXON_CONCEPT_ID_NOT_FOUND;TAXON_MATCH_HIGHERRANK
4994967199	64be02e0-0c64-11dd-84d1-b8a03c50a862	NRM:NRM-Herps:7597	Animalia	Chordata	Amphibia	Caudata	Salamandridae	Ommatotriton	"Ommatotriton vittatus"		SPECIES	"Ommatotriton vittatus (Gray, 1835)"	"Ommatotriton vittatus"		TR	"Tahtalı Dağı, about 1600 masl"	Antalya	PRESENT	1	6ba9a8cc-513a-4a51-bf93-6f5de8040a96	36.52494	30.44378							1927-06-15	15	6	1927	2431811	2431811	PRESERVED_SPECIMEN	NRM	NRM-Herps	7597	2575	"Cyrén, O"	1927-12-31T00:00:00	CC_BY_4_0		"Cyrén, O"			2026-06-27T07:54:38.929Z		OCCURRENCE_STATUS_INFERRED_FROM_INDIVIDUAL_COUNT;GEODETIC_DATUM_ASSUMED_WGS84;CONTINENT_DERIVED_FROM_COORDINATES;INSTITUTION_MATCH_FUZZY;COLLECTION_MATCH_NONE
5147189458	09c4287e-e6d5-4552-a07f-bff8a00833d8	https://arctos.database.museum/guid/MVZ:Herp:219537	Animalia	Chordata	Amphibia	Caudata	Salamandridae	Ommatotriton	"Ommatotriton vittatus"		SPECIES	"Triturus vittatus (Gray, 1835)"	"Triturus vittatus"		RU	"Babuk-aul, 55 km ENE Dagomys [=43.40'N 39.38'E] on road, Krasnodarsky Territory, Europe"		PRESENT		8edbbde0-055e-11d8-b850-b8a03c50a862	43.88333	39.81667	14785.0						1990-05-26	26	5	1990	2431812	2431811	PRESERVED_SPECIMEN	MVZ	Herpetology	MVZ:Herp:219537	"Theodore J. Papenfuss 21170"	"Museum of Vertebrate Zoology"	1999-01-27T00:00:00	CC0_1_0		"Collector(s): Theodore J. Papenfuss, J. Robert Macey"			2026-06-12T03:17:43.920Z		CONTINENT_DERIVED_FROM_COORDINATES;INSTITUTION_MATCH_FUZZY;INSTITUTION_COLLECTION_MISMATCH
5147305448	09c4287e-e6d5-4552-a07f-bff8a00833d8	https://arctos.database.museum/guid/MVZ:Herp:219526	Animalia	Chordata	Amphibia	Caudata	Salamandridae	Ommatotriton	"Ommatotriton vittatus"		SPECIES	"Triturus vittatus (Gray, 1835)"	"Triturus vittatus"		RU	"Babuk-aul, 55 km ENE Dagomys [=43.40'N 39.38'E] on road, Krasnodarsky Territory, Europe"		PRESENT		8edbbde0-055e-11d8-b850-b8a03c50a862	43.88333	39.81667	14785.0						1990-05-26	26	5	1990	2431812	2431811	PRESERVED_SPECIMEN	MVZ	Herpetology	MVZ:Herp:219526	"J. Robert Macey 7612"	"Museum of Vertebrate Zoology"	1999-01-27T00:00:00	CC0_1_0		"Collector(s): J. Robert Macey, Theodore J. Papenfuss"			2026-06-12T03:17:54.688Z		CONTINENT_DERIVED_FROM_COORDINATES;INSTITUTION_MATCH_FUZZY;INSTITUTION_COLLECTION_MISMATCH
5147426451	09c4287e-e6d5-4552-a07f-bff8a00833d8	https://arctos.database.museum/guid/MVZ:Herp:219535	Animalia	Chordata	Amphibia	Caudata	Salamandridae	Ommatotriton	"Ommatotriton vittatus"		SPECIES	"Triturus vittatus (Gray, 1835)"	"Triturus vittatus"		RU	"Babuk-aul, 55 km ENE Dagomys [=43.40'N 39.38'E] on road, Krasnodarsky Territory, Europe"		PRESENT		8edbbde0-055e-11d8-b850-b8a03c50a862	43.88333	39.81667	14785.0						1990-05-26	26	5	1990	2431812	2431811	PRESERVED_SPECIMEN	MVZ	Herpetology	MVZ:Herp:219535	"Theodore J. Papenfuss 21168"	"Museum of Vertebrate Zoology"	1999-01-27T00:00:00	CC0_1_0		"Collector(s): Theodore J. Papenfuss, J. Robert Macey"			2026-06-12T03:17:48.852Z		CONTINENT_DERIVED_FROM_COORDINATES;INSTITUTION_MATCH_FUZZY;INSTITUTION_COLLECTION_MISMATCH
5147193445	09c4287e-e6d5-4552-a07f-bff8a00833d8	https://arctos.database.museum/guid/MVZ:Herp:219554	Animalia	Chordata	Amphibia	Caudata	Salamandridae	Ommatotriton	"Ommatotriton vittatus"		SPECIES	"Triturus vittatus (Gray, 1835)"	"Triturus vittatus"		RU	"Yew Box Grove, 20 km E Sochi City [43.35'N 39.45'E], Central District Sochi Municipality, Krasnodarsky Territory, Europe"		PRESENT		8edbbde0-055e-11d8-b850-b8a03c50a862	43.56667	39.8	5790.0						1990-05-27	27	5	1990	2431812	2431811	PRESERVED_SPECIMEN	MVZ	Herpetology	MVZ:Herp:219554	"J. Robert Macey 7621"	"Museum of Vertebrate Zoology"	1999-01-27T00:00:00	CC0_1_0		"Collector(s): J. Robert Macey, Theodore J. Papenfuss"			2026-06-12T03:17:43.746Z		CONTINENT_DERIVED_FROM_COORDINATES;INSTITUTION_MATCH_FUZZY;INSTITUTION_COLLECTION_MISMATCH
5147308449	09c4287e-e6d5-4552-a07f-bff8a00833d8	https://arctos.database.museum/guid/MVZ:Herp:219539	Animalia	Chordata	Amphibia	Caudata	Salamandridae	Ommatotriton	"Ommatotriton vittatus"		SPECIES	"Triturus vittatus (Gray, 1835)"	"Triturus vittatus"		RU	"Babuk-aul, 55 km ENE Dagomys [=43.40'N 39.38'E] on road, Krasnodarsky Territory, Europe"		PRESENT		8edbbde0-055e-11d8-b850-b8a03c50a862	43.88333	39.81667	14785.0						1990-05-26	26	5	1990	2431812	2431811	PRESERVED_SPECIMEN	MVZ	Herpetology	MVZ:Herp:219539	"Theodore J. Papenfuss 21172"	"Museum of Vertebrate Zoology"	1999-01-27T00:00:00	CC0_1_0		"Collector(s): Theodore J. Papenfuss, J. Robert Macey"			2026-06-12T03:17:46.329Z		CONTINENT_DERIVED_FROM_COORDINATES;INSTITUTION_MATCH_FUZZY;INSTITUTION_COLLECTION_MISMATCH
5147308450	09c4287e-e6d5-4552-a07f-bff8a00833d8	https://arctos.database.museum/guid/MVZ:Herp:219542	Animalia	Chordata	Amphibia	Caudata	Salamandridae	Ommatotriton	"Ommatotriton vittatus"		SPECIES	"Triturus vittatus (Gray, 1835)"	"Triturus vittatus"		RU	"Babuk-aul, 55 km ENE Dagomys [=43.40'N 39.38'E] on road, Krasnodarsky Territory, Europe"		PRESENT		8edbbde0-055e-11d8-b850-b8a03c50a862	43.88333	39.81667	14785.0						1990-05-26	26	5	1990	2431812	2431811	PRESERVED_SPECIMEN	MVZ	Herpetology	MVZ:Herp:219542	"Theodore J. Papenfuss 21175"	"Museum of Vertebrate Zoology"	1999-01-27T00:00:00	CC0_1_0		"Collector(s): Theodore J. Papenfuss, J. Robert Macey"			2026-06-12T03:17:46.332Z		CONTINENT_DERIVED_FROM_COORDINATES;INSTITUTION_MATCH_FUZZY;INSTITUTION_COLLECTION_MISMATCH
5147179603	09c4287e-e6d5-4552-a07f-bff8a00833d8	https://arctos.database.museum/guid/MVZ:Herp:199347	Animalia	Chordata	Amphibia	Caudata	Salamandridae	Ommatotriton	"Ommatotriton vittatus"		SPECIES	"Triturus vittatus (Gray, 1835)"	"Triturus vittatus"		TR	"No specific locality recorded."		PRESENT		8edbbde0-055e-11d8-b850-b8a03c50a862	38.95	35.61667	877348.0						1818-06-20/1999-02-04				2431812	2431811	PRESERVED_SPECIMEN	MVZ	Herpetology	MVZ:Herp:199347		"Museum of Vertebrate Zoology"	1999-01-27T00:00:00	CC0_1_0					2026-06-12T03:17:53.443Z		CONTINENT_DERIVED_FROM_COORDINATES;INSTITUTION_MATCH_FUZZY;INSTITUTION_COLLECTION_MISMATCH
5147501444	09c4287e-e6d5-4552-a07f-bff8a00833d8	https://arctos.database.museum/guid/MVZ:Herp:219522	Animalia	Chordata	Amphibia	Caudata	Salamandridae	Ommatotriton	"Ommatotriton vittatus"		SPECIES	"Triturus vittatus (Gray, 1835)"	"Triturus vittatus"		RU	"2 km SE Babuk-aul, 53 km ENE Dagomys [=43.40'N 39.38'E] on road, Krasnodarsky Territory, Europe"		PRESENT		8edbbde0-055e-11d8-b850-b8a03c50a862	43.88333	40.08333	9785.0						1990-05-25	25	5	1990	2431812	2431811	PRESERVED_SPECIMEN	MVZ	Herpetology	MVZ:Herp:219522	"Theodore J. Papenfuss 21167"	"Museum of Vertebrate Zoology"	1999-01-27T00:00:00	CC0_1_0		"Collector(s): Theodore J. Papenfuss, J. Robert Macey"			2026-06-12T03:17:57.269Z		CONTINENT_DERIVED_FROM_COORDINATES;INSTITUTION_MATCH_FUZZY;INSTITUTION_COLLECTION_MISMATCH
5147499448	09c4287e-e6d5-4552-a07f-bff8a00833d8	https://arctos.database.museum/guid/MVZ:Herp:219532	Animalia	Chordata	Amphibia	Caudata	Salamandridae	Ommatotriton	"Ommatotriton vittatus"		SPECIES	"Triturus vittatus (Gray, 1835)"	"Triturus vittatus"		RU	"Babuk-aul, 55 km ENE Dagomys [=43.40'N 39.38'E] on road, Krasnodarsky Territory, Europe"		PRESENT		8edbbde0-055e-11d8-b850-b8a03c50a862	43.88333	39.81667	14785.0						1990-05-26	26	5	1990	2431812	2431811	PRESERVED_SPECIMEN	MVZ	Herpetology	MVZ:Herp:219532	"J. Robert Macey 7618"	"Museum of Vertebrate Zoology"	1999-01-27T00:00:00	CC0_1_0		"Collector(s): J. Robert Macey, Theodore J. Papenfuss"			2026-06-12T03:17:49.259Z		CONTINENT_DERIVED_FROM_COORDINATES;INSTITUTION_MATCH_FUZZY;INSTITUTION_COLLECTION_MISMATCH
5147068444	09c4287e-e6d5-4552-a07f-bff8a00833d8	https://arctos.database.museum/guid/MVZ:Herp:219544	Animalia	Chordata	Amphibia	Caudata	Salamandridae	Ommatotriton	"Ommatotriton vittatus"		SPECIES	"Triturus vittatus (Gray, 1835)"	"Triturus vittatus"		RU	"Babuk-aul, 55 km ENE Dagomys [=43.40'N 39.38'E] on road, Krasnodarsky Territory, Europe"		PRESENT		8edbbde0-055e-11d8-b850-b8a03c50a862	43.88333	39.81667	14785.0						1990-05-26	26	5	1990	2431812	2431811	PRESERVED_SPECIMEN	MVZ	Herpetology	MVZ:Herp:219544	"Theodore J. Papenfuss 21177"	"Museum of Vertebrate Zoology"	1999-01-27T00:00:00	CC0_1_0		"Collector(s): Theodore J. Papenfuss, J. Robert Macey"			2026-06-12T03:17:38.439Z		CONTINENT_DERIVED_FROM_COORDINATES;INSTITUTION_MATCH_FUZZY;INSTITUTION_COLLECTION_MISMATCH
5147122157	09c4287e-e6d5-4552-a07f-bff8a00833d8	https://arctos.database.museum/guid/MVZ:Herp:68505	Animalia	Chordata	Amphibia	Caudata	Salamandridae	Ommatotriton	"Ommatotriton vittatus"		SPECIES	"Triturus vittatus (Gray, 1835)"	"Triturus vittatus"		IL	"7 km 90 degrees W Gedera"	HaMerkaz	PRESENT		8edbbde0-055e-11d8-b850-b8a03c50a862	31.816667	34.7							1959-03-12	12	3	1959	2431812	2431811	PRESERVED_SPECIMEN	MVZ	Herpetology	MVZ:Herp:68505	"William J. Riemer 590312-D"	"Museum of Vertebrate Zoology"	1999-01-27T00:00:00	CC0_1_0		"Collector(s): William J. Riemer"			2026-06-12T03:17:42.546Z		COORDINATE_ROUNDED;CONTINENT_DERIVED_FROM_COORDINATES;INSTITUTION_MATCH_FUZZY;INSTITUTION_COLLECTION_MISMATCH
5147067448	09c4287e-e6d5-4552-a07f-bff8a00833d8	https://arctos.database.museum/guid/MVZ:Herp:219534	Animalia	Chordata	Amphibia	Caudata	Salamandridae	Ommatotriton	"Ommatotriton vittatus"		SPECIES	"Triturus vittatus (Gray, 1835)"	"Triturus vittatus"		RU	"Babuk-aul, 55 km ENE Dagomys [=43.40'N 39.38'E] on road, Krasnodarsky Territory, Europe"		PRESENT		8edbbde0-055e-11d8-b850-b8a03c50a862	43.88333	39.81667	14785.0						1990-05-26	26	5	1990	2431812	2431811	PRESERVED_SPECIMEN	MVZ	Herpetology	MVZ:Herp:219534	"J. Robert Macey 7620"	"Museum of Vertebrate Zoology"	1999-01-27T00:00:00	CC0_1_0		"Collector(s): J. Robert Macey, Theodore J. Papenfuss"			2026-06-12T03:17:37.908Z		CONTINENT_DERIVED_FROM_COORDINATES;INSTITUTION_MATCH_FUZZY;INSTITUTION_COLLECTION_MISMATCH
5147366160	09c4287e-e6d5-4552-a07f-bff8a00833d8	https://arctos.database.museum/guid/MVZ:Herp:68508	Animalia	Chordata	Amphibia	Caudata	Salamandridae	Ommatotriton	"Ommatotriton vittatus"		SPECIES	"Triturus vittatus (Gray, 1835)"	"Triturus vittatus"		IL	"7 km 90 degrees W Gedera"	HaMerkaz	PRESENT		8edbbde0-055e-11d8-b850-b8a03c50a862	31.816667	34.7							1959-03-12	12	3	1959	2431812	2431811	PRESERVED_SPECIMEN	MVZ	Herpetology	MVZ:Herp:68508	"William J. Riemer 590312-D"	"Museum of Vertebrate Zoology"	1999-01-27T00:00:00	CC0_1_0		"Collector(s): William J. Riemer"			2026-06-12T03:17:59.767Z		COORDINATE_ROUNDED;CONTINENT_DERIVED_FROM_COORDINATES;INSTITUTION_MATCH_FUZZY;INSTITUTION_COLLECTION_MISMATCH
5147496445	09c4287e-e6d5-4552-a07f-bff8a00833d8	https://arctos.database.museum/guid/MVZ:Herp:219525	Animalia	Chordata	Amphibia	Caudata	Salamandridae	Ommatotriton	"Ommatotriton vittatus"		SPECIES	"Triturus vittatus (Gray, 1835)"	"Triturus vittatus"		RU	"Babuk-aul, 55 km ENE Dagomys [=43.40'N 39.38'E] on road, Krasnodarsky Territory, Europe"		PRESENT		8edbbde0-055e-11d8-b850-b8a03c50a862	43.88333	39.81667	14785.0						1990-05-26	26	5	1990	2431812	2431811	PRESERVED_SPECIMEN	MVZ	Herpetology	MVZ:Herp:219525	"J. Robert Macey 7611"	"Museum of Vertebrate Zoology"	1999-01-27T00:00:00	CC0_1_0		"Collector(s): J. Robert Macey, Theodore J. Papenfuss"			2026-06-12T03:17:50.470Z		TYPE_STATUS_INVALID;CONTINENT_DERIVED_FROM_COORDINATES;INSTITUTION_MATCH_FUZZY;INSTITUTION_COLLECTION_MISMATCH
5147072454	09c4287e-e6d5-4552-a07f-bff8a00833d8	https://arctos.database.museum/guid/MVZ:Herp:219538	Animalia	Chordata	Amphibia	Caudata	Salamandridae	Ommatotriton	"Ommatotriton vittatus"		SPECIES	"Triturus vittatus (Gray, 1835)"	"Triturus vittatus"		RU	"Babuk-aul, 55 km ENE Dagomys [=43.40'N 39.38'E] on road, Krasnodarsky Territory, Europe"		PRESENT		8edbbde0-055e-11d8-b850-b8a03c50a862	43.88333	39.81667	14785.0						1990-05-26	26	5	1990	2431812	2431811	PRESERVED_SPECIMEN	MVZ	Herpetology	MVZ:Herp:219538	"Theodore J. Papenfuss 21171"	"Museum of Vertebrate Zoology"	1999-01-27T00:00:00	CC0_1_0		"Collector(s): Theodore J. Papenfuss, J. Robert Macey"			2026-06-12T03:17:51.262Z		CONTINENT_DERIVED_FROM_COORDINATES;INSTITUTION_MATCH_FUZZY;INSTITUTION_COLLECTION_MISMATCH
5147189459	09c4287e-e6d5-4552-a07f-bff8a00833d8	https://arctos.database.museum/guid/MVZ:Herp:219540	Animalia	Chordata	Amphibia	Caudata	Salamandridae	Ommatotriton	"Ommatotriton vittatus"		SPECIES	"Triturus vittatus (Gray, 1835)"	"Triturus vittatus"		RU	"Babuk-aul, 55 km ENE Dagomys [=43.40'N 39.38'E] on road, Krasnodarsky Territory, Europe"		PRESENT		8edbbde0-055e-11d8-b850-b8a03c50a862	43.88333	39.81667	14785.0						1990-05-26	26	5	1990	2431812	2431811	PRESERVED_SPECIMEN	MVZ	Herpetology	MVZ:Herp:219540	"Theodore J. Papenfuss 21173"	"Museum of Vertebrate Zoology"	1999-01-27T00:00:00	CC0_1_0		"Collector(s): Theodore J. Papenfuss, J. Robert Macey"			2026-06-12T03:17:45.855Z		CONTINENT_DERIVED_FROM_COORDINATES;INSTITUTION_MATCH_FUZZY;INSTITUTION_COLLECTION_MISMATCH
5147002161	09c4287e-e6d5-4552-a07f-bff8a00833d8	https://arctos.database.museum/guid/MVZ:Herp:68507	Animalia	Chordata	Amphibia	Caudata	Salamandridae	Ommatotriton	"Ommatotriton vittatus"		SPECIES	"Triturus vittatus (Gray, 1835)"	"Triturus vittatus"		IL	"7 km 90 degrees W Gedera"	HaMerkaz	PRESENT		8edbbde0-055e-11d8-b850-b8a03c50a862	31.816667	34.7							1959-03-12	12	3	1959	2431812	2431811	PRESERVED_SPECIMEN	MVZ	Herpetology	MVZ:Herp:68507	"William J. Riemer 590312-D"	"Museum of Vertebrate Zoology"	1999-01-27T00:00:00	CC0_1_0		"Collector(s): William J. Riemer"			2026-06-12T03:17:50.917Z		COORDINATE_ROUNDED;CONTINENT_DERIVED_FROM_COORDINATES;INSTITUTION_MATCH_FUZZY;INSTITUTION_COLLECTION_MISMATCH
5147422891	09c4287e-e6d5-4552-a07f-bff8a00833d8	https://arctos.database.museum/guid/MVZ:Herp:230205	Animalia	Chordata	Amphibia	Caudata	Salamandridae	Ommatotriton	"Ommatotriton vittatus"		SPECIES	"Triturus vittatus (Gray, 1835)"	"Triturus vittatus"		TR	"Uludaq University campus, 15 km W (by road) of Bursa"	Bursa	PRESENT		8edbbde0-055e-11d8-b850-b8a03c50a862	40.18333	28.89054	15554.0						1999-03-07	7	3	1999	2431812	2431811	PRESERVED_SPECIMEN	MVZ	Herpetology	MVZ:Herp:230205	"Theodore J. Papenfuss 24978"	unknown		CC0_1_0		"Collector(s): Theodore J. Papenfuss"			2026-06-12T03:17:55.280Z		CONTINENT_DERIVED_FROM_COORDINATES;INSTITUTION_MATCH_FUZZY;INSTITUTION_COLLECTION_MISMATCH
5147302297	09c4287e-e6d5-4552-a07f-bff8a00833d8	https://arctos.database.museum/guid/MVZ:Herp:191992	Animalia	Chordata	Amphibia	Caudata	Salamandridae	Ommatotriton	"Ommatotriton vittatus"		SPECIES	"Triturus vittatus (Gray, 1835)"	"Triturus vittatus"		TR	"No specific locality recorded."		PRESENT		8edbbde0-055e-11d8-b850-b8a03c50a862	38.95	35.61667	877348.0						1818-06-20/1999-02-04				2431812	2431811	PRESERVED_SPECIMEN	MVZ	Herpetology	MVZ:Herp:191992		"Museum of Vertebrate Zoology"	1999-01-27T00:00:00	CC0_1_0		"Collector(s): unknown"			2026-06-12T03:17:46.216Z		CONTINENT_DERIVED_FROM_COORDINATES;INSTITUTION_MATCH_FUZZY;INSTITUTION_COLLECTION_MISMATCH
5147070447	09c4287e-e6d5-4552-a07f-bff8a00833d8	https://arctos.database.museum/guid/MVZ:Herp:219548	Animalia	Chordata	Amphibia	Caudata	Salamandridae	Ommatotriton	"Ommatotriton vittatus"		SPECIES	"Triturus vittatus (Gray, 1835)"	"Triturus vittatus"		RU	"Babuk-aul, 55 km ENE Dagomys [=43.40'N 39.38'E] on road, Krasnodarsky Territory, Europe"		PRESENT		8edbbde0-055e-11d8-b850-b8a03c50a862	43.88333	39.81667	14785.0						1990-05-26	26	5	1990	2431812	2431811	PRESERVED_SPECIMEN	MVZ	Herpetology	MVZ:Herp:219548	"Theodore J. Papenfuss 21181"	"Museum of Vertebrate Zoology"	1999-01-27T00:00:00	CC0_1_0		"Collector(s): Theodore J. Papenfuss, J. Robert Macey"			2026-06-12T03:17:38.775Z		CONTINENT_DERIVED_FROM_COORDINATES;INSTITUTION_MATCH_FUZZY;INSTITUTION_COLLECTION_MISMATCH
5147070448	09c4287e-e6d5-4552-a07f-bff8a00833d8	https://arctos.database.museum/guid/MVZ:Herp:219551	Animalia	Chordata	Amphibia	Caudata	Salamandridae	Ommatotriton	"Ommatotriton vittatus"		SPECIES	"Triturus vittatus (Gray, 1835)"	"Triturus vittatus"		RU	"Babuk-aul, 55 km ENE Dagomys [=43.40'N 39.38'E] on road, Krasnodarsky Territory, Europe"		PRESENT		8edbbde0-055e-11d8-b850-b8a03c50a862	43.88333	39.81667	14785.0						1990-05-26	26	5	1990	2431812	2431811	PRESERVED_SPECIMEN	MVZ	Herpetology	MVZ:Herp:219551	"Theodore J. Papenfuss 21184"	"Museum of Vertebrate Zoology"	1999-01-27T00:00:00	CC0_1_0		"Collector(s): Theodore J. Papenfuss, J. Robert Macey"			2026-06-12T03:17:38.777Z		CONTINENT_DERIVED_FROM_COORDINATES;INSTITUTION_MATCH_FUZZY;INSTITUTION_COLLECTION_MISMATCH
5147411603	09c4287e-e6d5-4552-a07f-bff8a00833d8	https://arctos.database.museum/guid/MVZ:Herp:199346	Animalia	Chordata	Amphibia	Caudata	Salamandridae	Ommatotriton	"Ommatotriton vittatus"		SPECIES	"Triturus vittatus (Gray, 1835)"	"Triturus vittatus"		TR	"No specific locality recorded."		PRESENT		8edbbde0-055e-11d8-b850-b8a03c50a862	38.95	35.61667	877348.0						1818-06-20/1999-02-04				2431812	2431811	PRESERVED_SPECIMEN	MVZ	Herpetology	MVZ:Herp:199346		"Museum of Vertebrate Zoology"	1999-01-27T00:00:00	CC0_1_0					2026-06-12T03:17:47.461Z		CONTINENT_DERIVED_FROM_COORDINATES;INSTITUTION_MATCH_FUZZY;INSTITUTION_COLLECTION_MISMATCH
5147421449	09c4287e-e6d5-4552-a07f-bff8a00833d8	https://arctos.database.museum/guid/MVZ:Herp:219550	Animalia	Chordata	Amphibia	Caudata	Salamandridae	Ommatotriton	"Ommatotriton vittatus"		SPECIES	"Triturus vittatus (Gray, 1835)"	"Triturus vittatus"		RU	"Babuk-aul, 55 km ENE Dagomys [=43.40'N 39.38'E] on road, Krasnodarsky Territory, Europe"		PRESENT		8edbbde0-055e-11d8-b850-b8a03c50a862	43.88333	39.81667	14785.0						1990-05-26	26	5	1990	2431812	2431811	PRESERVED_SPECIMEN	MVZ	Herpetology	MVZ:Herp:219550	"Theodore J. Papenfuss 21183"	"Museum of Vertebrate Zoology"	1999-01-27T00:00:00	CC0_1_0		"Collector(s): Theodore J. Papenfuss, J. Robert Macey"			2026-06-12T03:17:47.579Z		CONTINENT_DERIVED_FROM_COORDINATES;INSTITUTION_MATCH_FUZZY;INSTITUTION_COLLECTION_MISMATCH
5147313448	09c4287e-e6d5-4552-a07f-bff8a00833d8	https://arctos.database.museum/guid/MVZ:Herp:219527	Animalia	Chordata	Amphibia	Caudata	Salamandridae	Ommatotriton	"Ommatotriton vittatus"		SPECIES	"Triturus vittatus (Gray, 1835)"	"Triturus vittatus"		RU	"Babuk-aul, 55 km ENE Dagomys [=43.40'N 39.38'E] on road, Krasnodarsky Territory, Europe"		PRESENT		8edbbde0-055e-11d8-b850-b8a03c50a862	43.88333	39.81667	14785.0						1990-05-26	26	5	1990	2431812	2431811	PRESERVED_SPECIMEN	MVZ	Herpetology	MVZ:Herp:219527	"J. Robert Macey 7613"	"Museum of Vertebrate Zoology"	1999-01-27T00:00:00	CC0_1_0		"Collector(s): J. Robert Macey, Theodore J. Papenfuss"			2026-06-12T03:18:21.947Z		CONTINENT_DERIVED_FROM_COORDINATES;INSTITUTION_MATCH_FUZZY;INSTITUTION_COLLECTION_MISMATCH
5147054297	09c4287e-e6d5-4552-a07f-bff8a00833d8	https://arctos.database.museum/guid/MVZ:Herp:191995	Animalia	Chordata	Amphibia	Caudata	Salamandridae	Ommatotriton	"Ommatotriton vittatus"		SPECIES	"Triturus vittatus (Gray, 1835)"	"Triturus vittatus"		TR	"No specific locality recorded."		PRESENT		8edbbde0-055e-11d8-b850-b8a03c50a862	38.95	35.61667	877348.0						1818-06-20/1999-02-04				2431812	2431811	PRESERVED_SPECIMEN	MVZ	Herpetology	MVZ:Herp:191995		"Museum of Vertebrate Zoology"	1999-01-27T00:00:00	CC0_1_0		"Collector(s): unknown"			2026-06-12T03:17:38.438Z		CONTINENT_DERIVED_FROM_COORDINATES;INSTITUTION_MATCH_FUZZY;INSTITUTION_COLLECTION_MISMATCH
5147313449	09c4287e-e6d5-4552-a07f-bff8a00833d8	https://arctos.database.museum/guid/MVZ:Herp:219530	Animalia	Chordata	Amphibia	Caudata	Salamandridae	Ommatotriton	"Ommatotriton vittatus"		SPECIES	"Triturus vittatus (Gray, 1835)"	"Triturus vittatus"		RU	"Babuk-aul, 55 km ENE Dagomys [=43.40'N 39.38'E] on road, Krasnodarsky Territory, Europe"		PRESENT		8edbbde0-055e-11d8-b850-b8a03c50a862	43.88333	39.81667	14785.0						1990-05-26	26	5	1990	2431812	2431811	PRESERVED_SPECIMEN	MVZ	Herpetology	MVZ:Herp:219530	"J. Robert Macey 7616"	"Museum of Vertebrate Zoology"	1999-01-27T00:00:00	CC0_1_0		"Collector(s): J. Robert Macey, Theodore J. Papenfuss"			2026-06-12T03:17:46.474Z		CONTINENT_DERIVED_FROM_COORDINATES;INSTITUTION_MATCH_FUZZY;INSTITUTION_COLLECTION_MISMATCH
5147422446	09c4287e-e6d5-4552-a07f-bff8a00833d8	https://arctos.database.museum/guid/MVZ:Herp:219549	Animalia	Chordata	Amphibia	Caudata	Salamandridae	Ommatotriton	"Ommatotriton vittatus"		SPECIES	"Triturus vittatus (Gray, 1835)"	"Triturus vittatus"		RU	"Babuk-aul, 55 km ENE Dagomys [=43.40'N 39.38'E] on road, Krasnodarsky Territory, Europe"		PRESENT		8edbbde0-055e-11d8-b850-b8a03c50a862	43.88333	39.81667	14785.0						1990-05-26	26	5	1990	2431812	2431811	PRESERVED_SPECIMEN	MVZ	Herpetology	MVZ:Herp:219549	"Theodore J. Papenfuss 21182"	"Museum of Vertebrate Zoology"	1999-01-27T00:00:00	CC0_1_0		"Collector(s): Theodore J. Papenfuss, J. Robert Macey"			2026-06-12T03:17:48.399Z		CONTINENT_DERIVED_FROM_COORDINATES;INSTITUTION_MATCH_FUZZY;INSTITUTION_COLLECTION_MISMATCH
5147072455	09c4287e-e6d5-4552-a07f-bff8a00833d8	https://arctos.database.museum/guid/MVZ:Herp:219541	Animalia	Chordata	Amphibia	Caudata	Salamandridae	Ommatotriton	"Ommatotriton vittatus"		SPECIES	"Triturus vittatus (Gray, 1835)"	"Triturus vittatus"		RU	"Babuk-aul, 55 km ENE Dagomys [=43.40'N 39.38'E] on road, Krasnodarsky Territory, Europe"		PRESENT		8edbbde0-055e-11d8-b850-b8a03c50a862	43.88333	39.81667	14785.0						1990-05-26	26	5	1990	2431812	2431811	PRESERVED_SPECIMEN	MVZ	Herpetology	MVZ:Herp:219541	"Theodore J. Papenfuss 21174"	"Museum of Vertebrate Zoology"	1999-01-27T00:00:00	CC0_1_0		"Collector(s): Theodore J. Papenfuss, J. Robert Macey"			2026-06-12T03:17:39.057Z		CONTINENT_DERIVED_FROM_COORDINATES;INSTITUTION_MATCH_FUZZY;INSTITUTION_COLLECTION_MISMATCH
5147437447	09c4287e-e6d5-4552-a07f-bff8a00833d8	https://arctos.database.museum/guid/MVZ:Herp:219533	Animalia	Chordata	Amphibia	Caudata	Salamandridae	Ommatotriton	"Ommatotriton vittatus"		SPECIES	"Triturus vittatus (Gray, 1835)"	"Triturus vittatus"		RU	"Babuk-aul, 55 km ENE Dagomys [=43.40'N 39.38'E] on road, Krasnodarsky Territory, Europe"		PRESENT		8edbbde0-055e-11d8-b850-b8a03c50a862	43.88333	39.81667	14785.0						1990-05-26	26	5	1990	2431812	2431811	PRESERVED_SPECIMEN	MVZ	Herpetology	MVZ:Herp:219533	"J. Robert Macey 7619"	"Museum of Vertebrate Zoology"	1999-01-27T00:00:00	CC0_1_0		"Collector(s): J. Robert Macey, Theodore J. Papenfuss"			2026-06-12T03:17:49.276Z		CONTINENT_DERIVED_FROM_COORDINATES;INSTITUTION_MATCH_FUZZY;INSTITUTION_COLLECTION_MISMATCH
5147360159	09c4287e-e6d5-4552-a07f-bff8a00833d8	https://arctos.database.museum/guid/MVZ:Herp:68506	Animalia	Chordata	Amphibia	Caudata	Salamandridae	Ommatotriton	"Ommatotriton vittatus"		SPECIES	"Triturus vittatus (Gray, 1835)"	"Triturus vittatus"		IL	"7 km 90 degrees W Gedera"	HaMerkaz	PRESENT		8edbbde0-055e-11d8-b850-b8a03c50a862	31.816667	34.7							1959-03-12	12	3	1959	2431812	2431811	PRESERVED_SPECIMEN	MVZ	Herpetology	MVZ:Herp:68506	"William J. Riemer 590312-D"	"Museum of Vertebrate Zoology"	1999-01-27T00:00:00	CC0_1_0		"Collector(s): William J. Riemer"			2026-06-12T03:17:48.186Z		COORDINATE_ROUNDED;CONTINENT_DERIVED_FROM_COORDINATES;INSTITUTION_MATCH_FUZZY;INSTITUTION_COLLECTION_MISMATCH
5147499447	09c4287e-e6d5-4552-a07f-bff8a00833d8	https://arctos.database.museum/guid/MVZ:Herp:219529	Animalia	Chordata	Amphibia	Caudata	Salamandridae	Ommatotriton	"Ommatotriton vittatus"		SPECIES	"Triturus vittatus (Gray, 1835)"	"Triturus vittatus"		RU	"Babuk-aul, 55 km ENE Dagomys [=43.40'N 39.38'E] on road, Krasnodarsky Territory, Europe"		PRESENT		8edbbde0-055e-11d8-b850-b8a03c50a862	43.88333	39.81667	14785.0						1990-05-26	26	5	1990	2431812	2431811	PRESERVED_SPECIMEN	MVZ	Herpetology	MVZ:Herp:219529	"J. Robert Macey 7615"	"Museum of Vertebrate Zoology"	1999-01-27T00:00:00	CC0_1_0		"Collector(s): J. Robert Macey, Theodore J. Papenfuss"			2026-06-12T03:17:51.408Z		CONTINENT_DERIVED_FROM_COORDINATES;INSTITUTION_MATCH_FUZZY;INSTITUTION_COLLECTION_MISMATCH
5147189457	09c4287e-e6d5-4552-a07f-bff8a00833d8	https://arctos.database.museum/guid/MVZ:Herp:219504	Animalia	Chordata	Amphibia	Caudata	Salamandridae	Ommatotriton	"Ommatotriton vittatus"		SPECIES	"Triturus vittatus (Gray, 1835)"	"Triturus vittatus"		RU	"Yew Box Grove, 20 km E Sochi City [43.35'N 39.45'E], Central District Sochi Municipality, Krasnodarsky Territory, Europe"		PRESENT		8edbbde0-055e-11d8-b850-b8a03c50a862	43.56667	39.8	5790.0						1990-05-24	24	5	1990	2431812	2431811	PRESERVED_SPECIMEN	MVZ	Herpetology	MVZ:Herp:219504	"J. Robert Macey 7600"	"Museum of Vertebrate Zoology"	1999-01-27T00:00:00	CC0_1_0		"Collector(s): J. Robert Macey, Theodore J. Papenfuss"			2026-06-12T03:17:44.489Z		CONTINENT_DERIVED_FROM_COORDINATES;INSTITUTION_MATCH_FUZZY;INSTITUTION_COLLECTION_MISMATCH
5147498448	09c4287e-e6d5-4552-a07f-bff8a00833d8	https://arctos.database.museum/guid/MVZ:Herp:219528	Animalia	Chordata	Amphibia	Caudata	Salamandridae	Ommatotriton	"Ommatotriton vittatus"		SPECIES	"Triturus vittatus (Gray, 1835)"	"Triturus vittatus"		RU	"Babuk-aul, 55 km ENE Dagomys [=43.40'N 39.38'E] on road, Krasnodarsky Territory, Europe"		PRESENT		8edbbde0-055e-11d8-b850-b8a03c50a862	43.88333	39.81667	14785.0						1990-05-26	26	5	1990	2431812	2431811	PRESERVED_SPECIMEN	MVZ	Herpetology	MVZ:Herp:219528	"J. Robert Macey 7614"	"Museum of Vertebrate Zoology"	1999-01-27T00:00:00	CC0_1_0		"Collector(s): J. Robert Macey, Theodore J. Papenfuss"			2026-06-12T03:17:50.713Z		CONTINENT_DERIVED_FROM_COORDINATES;INSTITUTION_MATCH_FUZZY;INSTITUTION_COLLECTION_MISMATCH
5147186456	09c4287e-e6d5-4552-a07f-bff8a00833d8	https://arctos.database.museum/guid/MVZ:Herp:219536	Animalia	Chordata	Amphibia	Caudata	Salamandridae	Ommatotriton	"Ommatotriton vittatus"		SPECIES	"Triturus vittatus (Gray, 1835)"	"Triturus vittatus"		RU	"Babuk-aul, 55 km ENE Dagomys [=43.40'N 39.38'E] on road, Krasnodarsky Territory, Europe"		PRESENT		8edbbde0-055e-11d8-b850-b8a03c50a862	43.88333	39.81667	14785.0						1990-05-26	26	5	1990	2431812	2431811	PRESERVED_SPECIMEN	MVZ	Herpetology	MVZ:Herp:219536	"Theodore J. Papenfuss 21169"	"Museum of Vertebrate Zoology"	1999-01-27T00:00:00	CC0_1_0		"Collector(s): Theodore J. Papenfuss, J. Robert Macey"			2026-06-12T03:17:51.949Z		CONTINENT_DERIVED_FROM_COORDINATES;INSTITUTION_MATCH_FUZZY;INSTITUTION_COLLECTION_MISMATCH
5147176297	09c4287e-e6d5-4552-a07f-bff8a00833d8	https://arctos.database.museum/guid/MVZ:Herp:191993	Animalia	Chordata	Amphibia	Caudata	Salamandridae	Ommatotriton	"Ommatotriton vittatus"		SPECIES	"Triturus vittatus (Gray, 1835)"	"Triturus vittatus"		TR	"No specific locality recorded."		PRESENT		8edbbde0-055e-11d8-b850-b8a03c50a862	38.95	35.61667	877348.0						1818-06-20/1999-02-04				2431812	2431811	PRESERVED_SPECIMEN	MVZ	Herpetology	MVZ:Herp:191993		"Museum of Vertebrate Zoology"	1999-01-27T00:00:00	CC0_1_0		"Collector(s): unknown"			2026-06-12T03:17:52.179Z		CONTINENT_DERIVED_FROM_COORDINATES;INSTITUTION_MATCH_FUZZY;INSTITUTION_COLLECTION_MISMATCH
5147494298	09c4287e-e6d5-4552-a07f-bff8a00833d8	https://arctos.database.museum/guid/MVZ:Herp:191994	Animalia	Chordata	Amphibia	Caudata	Salamandridae	Ommatotriton	"Ommatotriton vittatus"		SPECIES	"Triturus vittatus (Gray, 1835)"	"Triturus vittatus"		TR	"No specific locality recorded."		PRESENT		8edbbde0-055e-11d8-b850-b8a03c50a862	38.95	35.61667	877348.0						1818-06-20/1999-02-04				2431812	2431811	PRESERVED_SPECIMEN	MVZ	Herpetology	MVZ:Herp:191994		"Museum of Vertebrate Zoology"	1999-01-27T00:00:00	CC0_1_0		"Collector(s): unknown"			2026-06-12T03:17:51.356Z		CONTINENT_DERIVED_FROM_COORDINATES;INSTITUTION_MATCH_FUZZY;INSTITUTION_COLLECTION_MISMATCH
5147188445	09c4287e-e6d5-4552-a07f-bff8a00833d8	https://arctos.database.museum/guid/MVZ:Herp:219546	Animalia	Chordata	Amphibia	Caudata	Salamandridae	Ommatotriton	"Ommatotriton vittatus"		SPECIES	"Triturus vittatus (Gray, 1835)"	"Triturus vittatus"		RU	"Babuk-aul, 55 km ENE Dagomys [=43.40'N 39.38'E] on road, Krasnodarsky Territory, Europe"		PRESENT		8edbbde0-055e-11d8-b850-b8a03c50a862	43.88333	39.81667	14785.0						1990-05-26	26	5	1990	2431812	2431811	PRESERVED_SPECIMEN	MVZ	Herpetology	MVZ:Herp:219546	"Theodore J. Papenfuss 21179"	"Museum of Vertebrate Zoology"	1999-01-27T00:00:00	CC0_1_0		"Collector(s): Theodore J. Papenfuss, J. Robert Macey"			2026-06-12T03:17:44.168Z		CONTINENT_DERIVED_FROM_COORDINATES;INSTITUTION_MATCH_FUZZY;INSTITUTION_COLLECTION_MISMATCH
5147421448	09c4287e-e6d5-4552-a07f-bff8a00833d8	https://arctos.database.museum/guid/MVZ:Herp:219547	Animalia	Chordata	Amphibia	Caudata	Salamandridae	Ommatotriton	"Ommatotriton vittatus"		SPECIES	"Triturus vittatus (Gray, 1835)"	"Triturus vittatus"		RU	"Babuk-aul, 55 km ENE Dagomys [=43.40'N 39.38'E] on road, Krasnodarsky Territory, Europe"		PRESENT		8edbbde0-055e-11d8-b850-b8a03c50a862	43.88333	39.81667	14785.0						1990-05-26	26	5	1990	2431812	2431811	PRESERVED_SPECIMEN	MVZ	Herpetology	MVZ:Herp:219547	"Theodore J. Papenfuss 21180"	"Museum of Vertebrate Zoology"	1999-01-27T00:00:00	CC0_1_0		"Collector(s): Theodore J. Papenfuss, J. Robert Macey"			2026-06-12T03:17:48.042Z		CONTINENT_DERIVED_FROM_COORDINATES;INSTITUTION_MATCH_FUZZY;INSTITUTION_COLLECTION_MISMATCH
5147307446	09c4287e-e6d5-4552-a07f-bff8a00833d8	https://arctos.database.museum/guid/MVZ:Herp:219543	Animalia	Chordata	Amphibia	Caudata	Salamandridae	Ommatotriton	"Ommatotriton vittatus"		SPECIES	"Triturus vittatus (Gray, 1835)"	"Triturus vittatus"		RU	"Babuk-aul, 55 km ENE Dagomys [=43.40'N 39.38'E] on road, Krasnodarsky Territory, Europe"		PRESENT		8edbbde0-055e-11d8-b850-b8a03c50a862	43.88333	39.81667	14785.0						1990-05-26	26	5	1990	2431812	2431811	PRESERVED_SPECIMEN	MVZ	Herpetology	MVZ:Herp:219543	"Theodore J. Papenfuss 21176"	"Museum of Vertebrate Zoology"	1999-01-27T00:00:00	CC0_1_0		"Collector(s): Theodore J. Papenfuss, J. Robert Macey"			2026-06-12T03:17:45.351Z		CONTINENT_DERIVED_FROM_COORDINATES;INSTITUTION_MATCH_FUZZY;INSTITUTION_COLLECTION_MISMATCH
5147419445	09c4287e-e6d5-4552-a07f-bff8a00833d8	https://arctos.database.museum/guid/MVZ:Herp:219545	Animalia	Chordata	Amphibia	Caudata	Salamandridae	Ommatotriton	"Ommatotriton vittatus"		SPECIES	"Triturus vittatus (Gray, 1835)"	"Triturus vittatus"		RU	"Babuk-aul, 55 km ENE Dagomys [=43.40'N 39.38'E] on road, Krasnodarsky Territory, Europe"		PRESENT		8edbbde0-055e-11d8-b850-b8a03c50a862	43.88333	39.81667	14785.0						1990-05-26	26	5	1990	2431812	2431811	PRESERVED_SPECIMEN	MVZ	Herpetology	MVZ:Herp:219545	"Theodore J. Papenfuss 21178"	"Museum of Vertebrate Zoology"	1999-01-27T00:00:00	CC0_1_0		"Collector(s): Theodore J. Papenfuss, J. Robert Macey"			2026-06-12T03:17:55.110Z		CONTINENT_DERIVED_FROM_COORDINATES;INSTITUTION_MATCH_FUZZY;INSTITUTION_COLLECTION_MISMATCH
5147422447	09c4287e-e6d5-4552-a07f-bff8a00833d8	https://arctos.database.museum/guid/MVZ:Herp:219552	Animalia	Chordata	Amphibia	Caudata	Salamandridae	Ommatotriton	"Ommatotriton vittatus"		SPECIES	"Triturus vittatus (Gray, 1835)"	"Triturus vittatus"		RU	"Babuk-aul, 55 km ENE Dagomys [=43.40'N 39.38'E] on road, Krasnodarsky Territory, Europe"		PRESENT		8edbbde0-055e-11d8-b850-b8a03c50a862	43.88333	39.81667	14785.0						1990-05-26	26	5	1990	2431812	2431811	PRESERVED_SPECIMEN	MVZ	Herpetology	MVZ:Herp:219552	"Theodore J. Papenfuss 21185"	"Museum of Vertebrate Zoology"	1999-01-27T00:00:00	CC0_1_0		"Collector(s): Theodore J. Papenfuss, J. Robert Macey"			2026-06-12T03:17:47.261Z		CONTINENT_DERIVED_FROM_COORDINATES;INSTITUTION_MATCH_FUZZY;INSTITUTION_COLLECTION_MISMATCH
5147501410	09c4287e-e6d5-4552-a07f-bff8a00833d8	https://arctos.database.museum/guid/MVZ:Herp:218697	Animalia	Chordata	Amphibia	Caudata	Salamandridae	Ommatotriton	"Ommatotriton vittatus"		SPECIES	"Triturus vittatus (Gray, 1835)"	"Triturus vittatus"		GE	"near Tbilisi"		PRESENT		8edbbde0-055e-11d8-b850-b8a03c50a862	41.42	44.45							1989-06-03	3	6	1989	2431812	2431811	PRESERVED_SPECIMEN	MVZ	Herpetology	MVZ:Herp:218697	"Theodore J. Papenfuss TP-20863"	"Museum of Vertebrate Zoology"	1999-01-27T00:00:00	CC0_1_0		"Collector(s): Theodore J. Papenfuss, J. Robert Macey"			2026-06-12T03:17:49.229Z		CONTINENT_DERIVED_FROM_COORDINATES;INSTITUTION_MATCH_FUZZY;INSTITUTION_COLLECTION_MISMATCH
5147498449	09c4287e-e6d5-4552-a07f-bff8a00833d8	https://arctos.database.museum/guid/MVZ:Herp:219531	Animalia	Chordata	Amphibia	Caudata	Salamandridae	Ommatotriton	"Ommatotriton vittatus"		SPECIES	"Triturus vittatus (Gray, 1835)"	"Triturus vittatus"		RU	"Babuk-aul, 55 km ENE Dagomys [=43.40'N 39.38'E] on road, Krasnodarsky Territory, Europe"		PRESENT		8edbbde0-055e-11d8-b850-b8a03c50a862	43.88333	39.81667	14785.0						1990-05-26	26	5	1990	2431812	2431811	PRESERVED_SPECIMEN	MVZ	Herpetology	MVZ:Herp:219531	"J. Robert Macey 7617"	"Museum of Vertebrate Zoology"	1999-01-27T00:00:00	CC0_1_0		"Collector(s): J. Robert Macey, Theodore J. Papenfuss"			2026-06-12T03:17:56.355Z		CONTINENT_DERIVED_FROM_COORDINATES;INSTITUTION_MATCH_FUZZY;INSTITUTION_COLLECTION_MISMATCH
5147320446	09c4287e-e6d5-4552-a07f-bff8a00833d8	https://arctos.database.museum/guid/MVZ:Herp:219553	Animalia	Chordata	Amphibia	Caudata	Salamandridae	Ommatotriton	"Ommatotriton vittatus"		SPECIES	"Triturus vittatus (Gray, 1835)"	"Triturus vittatus"		RU	"Babuk-aul, 55 km ENE Dagomys [=43.40'N 39.38'E] on road, Krasnodarsky Territory, Europe"		PRESENT		8edbbde0-055e-11d8-b850-b8a03c50a862	43.88333	39.81667	14785.0						1990-05-26	26	5	1990	2431812	2431811	PRESERVED_SPECIMEN	MVZ	Herpetology	MVZ:Herp:219553	"Theodore J. Papenfuss 21186"	"Museum of Vertebrate Zoology"	1999-01-27T00:00:00	CC0_1_0		"Collector(s): Theodore J. Papenfuss, J. Robert Macey"			2026-06-12T03:17:46.564Z		CONTINENT_DERIVED_FROM_COORDINATES;INSTITUTION_MATCH_FUZZY;INSTITUTION_COLLECTION_MISMATCH
2283462948	7e34ea34-f762-11e1-a439-00145eb45e9a		Animalia	Chordata	Amphibia	Caudata	Salamandridae	Ommatotriton	"Ommatotriton vittatus"		SPECIES	"Triturus vittatus (Gray, 1835)"	"Triturus vittatus"	Herre	RU	"the Caucasus, Sochi"		PRESENT		c14b9ce2-9545-4376-8a3b-6741558c256a	43.6	39.73028	8.0										2431812	2431811	OCCURRENCE	ZIN	ZISP	03266.12			1935-01-01T00:00:00	CC_BY_NC_4_0		"Delvig V."			2026-06-12T08:22:53.027Z		BASIS_OF_RECORD_INVALID;RECORDED_DATE_MISMATCH;RECORDED_DATE_INVALID;COUNTRY_DERIVED_FROM_COORDINATES;GEODETIC_DATUM_ASSUMED_WGS84;CONTINENT_DERIVED_FROM_COORDINATES
2283462949	7e34ea34-f762-11e1-a439-00145eb45e9a		Animalia	Chordata	Amphibia	Caudata	Salamandridae	Ommatotriton	"Ommatotriton vittatus"		SPECIES	"Triturus vittatus (Gray, 1835)"	"Triturus vittatus"	Herre	GE	Transcaucasia		PRESENT		c14b9ce2-9545-4376-8a3b-6741558c256a	42.0	45.0	472.31						1910			1910	2431812	2431811	OCCURRENCE	ZIN	ZISP	03816			1935-01-01T00:00:00	CC_BY_NC_4_0		Lanz			2026-06-12T08:22:53.140Z		BASIS_OF_RECORD_INVALID;COUNTRY_DERIVED_FROM_COORDINATES;GEODETIC_DATUM_ASSUMED_WGS84;CONTINENT_DERIVED_FROM_COORDINATES
2283463081	7e34ea34-f762-11e1-a439-00145eb45e9a		Animalia	Chordata	Amphibia	Caudata	Salamandridae	Ommatotriton	"Ommatotriton vittatus"		SPECIES	"Triturus vittatus (Gray, 1835)"	"Triturus vittatus"	Herre	GE	Borshom		PRESENT		c14b9ce2-9545-4376-8a3b-6741558c256a	41.8375	43.37917	4.0						1892			1892	2431812	2431811	OCCURRENCE	ZIN	ZISP	01881			1935-01-01T00:00:00	CC_BY_NC_4_0		"Dr. Radde"			2026-06-12T08:22:56.199Z		BASIS_OF_RECORD_INVALID;COUNTRY_DERIVED_FROM_COORDINATES;GEODETIC_DATUM_ASSUMED_WGS84;CONTINENT_DERIVED_FROM_COORDINATES
2283463112	7e34ea34-f762-11e1-a439-00145eb45e9a		Animalia	Chordata	Amphibia	Caudata	Salamandridae	Ommatotriton	"Ommatotriton vittatus"		SPECIES	"Triturus vittatus (Gray, 1835)"	"Triturus vittatus"	Herre	RU	"the Caucasian State Reserve, 8 km from the station Dakhovskaya"		PRESENT		c14b9ce2-9545-4376-8a3b-6741558c256a	44.23	40.20306	14.0						1934-09-30	30	9	1934	2431812	2431811	OCCURRENCE	ZIN	ZISP	03470.4			1935-01-01T00:00:00	CC_BY_NC_4_0		Khozatskiy			2026-06-12T08:22:56.530Z		BASIS_OF_RECORD_INVALID;RECORDED_DATE_INVALID;COUNTRY_DERIVED_FROM_COORDINATES;GEODETIC_DATUM_ASSUMED_WGS84;CONTINENT_DERIVED_FROM_COORDINATES
2283463276	7e34ea34-f762-11e1-a439-00145eb45e9a		Animalia	Chordata	Amphibia	Caudata	Salamandridae	Ommatotriton	"Ommatotriton vittatus"		SPECIES	"Triturus vittatus (Gray, 1835)"	"Triturus vittatus"	Herre	GE	Kvarchkhali		PRESENT		c14b9ce2-9545-4376-8a3b-6741558c256a	42.31667	42.16667	2.31						1909-06-22	22	6	1909	2431812	2431811	OCCURRENCE	ZIN	ZISP	02392.2			1935-01-01T00:00:00	CC_BY_NC_4_0		"Nesterov P."			2026-06-12T08:22:57.658Z		BASIS_OF_RECORD_INVALID;RECORDED_DATE_INVALID;COUNTRY_DERIVED_FROM_COORDINATES;GEODETIC_DATUM_ASSUMED_WGS84;CONTINENT_DERIVED_FROM_COORDINATES
2283463317	7e34ea34-f762-11e1-a439-00145eb45e9a		Animalia	Chordata	Amphibia	Caudata	Salamandridae	Ommatotriton	"Ommatotriton vittatus"		SPECIES	"Triturus vittatus (Gray, 1835)"	"Triturus vittatus"	Herre	GE	Borzhom		PRESENT		c14b9ce2-9545-4376-8a3b-6741558c256a	41.8375	43.37917	4.0						1916			1916	2431812	2431811	OCCURRENCE	ZIN	ZISP	02870.1			1935-01-01T00:00:00	CC_BY_NC_4_0		?			2026-06-12T08:22:57.917Z		BASIS_OF_RECORD_INVALID;COUNTRY_DERIVED_FROM_COORDINATES;GEODETIC_DATUM_ASSUMED_WGS84;CONTINENT_DERIVED_FROM_COORDINATES
2283463353	7e34ea34-f762-11e1-a439-00145eb45e9a		Animalia	Chordata	Amphibia	Caudata	Salamandridae	Ommatotriton	"Ommatotriton vittatus"		SPECIES	"Triturus vittatus (Gray, 1835)"	"Triturus vittatus"	Herre	RU	"the Caucasus, Sochi"		PRESENT		c14b9ce2-9545-4376-8a3b-6741558c256a	43.6	39.73028	8.0										2431812	2431811	OCCURRENCE	ZIN	ZISP	03266.1			1935-01-01T00:00:00	CC_BY_NC_4_0		"Delvig V."			2026-06-12T08:22:58.515Z		BASIS_OF_RECORD_INVALID;RECORDED_DATE_MISMATCH;RECORDED_DATE_INVALID;COUNTRY_DERIVED_FROM_COORDINATES;GEODETIC_DATUM_ASSUMED_WGS84;CONTINENT_DERIVED_FROM_COORDINATES
2283463948	7e34ea34-f762-11e1-a439-00145eb45e9a		Animalia	Chordata	Amphibia	Caudata	Salamandridae	Ommatotriton	"Ommatotriton vittatus"		SPECIES	"Triturus vittatus (Gray, 1835)"	"Triturus vittatus"	Herre	RU	"the Caucasian State Reserve, 8 km from the station Dakhovskaya"		PRESENT		c14b9ce2-9545-4376-8a3b-6741558c256a	44.23	40.20306	14.0						1934-09-30	30	9	1934	2431812	2431811	OCCURRENCE	ZIN	ZISP	03470.6			1935-01-01T00:00:00	CC_BY_NC_4_0		Khozatskiy			2026-06-12T08:22:58.839Z		BASIS_OF_RECORD_INVALID;RECORDED_DATE_INVALID;COUNTRY_DERIVED_FROM_COORDINATES;GEODETIC_DATUM_ASSUMED_WGS84;CONTINENT_DERIVED_FROM_COORDINATES
2283464012	7e34ea34-f762-11e1-a439-00145eb45e9a		Animalia	Chordata	Amphibia	Caudata	Salamandridae	Ommatotriton	"Ommatotriton vittatus"		SPECIES	"Triturus vittatus (Gray, 1835)"	"Triturus vittatus"	Herre	GE	Borzhom		PRESENT		c14b9ce2-9545-4376-8a3b-6741558c256a	41.8375	43.37917	4.0						1893			1893	2431812	2431811	OCCURRENCE	ZIN	ZISP	01945.1			1935-01-01T00:00:00	CC_BY_NC_4_0		Alferaki			2026-06-12T08:22:59.149Z		BASIS_OF_RECORD_INVALID;COUNTRY_DERIVED_FROM_COORDINATES;GEODETIC_DATUM_ASSUMED_WGS84;CONTINENT_DERIVED_FROM_COORDINATES
2283464091	7e34ea34-f762-11e1-a439-00145eb45e9a		Animalia	Chordata	Amphibia	Caudata	Salamandridae	Ommatotriton	"Ommatotriton vittatus"		SPECIES	"Triturus vittatus (Gray, 1835)"	"Triturus vittatus"	Herre	RU	"the Caucasus, Sochi"		PRESENT		c14b9ce2-9545-4376-8a3b-6741558c256a	43.6	39.73028	8.0										2431812	2431811	OCCURRENCE	ZIN	ZISP	03266.3			1935-01-01T00:00:00	CC_BY_NC_4_0		"Delvig V."			2026-06-12T08:22:59.746Z		BASIS_OF_RECORD_INVALID;RECORDED_DATE_MISMATCH;RECORDED_DATE_INVALID;COUNTRY_DERIVED_FROM_COORDINATES;GEODETIC_DATUM_ASSUMED_WGS84;CONTINENT_DERIVED_FROM_COORDINATES
2283464155	7e34ea34-f762-11e1-a439-00145eb45e9a		Animalia	Chordata	Amphibia	Caudata	Salamandridae	Ommatotriton	"Ommatotriton vittatus"		SPECIES	"Triturus vittatus (Gray, 1835)"	"Triturus vittatus"	Herre	GE	"Tiflis region, Bakuriani"		PRESENT		c14b9ce2-9545-4376-8a3b-6741558c256a	41.74972	43.5325	4.0						1910-10-01	1	10	1910	2431812	2431811	OCCURRENCE	ZIN	ZISP	02459			1935-01-01T00:00:00	CC_BY_NC_4_0		"Mlokosevich L."			2026-06-12T08:23:00.057Z		BASIS_OF_RECORD_INVALID;RECORDED_DATE_INVALID;COUNTRY_DERIVED_FROM_COORDINATES;GEODETIC_DATUM_ASSUMED_WGS84;CONTINENT_DERIVED_FROM_COORDINATES
2283464220	7e34ea34-f762-11e1-a439-00145eb45e9a		Animalia	Chordata	Amphibia	Caudata	Salamandridae	Ommatotriton	"Ommatotriton vittatus"		SPECIES	"Triturus vittatus (Gray, 1835)"	"Triturus vittatus"	Herre	RU	"the Caucasus, Sochi"		PRESENT		c14b9ce2-9545-4376-8a3b-6741558c256a	43.6	39.73028	8.0										2431812	2431811	OCCURRENCE	ZIN	ZISP	03266.14			1935-01-01T00:00:00	CC_BY_NC_4_0		"Delvig V."			2026-06-12T08:23:00.266Z		BASIS_OF_RECORD_INVALID;RECORDED_DATE_MISMATCH;RECORDED_DATE_INVALID;COUNTRY_DERIVED_FROM_COORDINATES;GEODETIC_DATUM_ASSUMED_WGS84;CONTINENT_DERIVED_FROM_COORDINATES
2283464330	7e34ea34-f762-11e1-a439-00145eb45e9a		Animalia	Chordata	Amphibia	Caudata	Salamandridae	Ommatotriton	"Ommatotriton vittatus"		SPECIES	"Triturus vittatus (Gray, 1835)"	"Triturus vittatus"	Herre	GE	Borshom		PRESENT		c14b9ce2-9545-4376-8a3b-6741558c256a	41.8375	43.37917	4.0						1892			1892	2431812	2431811	OCCURRENCE	ZIN	ZISP	01882.1			1935-01-01T00:00:00	CC_BY_NC_4_0		Alpheraky			2026-06-12T08:23:00.646Z		BASIS_OF_RECORD_INVALID;COUNTRY_DERIVED_FROM_COORDINATES;GEODETIC_DATUM_ASSUMED_WGS84;CONTINENT_DERIVED_FROM_COORDINATES
2283465065	7e34ea34-f762-11e1-a439-00145eb45e9a		Animalia	Chordata	Amphibia	Caudata	Salamandridae	Ommatotriton	"Ommatotriton vittatus"		SPECIES	"Triturus vittatus (Gray, 1835)"	"Triturus vittatus"	Herre	RU	"the Caucasus, Sochi"		PRESENT		c14b9ce2-9545-4376-8a3b-6741558c256a	43.6	39.73028	8.0										2431812	2431811	OCCURRENCE	ZIN	ZISP	03266.16			1935-01-01T00:00:00	CC_BY_NC_4_0		"Delvig V."			2026-06-12T08:23:01.468Z		BASIS_OF_RECORD_INVALID;RECORDED_DATE_MISMATCH;RECORDED_DATE_INVALID;COUNTRY_DERIVED_FROM_COORDINATES;GEODETIC_DATUM_ASSUMED_WGS84;CONTINENT_DERIVED_FROM_COORDINATES
2283465187	7e34ea34-f762-11e1-a439-00145eb45e9a		Animalia	Chordata	Amphibia	Caudata	Salamandridae	Ommatotriton	"Ommatotriton vittatus"		SPECIES	"Triturus vittatus (Gray, 1835)"	"Triturus vittatus"	Herre	GE	Borshom		PRESENT		c14b9ce2-9545-4376-8a3b-6741558c256a	41.8375	43.37917	4.0						1892			1892	2431812	2431811	OCCURRENCE	ZIN	ZISP	01883.2			1935-01-01T00:00:00	CC_BY_NC_4_0		Alpheraky			2026-06-12T08:23:01.887Z		BASIS_OF_RECORD_INVALID;COUNTRY_DERIVED_FROM_COORDINATES;GEODETIC_DATUM_ASSUMED_WGS84;CONTINENT_DERIVED_FROM_COORDINATES
2283465332	7e34ea34-f762-11e1-a439-00145eb45e9a		Animalia	Chordata	Amphibia	Caudata	Salamandridae	Ommatotriton	"Ommatotriton vittatus"		SPECIES	"Triturus vittatus (Gray, 1835)"	"Triturus vittatus"	Herre	GE	Borzhom		PRESENT		c14b9ce2-9545-4376-8a3b-6741558c256a	41.8375	43.37917	4.0						1893			1893	2431812	2431811	OCCURRENCE	ZIN	ZISP	01945.3			1935-01-01T00:00:00	CC_BY_NC_4_0		Alferaki			2026-06-12T08:23:02.309Z		BASIS_OF_RECORD_INVALID;COUNTRY_DERIVED_FROM_COORDINATES;GEODETIC_DATUM_ASSUMED_WGS84;CONTINENT_DERIVED_FROM_COORDINATES
2283465348	7e34ea34-f762-11e1-a439-00145eb45e9a		Animalia	Chordata	Amphibia	Caudata	Salamandridae	Ommatotriton	"Ommatotriton vittatus"		SPECIES	"Triturus vittatus (Gray, 1835)"	"Triturus vittatus"	Herre	RU	"the Caucasus, Sochi"		PRESENT		c14b9ce2-9545-4376-8a3b-6741558c256a	43.6	39.73028	8.0										2431812	2431811	OCCURRENCE	ZIN	ZISP	03266.5			1935-01-01T00:00:00	CC_BY_NC_4_0		"Delvig V."			2026-06-12T08:23:02.351Z		BASIS_OF_RECORD_INVALID;RECORDED_DATE_MISMATCH;RECORDED_DATE_INVALID;COUNTRY_DERIVED_FROM_COORDINATES;GEODETIC_DATUM_ASSUMED_WGS84;CONTINENT_DERIVED_FROM_COORDINATES
2283465387	7e34ea34-f762-11e1-a439-00145eb45e9a		Animalia	Chordata	Amphibia	Caudata	Salamandridae	Ommatotriton	"Ommatotriton vittatus"		SPECIES	"Triturus vittatus (Gray, 1835)"	"Triturus vittatus"	Herre	RU	"the Caucasian State Reserve, 8 km from the station Dakhovskaya"		PRESENT		c14b9ce2-9545-4376-8a3b-6741558c256a	44.23	40.20306	14.0						1934-09-30	30	9	1934	2431812	2431811	OCCURRENCE	ZIN	ZISP	03470.8			1935-01-01T00:00:00	CC_BY_NC_4_0		Khozatskiy			2026-06-12T08:23:02.519Z		BASIS_OF_RECORD_INVALID;RECORDED_DATE_INVALID;COUNTRY_DERIVED_FROM_COORDINATES;GEODETIC_DATUM_ASSUMED_WGS84;CONTINENT_DERIVED_FROM_COORDINATES
2283465390	7e34ea34-f762-11e1-a439-00145eb45e9a		Animalia	Chordata	Amphibia	Caudata	Salamandridae	Ommatotriton	"Ommatotriton vittatus"		SPECIES	"Triturus vittatus (Gray, 1835)"	"Triturus vittatus"	Herre	GE	Borshom		PRESENT		c14b9ce2-9545-4376-8a3b-6741558c256a	41.8375	43.37917	4.0						1892			1892	2431812	2431811	OCCURRENCE	ZIN	ZISP	01884.1			1935-01-01T00:00:00	CC_BY_NC_4_0		Alpheraky			2026-06-12T08:23:02.523Z		BASIS_OF_RECORD_INVALID;COUNTRY_DERIVED_FROM_COORDINATES;GEODETIC_DATUM_ASSUMED_WGS84;CONTINENT_DERIVED_FROM_COORDINATES
2283466025	7e34ea34-f762-11e1-a439-00145eb45e9a		Animalia	Chordata	Amphibia	Caudata	Salamandridae	Ommatotriton	"Ommatotriton vittatus"		SPECIES	"Triturus vittatus (Gray, 1835)"	"Triturus vittatus"	Herre	GE	Borshom		PRESENT		c14b9ce2-9545-4376-8a3b-6741558c256a	41.8375	43.37917	4.0						1892			1892	2431812	2431811	OCCURRENCE	ZIN	ZISP	01883.1			1935-01-01T00:00:00	CC_BY_NC_4_0		Alpheraky			2026-06-12T08:23:02.802Z		BASIS_OF_RECORD_INVALID;COUNTRY_DERIVED_FROM_COORDINATES;GEODETIC_DATUM_ASSUMED_WGS84;CONTINENT_DERIVED_FROM_COORDINATES
2283466187	7e34ea34-f762-11e1-a439-00145eb45e9a		Animalia	Chordata	Amphibia	Caudata	Salamandridae	Ommatotriton	"Ommatotriton vittatus"		SPECIES	"Triturus vittatus (Gray, 1835)"	"Triturus vittatus"	Herre	GE	Borzhom		PRESENT		c14b9ce2-9545-4376-8a3b-6741558c256a	41.8375	43.37917	4.0						1893			1893	2431812	2431811	OCCURRENCE	ZIN	ZISP	01945.2			1935-01-01T00:00:00	CC_BY_NC_4_0		Alferaki			2026-06-12T08:23:03.175Z		BASIS_OF_RECORD_INVALID;COUNTRY_DERIVED_FROM_COORDINATES;GEODETIC_DATUM_ASSUMED_WGS84;CONTINENT_DERIVED_FROM_COORDINATES
2283466208	7e34ea34-f762-11e1-a439-00145eb45e9a		Animalia	Chordata	Amphibia	Caudata	Salamandridae	Ommatotriton	"Ommatotriton vittatus"		SPECIES	"Triturus vittatus (Gray, 1835)"	"Triturus vittatus"	Herre	RU	"the Caucasus, Sochi"		PRESENT		c14b9ce2-9545-4376-8a3b-6741558c256a	43.6	39.73028	8.0										2431812	2431811	OCCURRENCE	ZIN	ZISP	03266.4			1935-01-01T00:00:00	CC_BY_NC_4_0		"Delvig V."			2026-06-12T08:23:03.215Z		BASIS_OF_RECORD_INVALID;RECORDED_DATE_MISMATCH;RECORDED_DATE_INVALID;COUNTRY_DERIVED_FROM_COORDINATES;GEODETIC_DATUM_ASSUMED_WGS84;CONTINENT_DERIVED_FROM_COORDINATES
2283466217	7e34ea34-f762-11e1-a439-00145eb45e9a		Animalia	Chordata	Amphibia	Caudata	Salamandridae	Ommatotriton	"Ommatotriton vittatus"		SPECIES	"Triturus vittatus (Gray, 1835)"	"Triturus vittatus"	Herre	GE	Borshom		PRESENT		c14b9ce2-9545-4376-8a3b-6741558c256a	41.8375	43.37917	4.0						1892			1892	2431812	2431811	OCCURRENCE	ZIN	ZISP	01882.2			1935-01-01T00:00:00	CC_BY_NC_4_0		Alpheraky			2026-06-12T08:23:03.231Z		BASIS_OF_RECORD_INVALID;COUNTRY_DERIVED_FROM_COORDINATES;GEODETIC_DATUM_ASSUMED_WGS84;CONTINENT_DERIVED_FROM_COORDINATES
2283466265	7e34ea34-f762-11e1-a439-00145eb45e9a		Animalia	Chordata	Amphibia	Caudata	Salamandridae	Ommatotriton	"Ommatotriton vittatus"		SPECIES	"Triturus vittatus (Gray, 1835)"	"Triturus vittatus"	Herre	RU	"the Caucasian State Reserve, 8 km from the station Dakhovskaya"		PRESENT		c14b9ce2-9545-4376-8a3b-6741558c256a	44.23	40.20306	14.0						1934-09-30	30	9	1934	2431812	2431811	OCCURRENCE	ZIN	ZISP	03470.7			1935-01-01T00:00:00	CC_BY_NC_4_0		Khozatskiy			2026-06-12T08:23:03.312Z		BASIS_OF_RECORD_INVALID;RECORDED_DATE_INVALID;COUNTRY_DERIVED_FROM_COORDINATES;GEODETIC_DATUM_ASSUMED_WGS84;CONTINENT_DERIVED_FROM_COORDINATES
2283466318	7e34ea34-f762-11e1-a439-00145eb45e9a		Animalia	Chordata	Amphibia	Caudata	Salamandridae	Ommatotriton	"Ommatotriton vittatus"		SPECIES	"Triturus vittatus (Gray, 1835)"	"Triturus vittatus"	Herre	RU	"the Caucasus, Sochi"		PRESENT		c14b9ce2-9545-4376-8a3b-6741558c256a	43.6	39.73028	8.0										2431812	2431811	OCCURRENCE	ZIN	ZISP	03266.15			1935-01-01T00:00:00	CC_BY_NC_4_0		"Delvig V."			2026-06-12T08:23:03.425Z		BASIS_OF_RECORD_INVALID;RECORDED_DATE_MISMATCH;RECORDED_DATE_INVALID;COUNTRY_DERIVED_FROM_COORDINATES;GEODETIC_DATUM_ASSUMED_WGS84;CONTINENT_DERIVED_FROM_COORDINATES
2283466959	7e34ea34-f762-11e1-a439-00145eb45e9a		Animalia	Chordata	Amphibia	Caudata	Salamandridae	Ommatotriton	"Ommatotriton vittatus"		SPECIES	"Triturus vittatus (Gray, 1835)"	"Triturus vittatus"	Herre	GE	Bakuriani		PRESENT		c14b9ce2-9545-4376-8a3b-6741558c256a	41.74972	43.5325	4.0						1924			1924	2431812	2431811	OCCURRENCE	ZIN	ZISP	02872			1935-01-01T00:00:00	CC_BY_NC_4_0		Delvig			2026-06-12T08:23:03.643Z		BASIS_OF_RECORD_INVALID;COUNTRY_DERIVED_FROM_COORDINATES;GEODETIC_DATUM_ASSUMED_WGS84;CONTINENT_DERIVED_FROM_COORDINATES
2283467025	7e34ea34-f762-11e1-a439-00145eb45e9a		Animalia	Chordata	Amphibia	Caudata	Salamandridae	Ommatotriton	"Ommatotriton vittatus"		SPECIES	"Triturus vittatus (Gray, 1835)"	"Triturus vittatus"	Herre	RU	"the Caucasian State Reserve, 8 km from the station Dakhovskaya"		PRESENT		c14b9ce2-9545-4376-8a3b-6741558c256a	44.23	40.20306	14.0						1934-09-30	30	9	1934	2431812	2431811	OCCURRENCE	ZIN	ZISP	03470.5			1935-01-01T00:00:00	CC_BY_NC_4_0		Khozatskiy			2026-06-12T08:23:03.754Z		BASIS_OF_RECORD_INVALID;RECORDED_DATE_INVALID;COUNTRY_DERIVED_FROM_COORDINATES;GEODETIC_DATUM_ASSUMED_WGS84;CONTINENT_DERIVED_FROM_COORDINATES
2283467033	7e34ea34-f762-11e1-a439-00145eb45e9a		Animalia	Chordata	Amphibia	Caudata	Salamandridae	Ommatotriton	"Ommatotriton vittatus"		SPECIES	"Triturus vittatus (Gray, 1835)"	"Triturus vittatus"	Herre	GE	Borzhom		PRESENT		c14b9ce2-9545-4376-8a3b-6741558c256a	41.8375	43.37917	4.0						1916			1916	2431812	2431811	OCCURRENCE	ZIN	ZISP	02870.2			1935-01-01T00:00:00	CC_BY_NC_4_0		?			2026-06-12T08:23:03.762Z		BASIS_OF_RECORD_INVALID;COUNTRY_DERIVED_FROM_COORDINATES;GEODETIC_DATUM_ASSUMED_WGS84;CONTINENT_DERIVED_FROM_COORDINATES
2283467044	7e34ea34-f762-11e1-a439-00145eb45e9a		Animalia	Chordata	Amphibia	Caudata	Salamandridae	Ommatotriton	"Ommatotriton vittatus"		SPECIES	"Triturus vittatus (Gray, 1835)"	"Triturus vittatus"	Herre	RU	"the Caucasus, Sochi"		PRESENT		c14b9ce2-9545-4376-8a3b-6741558c256a	43.6	39.73028	8.0										2431812	2431811	OCCURRENCE	ZIN	ZISP	03266.2			1935-01-01T00:00:00	CC_BY_NC_4_0		"Delvig V."			2026-06-12T08:23:03.780Z		BASIS_OF_RECORD_INVALID;RECORDED_DATE_MISMATCH;RECORDED_DATE_INVALID;COUNTRY_DERIVED_FROM_COORDINATES;GEODETIC_DATUM_ASSUMED_WGS84;CONTINENT_DERIVED_FROM_COORDINATES
2283467211	7e34ea34-f762-11e1-a439-00145eb45e9a		Animalia	Chordata	Amphibia	Caudata	Salamandridae	Ommatotriton	"Ommatotriton vittatus"		SPECIES	"Triturus vittatus (Gray, 1835)"	"Triturus vittatus"	Herre	RU	"the Caucasus, Sochi"		PRESENT		c14b9ce2-9545-4376-8a3b-6741558c256a	43.6	39.73028	8.0										2431812	2431811	OCCURRENCE	ZIN	ZISP	03266.13			1935-01-01T00:00:00	CC_BY_NC_4_0		"Delvig V."			2026-06-12T08:23:04.355Z		BASIS_OF_RECORD_INVALID;RECORDED_DATE_MISMATCH;RECORDED_DATE_INVALID;COUNTRY_DERIVED_FROM_COORDINATES;GEODETIC_DATUM_ASSUMED_WGS84;CONTINENT_DERIVED_FROM_COORDINATES
2283468113	7e34ea34-f762-11e1-a439-00145eb45e9a		Animalia	Chordata	Amphibia	Caudata	Salamandridae	Ommatotriton	"Ommatotriton vittatus"		SPECIES	"Triturus vittatus (Gray, 1835)"	"Triturus vittatus"	Herre	RU	"the Caucasus, Sochi"		PRESENT		c14b9ce2-9545-4376-8a3b-6741558c256a	43.6	39.73028	8.0										2431812	2431811	OCCURRENCE	ZIN	ZISP	03266.7			1935-01-01T00:00:00	CC_BY_NC_4_0		"Delvig V."			2026-06-12T08:23:05.205Z		BASIS_OF_RECORD_INVALID;RECORDED_DATE_MISMATCH;RECORDED_DATE_INVALID;COUNTRY_DERIVED_FROM_COORDINATES;GEODETIC_DATUM_ASSUMED_WGS84;CONTINENT_DERIVED_FROM_COORDINATES
2283468122	7e34ea34-f762-11e1-a439-00145eb45e9a		Animalia	Chordata	Amphibia	Caudata	Salamandridae	Ommatotriton	"Ommatotriton vittatus"		SPECIES	"Triturus vittatus (Gray, 1835)"	"Triturus vittatus"	Herre	RU	"the Caucasus, Sochi"		PRESENT		c14b9ce2-9545-4376-8a3b-6741558c256a	43.6	39.73028	8.0										2431812	2431811	OCCURRENCE	ZIN	ZISP	03266.18			1935-01-01T00:00:00	CC_BY_NC_4_0		"Delvig V."			2026-06-12T08:23:05.217Z		BASIS_OF_RECORD_INVALID;RECORDED_DATE_MISMATCH;RECORDED_DATE_INVALID;COUNTRY_DERIVED_FROM_COORDINATES;GEODETIC_DATUM_ASSUMED_WGS84;CONTINENT_DERIVED_FROM_COORDINATES
2283468174	7e34ea34-f762-11e1-a439-00145eb45e9a		Animalia	Chordata	Amphibia	Caudata	Salamandridae	Ommatotriton	"Ommatotriton vittatus"		SPECIES	"Triturus vittatus (Gray, 1835)"	"Triturus vittatus"	Herre	GE	Borzhom		PRESENT		c14b9ce2-9545-4376-8a3b-6741558c256a	41.8375	43.37917	4.0						1893			1893	2431812	2431811	OCCURRENCE	ZIN	ZISP	01945.5			1935-01-01T00:00:00	CC_BY_NC_4_0		Alferaki			2026-06-12T08:23:05.298Z		BASIS_OF_RECORD_INVALID;COUNTRY_DERIVED_FROM_COORDINATES;GEODETIC_DATUM_ASSUMED_WGS84;CONTINENT_DERIVED_FROM_COORDINATES
2283468209	7e34ea34-f762-11e1-a439-00145eb45e9a		Animalia	Chordata	Amphibia	Caudata	Salamandridae	Ommatotriton	"Ommatotriton vittatus"		SPECIES	"Triturus vittatus (Gray, 1835)"	"Triturus vittatus"	Herre	GE	Borshom		PRESENT		c14b9ce2-9545-4376-8a3b-6741558c256a	41.8375	43.37917	4.0						1892			1892	2431812	2431811	OCCURRENCE	ZIN	ZISP	01884.3			1935-01-01T00:00:00	CC_BY_NC_4_0		Alpheraky			2026-06-12T08:23:05.380Z		BASIS_OF_RECORD_INVALID;COUNTRY_DERIVED_FROM_COORDINATES;GEODETIC_DATUM_ASSUMED_WGS84;CONTINENT_DERIVED_FROM_COORDINATES
2283469013	7e34ea34-f762-11e1-a439-00145eb45e9a		Animalia	Chordata	Amphibia	Caudata	Salamandridae	Ommatotriton	"Ommatotriton vittatus"		SPECIES	"Triturus vittatus (Gray, 1835)"	"Triturus vittatus"	Herre	GE	Borzhom		PRESENT		c14b9ce2-9545-4376-8a3b-6741558c256a	41.8375	43.37917	4.0						1893			1893	2431812	2431811	OCCURRENCE	ZIN	ZISP	01945.4			1935-01-01T00:00:00	CC_BY_NC_4_0		Alferaki			2026-06-12T08:23:05.822Z		BASIS_OF_RECORD_INVALID;COUNTRY_DERIVED_FROM_COORDINATES;GEODETIC_DATUM_ASSUMED_WGS84;CONTINENT_DERIVED_FROM_COORDINATES
2283469034	7e34ea34-f762-11e1-a439-00145eb45e9a		Animalia	Chordata	Amphibia	Caudata	Salamandridae	Ommatotriton	"Ommatotriton vittatus"		SPECIES	"Triturus vittatus (Gray, 1835)"	"Triturus vittatus"	Herre	GE	Borshom		PRESENT		c14b9ce2-9545-4376-8a3b-6741558c256a	41.8375	43.37917	4.0						1892			1892	2431812	2431811	OCCURRENCE	ZIN	ZISP	01884.2			1935-01-01T00:00:00	CC_BY_NC_4_0		Alpheraky			2026-06-12T08:23:05.864Z		BASIS_OF_RECORD_INVALID;COUNTRY_DERIVED_FROM_COORDINATES;GEODETIC_DATUM_ASSUMED_WGS84;CONTINENT_DERIVED_FROM_COORDINATES
2283469138	7e34ea34-f762-11e1-a439-00145eb45e9a		Animalia	Chordata	Amphibia	Caudata	Salamandridae	Ommatotriton	"Ommatotriton vittatus"		SPECIES	"Triturus vittatus (Gray, 1835)"	"Triturus vittatus"	Herre	RU	"the Caucasus, Sochi"		PRESENT		c14b9ce2-9545-4376-8a3b-6741558c256a	43.6	39.73028	8.0										2431812	2431811	OCCURRENCE	ZIN	ZISP	03266.17			1935-01-01T00:00:00	CC_BY_NC_4_0		"Delvig V."			2026-06-12T08:23:06.104Z		BASIS_OF_RECORD_INVALID;RECORDED_DATE_MISMATCH;RECORDED_DATE_INVALID;COUNTRY_DERIVED_FROM_COORDINATES;GEODETIC_DATUM_ASSUMED_WGS84;CONTINENT_DERIVED_FROM_COORDINATES
2283469190	7e34ea34-f762-11e1-a439-00145eb45e9a		Animalia	Chordata	Amphibia	Caudata	Salamandridae	Ommatotriton	"Ommatotriton vittatus"		SPECIES	"Triturus vittatus (Gray, 1835)"	"Triturus vittatus"	Herre	RU	"the Caucasus, Sochi"		PRESENT		c14b9ce2-9545-4376-8a3b-6741558c256a	43.6	39.73028	8.0										2431812	2431811	OCCURRENCE	ZIN	ZISP	03266.6			1935-01-01T00:00:00	CC_BY_NC_4_0		"Delvig V."			2026-06-12T08:23:06.252Z		BASIS_OF_RECORD_INVALID;RECORDED_DATE_MISMATCH;RECORDED_DATE_INVALID;COUNTRY_DERIVED_FROM_COORDINATES;GEODETIC_DATUM_ASSUMED_WGS84;CONTINENT_DERIVED_FROM_COORDINATES
2283469213	7e34ea34-f762-11e1-a439-00145eb45e9a		Animalia	Chordata	Amphibia	Caudata	Salamandridae	Ommatotriton	"Ommatotriton vittatus"		SPECIES	"Triturus vittatus (Gray, 1835)"	"Triturus vittatus"	Herre	RU	"the Caucasian State Reserve, 8 km from the station Dakhovskaya"		PRESENT		c14b9ce2-9545-4376-8a3b-6741558c256a	44.23	40.20306	14.0						1934-09-30	30	9	1934	2431812	2431811	OCCURRENCE	ZIN	ZISP	03470.9			1935-01-01T00:00:00	CC_BY_NC_4_0		Khozatskiy			2026-06-12T08:23:06.314Z		BASIS_OF_RECORD_INVALID;RECORDED_DATE_INVALID;COUNTRY_DERIVED_FROM_COORDINATES;GEODETIC_DATUM_ASSUMED_WGS84;CONTINENT_DERIVED_FROM_COORDINATES
2283469311	7e34ea34-f762-11e1-a439-00145eb45e9a		Animalia	Chordata	Amphibia	Caudata	Salamandridae	Ommatotriton	"Ommatotriton vittatus"		SPECIES	"Triturus vittatus (Gray, 1835)"	"Triturus vittatus"	Herre	GE	Bakuriani		PRESENT		c14b9ce2-9545-4376-8a3b-6741558c256a	41.74972	43.5325	4.0						1949-07-04	4	7	1949	2431812	2431811	OCCURRENCE	ZIN	ZISP	03820			1935-01-01T00:00:00	CC_BY_NC_4_0		"Kiryanova E.S."			2026-06-12T08:23:06.606Z		BASIS_OF_RECORD_INVALID;RECORDED_DATE_INVALID;COUNTRY_DERIVED_FROM_COORDINATES;GEODETIC_DATUM_ASSUMED_WGS84;CONTINENT_DERIVED_FROM_COORDINATES
2283470264	7e34ea34-f762-11e1-a439-00145eb45e9a		Animalia	Chordata	Amphibia	Caudata	Salamandridae	Ommatotriton	"Ommatotriton vittatus"		SPECIES	"Triturus vittatus (Gray, 1835)"	"Triturus vittatus"	Herre	GE	Borshom		PRESENT		c14b9ce2-9545-4376-8a3b-6741558c256a	41.8375	43.37917	4.0						1892			1892	2431812	2431811	OCCURRENCE	ZIN	ZISP	01851			1935-01-01T00:00:00	CC_BY_NC_4_0		"Dr. Radde"			2026-06-12T08:23:07.593Z		BASIS_OF_RECORD_INVALID;COUNTRY_DERIVED_FROM_COORDINATES;GEODETIC_DATUM_ASSUMED_WGS84;CONTINENT_DERIVED_FROM_COORDINATES
2283470298	7e34ea34-f762-11e1-a439-00145eb45e9a		Animalia	Chordata	Amphibia	Caudata	Salamandridae	Ommatotriton	"Ommatotriton vittatus"		SPECIES	"Triturus vittatus (Gray, 1835)"	"Triturus vittatus"	Herre	GE	Borzhom		PRESENT		c14b9ce2-9545-4376-8a3b-6741558c256a	41.8375	43.37917	4.0						1893			1893	2431812	2431811	OCCURRENCE	ZIN	ZISP	01945.6			1935-01-01T00:00:00	CC_BY_NC_4_0		Alferaki			2026-06-12T08:23:07.658Z		BASIS_OF_RECORD_INVALID;COUNTRY_DERIVED_FROM_COORDINATES;GEODETIC_DATUM_ASSUMED_WGS84;CONTINENT_DERIVED_FROM_COORDINATES
2283470300	7e34ea34-f762-11e1-a439-00145eb45e9a		Animalia	Chordata	Amphibia	Caudata	Salamandridae	Ommatotriton	"Ommatotriton vittatus"		SPECIES	"Triturus vittatus (Gray, 1835)"	"Triturus vittatus"	Herre	RU	"the Caucasus, Sochi"		PRESENT		c14b9ce2-9545-4376-8a3b-6741558c256a	43.6	39.73028	8.0										2431812	2431811	OCCURRENCE	ZIN	ZISP	03266.8			1935-01-01T00:00:00	CC_BY_NC_4_0		"Delvig V."			2026-06-12T08:23:07.660Z		BASIS_OF_RECORD_INVALID;RECORDED_DATE_MISMATCH;RECORDED_DATE_INVALID;COUNTRY_DERIVED_FROM_COORDINATES;GEODETIC_DATUM_ASSUMED_WGS84;CONTINENT_DERIVED_FROM_COORDINATES
2283470340	7e34ea34-f762-11e1-a439-00145eb45e9a		Animalia	Chordata	Amphibia	Caudata	Salamandridae	Ommatotriton	"Ommatotriton vittatus"		SPECIES	"Triturus vittatus (Gray, 1835)"	"Triturus vittatus"	Herre	RU	"the Caucasian State Reserve, 8 km from the station Dakhovskaya"		PRESENT		c14b9ce2-9545-4376-8a3b-6741558c256a	44.23	40.20306	14.0						1934-09-30	30	9	1934	2431812	2431811	OCCURRENCE	ZIN	ZISP	03470.1			1935-01-01T00:00:00	CC_BY_NC_4_0		Khozatskiy			2026-06-12T08:23:07.741Z		BASIS_OF_RECORD_INVALID;RECORDED_DATE_INVALID;COUNTRY_DERIVED_FROM_COORDINATES;GEODETIC_DATUM_ASSUMED_WGS84;CONTINENT_DERIVED_FROM_COORDINATES
2283470952	7e34ea34-f762-11e1-a439-00145eb45e9a		Animalia	Chordata	Amphibia	Caudata	Salamandridae	Ommatotriton	"Ommatotriton vittatus"		SPECIES	"Triturus vittatus (Gray, 1835)"	"Triturus vittatus"	Herre	GE	Tiflis		PRESENT		c14b9ce2-9545-4376-8a3b-6741558c256a	41.725	44.79083	8.0						1856			1856	2431812	2431811	OCCURRENCE	ZIN	ZISP	00060			1935-01-01T00:00:00	CC_BY_NC_4_0		Bartholomais			2026-06-12T08:23:07.843Z		BASIS_OF_RECORD_INVALID;COUNTRY_DERIVED_FROM_COORDINATES;GEODETIC_DATUM_ASSUMED_WGS84;CONTINENT_DERIVED_FROM_COORDINATES
2283471057	7e34ea34-f762-11e1-a439-00145eb45e9a		Animalia	Chordata	Amphibia	Caudata	Salamandridae	Ommatotriton	"Ommatotriton vittatus"		SPECIES	"Triturus vittatus (Gray, 1835)"	"Triturus vittatus"	Herre	RU	"the Caucasus, Sochi"		PRESENT		c14b9ce2-9545-4376-8a3b-6741558c256a	43.6	39.73028	8.0										2431812	2431811	OCCURRENCE	ZIN	ZISP	03266.9			1935-01-01T00:00:00	CC_BY_NC_4_0		"Delvig V."			2026-06-12T08:23:08.123Z		BASIS_OF_RECORD_INVALID;RECORDED_DATE_MISMATCH;RECORDED_DATE_INVALID;COUNTRY_DERIVED_FROM_COORDINATES;GEODETIC_DATUM_ASSUMED_WGS84;CONTINENT_DERIVED_FROM_COORDINATES
2283471060	7e34ea34-f762-11e1-a439-00145eb45e9a		Animalia	Chordata	Amphibia	Caudata	Salamandridae	Ommatotriton	"Ommatotriton vittatus"		SPECIES	"Triturus vittatus (Gray, 1835)"	"Triturus vittatus"	Herre	GE	Bakuriani		PRESENT		c14b9ce2-9545-4376-8a3b-6741558c256a	41.74972	43.5325	4.0						1949-07-05	5	7	1949	2431812	2431811	OCCURRENCE	ZIN	ZISP	03822.1			1935-01-01T00:00:00	CC_BY_NC_4_0		"Kiryanova E.S."			2026-06-12T08:23:08.128Z		BASIS_OF_RECORD_INVALID;RECORDED_DATE_INVALID;COUNTRY_DERIVED_FROM_COORDINATES;GEODETIC_DATUM_ASSUMED_WGS84;CONTINENT_DERIVED_FROM_COORDINATES
2283471235	7e34ea34-f762-11e1-a439-00145eb45e9a		Animalia	Chordata	Amphibia	Caudata	Salamandridae	Ommatotriton	"Ommatotriton vittatus"		SPECIES	"Triturus vittatus (Gray, 1835)"	"Triturus vittatus"	Herre	RU	"the Caucasian State Reserve, 8 km from the station Dakhovskaya"		PRESENT		c14b9ce2-9545-4376-8a3b-6741558c256a	44.23	40.20306	14.0						1934-09-30	30	9	1934	2431812	2431811	OCCURRENCE	ZIN	ZISP	03470.2			1935-01-01T00:00:00	CC_BY_NC_4_0		Khozatskiy			2026-06-12T08:23:08.541Z		BASIS_OF_RECORD_INVALID;RECORDED_DATE_INVALID;COUNTRY_DERIVED_FROM_COORDINATES;GEODETIC_DATUM_ASSUMED_WGS84;CONTINENT_DERIVED_FROM_COORDINATES
2283471336	7e34ea34-f762-11e1-a439-00145eb45e9a		Animalia	Chordata	Amphibia	Caudata	Salamandridae	Ommatotriton	"Ommatotriton vittatus"		SPECIES	"Triturus vittatus (Gray, 1835)"	"Triturus vittatus"	Herre	RU	"the Caucasus, Sochi"		PRESENT		c14b9ce2-9545-4376-8a3b-6741558c256a	43.6	39.73028	8.0										2431812	2431811	OCCURRENCE	ZIN	ZISP	03266.10			1935-01-01T00:00:00	CC_BY_NC_4_0		"Delvig V."			2026-06-12T08:23:08.761Z		BASIS_OF_RECORD_INVALID;RECORDED_DATE_MISMATCH;RECORDED_DATE_INVALID;COUNTRY_DERIVED_FROM_COORDINATES;GEODETIC_DATUM_ASSUMED_WGS84;CONTINENT_DERIVED_FROM_COORDINATES
2283471359	7e34ea34-f762-11e1-a439-00145eb45e9a		Animalia	Chordata	Amphibia	Caudata	Salamandridae	Ommatotriton	"Ommatotriton vittatus"		SPECIES	"Triturus vittatus (Gray, 1835)"	"Triturus vittatus"	Herre	GE	Borshom		PRESENT		c14b9ce2-9545-4376-8a3b-6741558c256a	41.8375	43.37917	4.0						1892			1892	2431812	2431811	OCCURRENCE	ZIN	ZISP	01852			1935-01-01T00:00:00	CC_BY_NC_4_0		"Dr. Radde"			2026-06-12T08:23:08.802Z		BASIS_OF_RECORD_INVALID;COUNTRY_DERIVED_FROM_COORDINATES;GEODETIC_DATUM_ASSUMED_WGS84;CONTINENT_DERIVED_FROM_COORDINATES
2283471926	7e34ea34-f762-11e1-a439-00145eb45e9a		Animalia	Chordata	Amphibia	Caudata	Salamandridae	Ommatotriton	"Ommatotriton vittatus"		SPECIES	"Triturus vittatus (Gray, 1835)"	"Triturus vittatus"	Herre	GE	Borzhom		PRESENT		c14b9ce2-9545-4376-8a3b-6741558c256a	41.8375	43.37917	4.0						1893			1893	2431812	2431811	OCCURRENCE	ZIN	ZISP	01943			1935-01-01T00:00:00	CC_BY_NC_4_0		Alferaki			2026-06-12T08:23:08.847Z		BASIS_OF_RECORD_INVALID;COUNTRY_DERIVED_FROM_COORDINATES;GEODETIC_DATUM_ASSUMED_WGS84;CONTINENT_DERIVED_FROM_COORDINATES
2283472019	7e34ea34-f762-11e1-a439-00145eb45e9a		Animalia	Chordata	Amphibia	Caudata	Salamandridae	Ommatotriton	"Ommatotriton vittatus"		SPECIES	"Triturus vittatus (Gray, 1835)"	"Triturus vittatus"	Herre	GE	Bakuriani		PRESENT		c14b9ce2-9545-4376-8a3b-6741558c256a	41.74972	43.5325	4.0						1949-07-05	5	7	1949	2431812	2431811	OCCURRENCE	ZIN	ZISP	03822.2			1935-01-01T00:00:00	CC_BY_NC_4_0		"Kiryanova E.S."			2026-06-12T08:23:09.035Z		BASIS_OF_RECORD_INVALID;RECORDED_DATE_INVALID;COUNTRY_DERIVED_FROM_COORDINATES;GEODETIC_DATUM_ASSUMED_WGS84;CONTINENT_DERIVED_FROM_COORDINATES
2283472027	7e34ea34-f762-11e1-a439-00145eb45e9a		Animalia	Chordata	Amphibia	Caudata	Salamandridae	Ommatotriton	"Ommatotriton vittatus"		SPECIES	"Triturus vittatus (Gray, 1835)"	"Triturus vittatus"	Herre	RU	"the Caucasus, Sochi"		PRESENT		c14b9ce2-9545-4376-8a3b-6741558c256a	43.6	39.73028	8.0										2431812	2431811	OCCURRENCE	ZIN	ZISP	03266.11			1935-01-01T00:00:00	CC_BY_NC_4_0		"Delvig V."			2026-06-12T08:23:09.047Z		BASIS_OF_RECORD_INVALID;RECORDED_DATE_MISMATCH;RECORDED_DATE_INVALID;COUNTRY_DERIVED_FROM_COORDINATES;GEODETIC_DATUM_ASSUMED_WGS84;CONTINENT_DERIVED_FROM_COORDINATES
2283472058	7e34ea34-f762-11e1-a439-00145eb45e9a		Animalia	Chordata	Amphibia	Caudata	Salamandridae	Ommatotriton	"Ommatotriton vittatus"		SPECIES	"Triturus vittatus (Gray, 1835)"	"Triturus vittatus"	Herre	RU	"the Caucasian State Reserve, 8 km from the station Dakhovskaya"		PRESENT		c14b9ce2-9545-4376-8a3b-6741558c256a	44.23	40.20306	14.0						1934-09-30	30	9	1934	2431812	2431811	OCCURRENCE	ZIN	ZISP	03470.3			1935-01-01T00:00:00	CC_BY_NC_4_0		Khozatskiy			2026-06-12T08:23:09.104Z		BASIS_OF_RECORD_INVALID;RECORDED_DATE_INVALID;COUNTRY_DERIVED_FROM_COORDINATES;GEODETIC_DATUM_ASSUMED_WGS84;CONTINENT_DERIVED_FROM_COORDINATES
2283472315	7e34ea34-f762-11e1-a439-00145eb45e9a		Animalia	Chordata	Amphibia	Caudata	Salamandridae	Ommatotriton	"Ommatotriton vittatus"		SPECIES	"Triturus vittatus (Gray, 1835)"	"Triturus vittatus"	Herre	GE	Kvarchkhali		PRESENT		c14b9ce2-9545-4376-8a3b-6741558c256a	42.31667	42.16667	2.31						1909-06-22	22	6	1909	2431812	2431811	OCCURRENCE	ZIN	ZISP	02392.1			1935-01-01T00:00:00	CC_BY_NC_4_0		"Nesterov P."			2026-06-12T08:23:09.675Z		BASIS_OF_RECORD_INVALID;RECORDED_DATE_INVALID;COUNTRY_DERIVED_FROM_COORDINATES;GEODETIC_DATUM_ASSUMED_WGS84;CONTINENT_DERIVED_FROM_COORDINATES
3770773755	263bbfe7-f643-43bb-b448-f0705d1c0e18	http://id.zfmk.de/collection_ZFMK/224436035/1511559/842907	Animalia	Chordata	Amphibia	Caudata	Salamandridae	Ommatotriton	"Ommatotriton vittatus"		SPECIES	"Triturus vittatus (Gray, 1835)"	"Triturus vittatus"		SY	Latakia		PRESENT		6e1cad80-bdf5-11d8-84ea-b8a03c50a862	35.5317	35.7901							1979-03-04	4	3	1979	2431812	2431811	PRESERVED_SPECIMEN	ZFMK	HERP	ZFMK-HERP-027506				CC_BY_4_0					2026-06-11T17:37:38.345Z		CONTINENT_DERIVED_FROM_COORDINATES;INSTITUTION_MATCH_FUZZY;INSTITUTION_COLLECTION_MISMATCH
1987113805	8e479b8f-ac16-4bed-a11a-bc7e27c31663	6ba5f211-ec3f-45f1-89b0-08849f972299	Animalia	Chordata	Amphibia	Caudata	Salamandridae	Ommatotriton	"Ommatotriton vittatus"		SPECIES	"Triturus vittatus (Gray, 1835)"	"TRITURUS VITTATUS"		GE	"Borshom caucasus"		PRESENT	2	6ea87510-0561-11d8-b851-b8a03c50a862	41.950846	43.379876	63338.0						1892			1892	2431812	2431811	PRESERVED_SPECIMEN	UMMZ	Herps	127465				CC_BY_4_0	"The Regents of the University of Michigan"	ALPHERAKI			2026-07-01T00:36:09.011Z		
4062979215	50c9509d-22c7-4a22-a47d-8c48425ef4a7	https://www.inaturalist.org/observations/151065374	Animalia	Chordata	Amphibia	Caudata	Salamandridae	Ommatotriton	"Ommatotriton vittatus"		SPECIES	"Ommatotriton vittatus (Gray, 1835)"	"Ommatotriton vittatus"		SY		Lattakia	PRESENT		28eb1a3f-1c15-4a95-931a-4af90ecb574d	35.620596	35.91657	61.0						2023-01-20T13:47	20	1	2023	2431811	2431811	HUMAN_OBSERVATION	iNaturalist	Observations	151065374		"Humam Ghanim"	2023-03-13T20:48:38	CC_BY_NC_4_0	"Humam Ghanim"	"Humam Ghanim"			2026-06-30T21:03:05.594Z	StillImage	COORDINATE_ROUNDED;CONTINENT_DERIVED_FROM_COORDINATES;TAXON_ID_NOT_FOUND
1913203615	50c9509d-22c7-4a22-a47d-8c48425ef4a7	http://www.inaturalist.org/observations/1859692	Animalia	Chordata	Amphibia	Caudata	Salamandridae	Ommatotriton	"Ommatotriton vittatus"		SPECIES	"Ommatotriton vittatus (Gray, 1835)"	"Ommatotriton vittatus"		IL		Golan	PRESENT		28eb1a3f-1c15-4a95-931a-4af90ecb574d	32.979894	35.908971	29039.0						2015-05-06T18:21:22	6	5	2015	2431811	2431811	HUMAN_OBSERVATION	iNaturalist	Observations	1859692		Xavier	2016-05-12T03:51:07	CC_BY_NC_4_0	lirongoren	lirongoren			2026-06-30T21:00:30.469Z	StillImage	COORDINATE_ROUNDED;CONTINENT_DERIVED_FROM_COORDINATES;TAXON_ID_NOT_FOUND
3032099762	50c9509d-22c7-4a22-a47d-8c48425ef4a7	https://www.inaturalist.org/observations/68016976	Animalia	Chordata	Amphibia	Caudata	Salamandridae	Ommatotriton	"Ommatotriton vittatus"		SPECIES	"Ommatotriton vittatus (Gray, 1835)"	"Ommatotriton vittatus"		SY		Tartus	PRESENT		28eb1a3f-1c15-4a95-931a-4af90ecb574d	35.068799	36.051639							2014-12-27T12:10Z	27	12	2014	2431811	2431811	HUMAN_OBSERVATION	iNaturalist	Observations	68016976		"Yaman Omran"	2021-01-13T20:04:17	CC_BY_NC_4_0	"Yaman Omran"	"Yaman Omran"			2026-06-30T20:25:09.724Z	StillImage;StillImage;StillImage;StillImage	CONTINENT_DERIVED_FROM_COORDINATES;TAXON_ID_NOT_FOUND
3032169733	50c9509d-22c7-4a22-a47d-8c48425ef4a7	https://www.inaturalist.org/observations/68018040	Animalia	Chordata	Amphibia	Caudata	Salamandridae	Ommatotriton	"Ommatotriton vittatus"		SPECIES	"Ommatotriton vittatus (Gray, 1835)"	"Ommatotriton vittatus"		SY		Tartus	PRESENT		28eb1a3f-1c15-4a95-931a-4af90ecb574d	35.065902	36.0589							2014-12-28T21:12Z	28	12	2014	2431811	2431811	HUMAN_OBSERVATION	iNaturalist	Observations	68018040		"Yaman Omran"	2021-01-13T20:27:27	CC_BY_NC_4_0	"Yaman Omran"	"Yaman Omran"			2026-06-30T20:25:11.538Z	StillImage;StillImage;StillImage	CONTINENT_DERIVED_FROM_COORDINATES;TAXON_ID_NOT_FOUND
1990488489	50c9509d-22c7-4a22-a47d-8c48425ef4a7	https://www.inaturalist.org/observations/19611243	Animalia	Chordata	Amphibia	Caudata	Salamandridae	Ommatotriton	"Ommatotriton vittatus"		SPECIES	"Ommatotriton vittatus (Gray, 1835)"	"Ommatotriton vittatus"		IL		Golan	PRESENT		28eb1a3f-1c15-4a95-931a-4af90ecb574d	32.954824	35.668006	29039.0						2019-01-13T08:49:25	13	1	2019	2431811	2431811	HUMAN_OBSERVATION	iNaturalist	Observations	19611243		tamarigold	2019-01-13T10:38:54	CC_BY_NC_4_0	tamarigold	tamarigold			2026-06-30T21:00:32.086Z	StillImage	COORDINATE_ROUNDED;CONTINENT_DERIVED_FROM_COORDINATES;TAXON_ID_NOT_FOUND
2963895406	50c9509d-22c7-4a22-a47d-8c48425ef4a7	https://www.inaturalist.org/observations/53289228	Animalia	Chordata	Amphibia	Caudata	Salamandridae	Ommatotriton	"Ommatotriton vittatus"		SPECIES	"Ommatotriton vittatus (Gray, 1835)"	"Ommatotriton vittatus"		IL		HaZafon	PRESENT		28eb1a3f-1c15-4a95-931a-4af90ecb574d	32.862058	35.328989	29039.0						2020-02-18T06:04	18	2	2020	2431811	2431811	HUMAN_OBSERVATION	iNaturalist	Observations	53289228		"Yizhar Amir"	2020-07-17T07:31:48	CC_BY_NC_4_0	"Ivan L. F. Magalhaes"	"Ivan L. F. Magalhaes"			2026-06-30T21:02:57.760Z	StillImage	COORDINATE_ROUNDED;CONTINENT_DERIVED_FROM_COORDINATES;TAXON_ID_NOT_FOUND
4454025701	50c9509d-22c7-4a22-a47d-8c48425ef4a7	https://www.inaturalist.org/observations/192099112	Animalia	Chordata	Amphibia	Caudata	Salamandridae	Ommatotriton	"Ommatotriton vittatus"		SPECIES	"Ommatotriton vittatus (Gray, 1835)"	"Ommatotriton vittatus"		SY		Lattakia	PRESENT		28eb1a3f-1c15-4a95-931a-4af90ecb574d	35.557412	35.811195	61.0						2023-11-25T15:59	25	11	2023	2431811	2431811	HUMAN_OBSERVATION	iNaturalist	Observations	192099112		"Humam Ghanim"	2023-11-25T19:00:45	CC_BY_NC_4_0	"Humam Ghanim"	"Humam Ghanim"			2026-06-30T20:35:44.849Z	StillImage;StillImage	COORDINATE_ROUNDED;CONTINENT_DERIVED_FROM_COORDINATES;TAXON_ID_NOT_FOUND
4067264838	50c9509d-22c7-4a22-a47d-8c48425ef4a7	https://www.inaturalist.org/observations/151189972	Animalia	Chordata	Amphibia	Caudata	Salamandridae	Ommatotriton	"Ommatotriton vittatus"		SPECIES	"Ommatotriton vittatus (Gray, 1835)"	"Ommatotriton vittatus"		SY		Tartus	PRESENT		28eb1a3f-1c15-4a95-931a-4af90ecb574d	34.842397	36.053118	1256.0						2023-03-15T08:51:07	15	3	2023	2431811	2431811	HUMAN_OBSERVATION	iNaturalist	Observations	151189972		"Ali Ali"	2023-03-15T06:20:37	CC_BY_NC_4_0	"Ali Ali"	"Ali Ali"			2026-06-30T21:03:15.255Z	StillImage;StillImage;StillImage;StillImage;StillImage;StillImage;StillImage;StillImage	COORDINATE_ROUNDED;CONTINENT_DERIVED_FROM_COORDINATES;TAXON_ID_NOT_FOUND
4596986410	50c9509d-22c7-4a22-a47d-8c48425ef4a7	https://www.inaturalist.org/observations/201917050	Animalia	Chordata	Amphibia	Caudata	Salamandridae	Ommatotriton	"Ommatotriton vittatus"		SPECIES	"Ommatotriton vittatus (Gray, 1835)"	"Ommatotriton vittatus"		SY		Tartus	PRESENT		28eb1a3f-1c15-4a95-931a-4af90ecb574d	34.840953	35.909513	59.0						2024-03-10T17:09:33	10	3	2024	2431811	2431811	HUMAN_OBSERVATION	iNaturalist	Observations	201917050		"Ali Ali"	2024-03-10T14:10:50	CC_BY_NC_4_0	"Ali Ali"	"Ali Ali"			2026-06-30T20:36:38.451Z	StillImage;StillImage	COORDINATE_ROUNDED;CONTINENT_DERIVED_FROM_COORDINATES;TAXON_ID_NOT_FOUND
4111939778	50c9509d-22c7-4a22-a47d-8c48425ef4a7	https://www.inaturalist.org/observations/160371382	Animalia	Chordata	Amphibia	Caudata	Salamandridae	Ommatotriton	"Ommatotriton vittatus"		SPECIES	"Ommatotriton vittatus (Gray, 1835)"	"Ommatotriton vittatus"		SY		Tartus	PRESENT		28eb1a3f-1c15-4a95-931a-4af90ecb574d	34.839576	36.056053	2707.0						2023-05-07T20:26:05	7	5	2023	2431811	2431811	HUMAN_OBSERVATION	iNaturalist	Observations	160371382		"Ali Ali"	2023-05-07T18:10:54	CC_BY_NC_4_0	"Ali Ali"	"Ali Ali"			2026-06-30T21:03:24.936Z	StillImage;StillImage;StillImage;StillImage	COORDINATE_ROUNDED;CONTINENT_DERIVED_FROM_COORDINATES;TAXON_ID_NOT_FOUND
4438866953	50c9509d-22c7-4a22-a47d-8c48425ef4a7	https://www.inaturalist.org/observations/190119196	Animalia	Chordata	Amphibia	Caudata	Salamandridae	Ommatotriton	"Ommatotriton vittatus"		SPECIES	"Ommatotriton vittatus (Gray, 1835)"	"Ommatotriton vittatus"		IL		"Tel Aviv"	PRESENT		28eb1a3f-1c15-4a95-931a-4af90ecb574d	32.181782	34.829907	29146.0						2022-12-21T20:25:09	21	12	2022	2431811	2431811	HUMAN_OBSERVATION	iNaturalist	Observations	190119196		"Jacques Turner-Moss"	2023-11-05T21:01:55	CC_BY_NC_4_0	"Jacques Turner-Moss"	"Jacques Turner-Moss"			2026-06-30T20:54:08.674Z	StillImage	COORDINATE_ROUNDED;CONTINENT_DERIVED_FROM_COORDINATES;TAXON_ID_NOT_FOUND
3772723068	50c9509d-22c7-4a22-a47d-8c48425ef4a7	https://www.inaturalist.org/observations/114179800	Animalia	Chordata	Amphibia	Caudata	Salamandridae	Ommatotriton	"Ommatotriton vittatus"		SPECIES	"Ommatotriton vittatus (Gray, 1835)"	"Ommatotriton vittatus"		SY		Lattakia	PRESENT		28eb1a3f-1c15-4a95-931a-4af90ecb574d	35.708833	35.929441	4.0						2022-05-01T14:17:28	1	5	2022	2431811	2431811	HUMAN_OBSERVATION	iNaturalist	Observations	114179800		"Diana S Jabbour"	2022-05-01T12:16:38	CC_BY_NC_4_0	"Diana S Jabbour"	"Diana S Jabbour"			2026-06-30T21:28:13.890Z	StillImage;StillImage;StillImage;StillImage;StillImage;StillImage	COORDINATE_ROUNDED;CONTINENT_DERIVED_FROM_COORDINATES;TAXON_ID_NOT_FOUND
4852876728	50c9509d-22c7-4a22-a47d-8c48425ef4a7	https://www.inaturalist.org/observations/208343723	Animalia	Chordata	Amphibia	Caudata	Salamandridae	Ommatotriton	"Ommatotriton vittatus"		SPECIES	"Ommatotriton vittatus (Gray, 1835)"	"Ommatotriton vittatus"		SY		Lattakia	PRESENT		28eb1a3f-1c15-4a95-931a-4af90ecb574d	35.623706	36.15358	61.0						2024-04-20T10:39	20	4	2024	2431811	2431811	HUMAN_OBSERVATION	iNaturalist	Observations	208343723		"Humam Ghanim"	2024-04-20T20:16:09	CC_BY_NC_4_0	"Humam Ghanim"	"Humam Ghanim"			2026-06-30T21:24:18.475Z	StillImage	COORDINATE_ROUNDED;CONTINENT_DERIVED_FROM_COORDINATES;TAXON_ID_NOT_FOUND
3747076389	50c9509d-22c7-4a22-a47d-8c48425ef4a7	https://www.inaturalist.org/observations/71915517	Animalia	Chordata	Amphibia	Caudata	Salamandridae	Ommatotriton	"Ommatotriton vittatus"		SPECIES	"Ommatotriton vittatus (Gray, 1835)"	"Ommatotriton vittatus"		LB		North	PRESENT		28eb1a3f-1c15-4a95-931a-4af90ecb574d	34.206607	35.903214	28846.0						2019-03-09T10:05	9	3	2019	2431811	2431811	HUMAN_OBSERVATION	iNaturalist	Observations	71915517		"Johnny Baakliny"	2021-03-24T01:03:30	CC_BY_NC_4_0	"Johnny Baakliny"	"Johnny Baakliny"			2026-06-30T21:11:05.066Z	StillImage	COORDINATE_ROUNDED;CONTINENT_DERIVED_FROM_COORDINATES;TAXON_ID_NOT_FOUND
2999105841	50c9509d-22c7-4a22-a47d-8c48425ef4a7	https://www.inaturalist.org/observations/66204630	Animalia	Chordata	Amphibia	Caudata	Salamandridae	Ommatotriton	"Ommatotriton vittatus"		SPECIES	"Ommatotriton vittatus (Gray, 1835)"	"Ommatotriton vittatus"		IL		Golan	PRESENT		28eb1a3f-1c15-4a95-931a-4af90ecb574d	32.931224	35.687793	29039.0						2020-12-06T18:35:46	6	12	2020	2431811	2431811	HUMAN_OBSERVATION	iNaturalist	Observations	66204630		laotriton	2020-12-07T14:16:51	CC_BY_NC_4_0	"Uriah Resheff"	"Uriah Resheff"			2026-06-30T20:24:56.954Z	StillImage;StillImage;StillImage	COORDINATE_ROUNDED;CONTINENT_DERIVED_FROM_COORDINATES;TAXON_ID_NOT_FOUND
3499389796	50c9509d-22c7-4a22-a47d-8c48425ef4a7	https://www.inaturalist.org/observations/106622248	Animalia	Chordata	Amphibia	Caudata	Salamandridae	Ommatotriton	"Ommatotriton vittatus"		SPECIES	"Ommatotriton vittatus (Gray, 1835)"	"Ommatotriton vittatus"		SY		Lattakia	PRESENT		28eb1a3f-1c15-4a95-931a-4af90ecb574d	35.768669	35.873793	61.0						2022-02-09T14:41	9	2	2022	2431811	2431811	HUMAN_OBSERVATION	iNaturalist	Observations	106622248		"M. Salimeh"	2022-02-12T18:45:13	CC_BY_NC_4_0	"M. Salimeh"	"M. Salimeh"			2026-06-30T21:21:20.846Z	StillImage	COORDINATE_ROUNDED;CONTINENT_DERIVED_FROM_COORDINATES;TAXON_ID_NOT_FOUND
5007452007	50c9509d-22c7-4a22-a47d-8c48425ef4a7	https://www.inaturalist.org/observations/255302230	Animalia	Chordata	Amphibia	Caudata	Salamandridae	Ommatotriton	"Ommatotriton vittatus"		SPECIES	"Ommatotriton vittatus (Gray, 1835)"	"Ommatotriton vittatus"		SY		Lattakia	PRESENT		28eb1a3f-1c15-4a95-931a-4af90ecb574d	35.540777	35.827924	488.0						2024-12-16T10:37	16	12	2024	2431811	2431811	HUMAN_OBSERVATION	iNaturalist	Observations	255302230		"M. Salimeh"	2024-12-16T16:31:09	CC_BY_NC_4_0	"M. Salimeh"	"M. Salimeh"			2026-06-30T21:16:11.473Z	StillImage	COORDINATE_ROUNDED;CONTINENT_DERIVED_FROM_COORDINATES;TAXON_ID_NOT_FOUND
4936519334	50c9509d-22c7-4a22-a47d-8c48425ef4a7	https://www.inaturalist.org/observations/237084586	Animalia	Chordata	Amphibia	Caudata	Salamandridae	Ommatotriton	"Ommatotriton vittatus"		SPECIES	"Ommatotriton vittatus (Gray, 1835)"	"Ommatotriton vittatus"		IL		"Tel Aviv"	PRESENT		28eb1a3f-1c15-4a95-931a-4af90ecb574d	32.000381	34.960047	29146.0						2020-11-11T23:57	11	11	2020	2431811	2431811	HUMAN_OBSERVATION	iNaturalist	Observations	237084586		"Rafi Amar"	2024-08-21T11:58:44	CC_BY_NC_4_0	"Rafi Amar"	"Rafi Amar"			2026-06-30T20:38:56.204Z	StillImage;StillImage	COORDINATE_ROUNDED;CONTINENT_DERIVED_FROM_COORDINATES;TAXON_ID_NOT_FOUND
6413596362	50c9509d-22c7-4a22-a47d-8c48425ef4a7	https://www.inaturalist.org/observations/183152867	Animalia	Chordata	Amphibia	Caudata	Salamandridae	Ommatotriton	"Ommatotriton vittatus"		SPECIES	"Ommatotriton vittatus (Gray, 1835)"	"Ommatotriton vittatus"		IL		HaZafon	PRESENT		28eb1a3f-1c15-4a95-931a-4af90ecb574d	32.451268	35.033763	29093.0						2021-03-27T12:31	27	3	2021	2431811	2431811	HUMAN_OBSERVATION	iNaturalist	Observations	183152867		"Alex Slavenko"	2023-09-14T00:04:52	CC_BY_NC_4_0	"Alex Slavenko"	"Alex Slavenko"			2026-06-30T21:08:17.829Z	StillImage	COORDINATE_ROUNDED;CONTINENT_DERIVED_FROM_COORDINATES;TAXON_ID_NOT_FOUND
5087840202	50c9509d-22c7-4a22-a47d-8c48425ef4a7	https://www.inaturalist.org/observations/265266867	Animalia	Chordata	Amphibia	Caudata	Salamandridae	Ommatotriton	"Ommatotriton vittatus"		SPECIES	"Ommatotriton vittatus (Gray, 1835)"	"Ommatotriton vittatus cilicensis"		TR		Mersin	PRESENT		28eb1a3f-1c15-4a95-931a-4af90ecb574d	36.765595	34.893903	977.0						2025-03-14T12:31	14	3	2025	2431811	2431811	HUMAN_OBSERVATION	iNaturalist	Observations	265266867		"Cumali Yeşil"	2025-03-14T11:10:29	CC_BY_NC_4_0	"Cumali Yeşil"	"Cumali Yeşil"			2026-06-30T20:41:03.048Z	StillImage	COORDINATE_ROUNDED;CONTINENT_DERIVED_FROM_COORDINATES;TAXON_ID_NOT_FOUND;TAXON_MATCH_HIGHERRANK
1257410577	50c9509d-22c7-4a22-a47d-8c48425ef4a7	http://www.inaturalist.org/observations/2743593	Animalia	Chordata	Amphibia	Caudata	Salamandridae	Ommatotriton	"Ommatotriton vittatus"		SPECIES	"Ommatotriton vittatus (Gray, 1835)"	"Ommatotriton vittatus"		IL		Golan	PRESENT		28eb1a3f-1c15-4a95-931a-4af90ecb574d	33.069149	35.685551	29012.0						2016-03-04	4	3	2016	2431811	2431811	HUMAN_OBSERVATION	iNaturalist	Observations	2743593		"אריאל שמיר"	2016-03-04T16:27:42	CC_BY_NC_4_0	"אריאל שמיר"	"אריאל שמיר"			2026-06-30T21:01:39.335Z	StillImage	COORDINATE_ROUNDED;CONTINENT_DERIVED_FROM_COORDINATES;TAXON_ID_NOT_FOUND
3747027378	50c9509d-22c7-4a22-a47d-8c48425ef4a7	https://www.inaturalist.org/observations/71915519	Animalia	Chordata	Amphibia	Caudata	Salamandridae	Ommatotriton	"Ommatotriton vittatus"		SPECIES	"Ommatotriton vittatus (Gray, 1835)"	"Ommatotriton vittatus"		LB		North	PRESENT		28eb1a3f-1c15-4a95-931a-4af90ecb574d	34.217654	35.953372	28846.0						2019-03-09T10:23	9	3	2019	2431811	2431811	HUMAN_OBSERVATION	iNaturalist	Observations	71915519		"Johnny Baakliny"	2021-03-24T01:03:31	CC_BY_NC_4_0	"Johnny Baakliny"	"Johnny Baakliny"			2026-06-30T20:51:23.097Z	StillImage	COORDINATE_ROUNDED;CONTINENT_DERIVED_FROM_COORDINATES;TAXON_ID_NOT_FOUND
1640098196	50c9509d-22c7-4a22-a47d-8c48425ef4a7	https://www.inaturalist.org/observations/7794491	Animalia	Chordata	Amphibia	Caudata	Salamandridae	Ommatotriton	"Ommatotriton vittatus"		SPECIES	"Ommatotriton vittatus (Gray, 1835)"	"Ommatotriton vittatus"		IL		HaZafon	PRESENT		28eb1a3f-1c15-4a95-931a-4af90ecb574d	33.035758	35.592124	29012.0						2014-01-04T11:41	4	1	2014	2431811	2431811	HUMAN_OBSERVATION	iNaturalist	Observations	7794491		"Eliane Küpfer"	2017-09-05T16:58:10	CC_BY_NC_4_0	"Eliane Küpfer"	"Eliane Küpfer"			2026-06-30T20:47:46.021Z	StillImage;StillImage	COORDINATE_ROUNDED;CONTINENT_DERIVED_FROM_COORDINATES;TAXON_ID_NOT_FOUND
4075754124	50c9509d-22c7-4a22-a47d-8c48425ef4a7	https://www.inaturalist.org/observations/151951265	Animalia	Chordata	Amphibia	Caudata	Salamandridae	Ommatotriton	"Ommatotriton vittatus"		SPECIES	"Ommatotriton vittatus (Gray, 1835)"	"Ommatotriton vittatus"		IL		"Tel Aviv"	PRESENT		28eb1a3f-1c15-4a95-931a-4af90ecb574d	32.094274	34.953191	29146.0						2021-01-31T21:41	31	1	2021	2431811	2431811	HUMAN_OBSERVATION	iNaturalist	Observations	151951265		"Jonathan Ben Simon"	2023-03-22T19:04:31	CC_BY_NC_4_0	"Jonathan Ben Simon"	"Jonathan Ben Simon"			2026-06-30T20:32:32.994Z		COORDINATE_ROUNDED;CONTINENT_DERIVED_FROM_COORDINATES;TAXON_ID_NOT_FOUND
4075956816	50c9509d-22c7-4a22-a47d-8c48425ef4a7	https://www.inaturalist.org/observations/152518099	Animalia	Chordata	Amphibia	Caudata	Salamandridae	Ommatotriton	"Ommatotriton vittatus"		SPECIES	"Ommatotriton vittatus (Gray, 1835)"	"Ommatotriton vittatus"		SY		Tartus	PRESENT		28eb1a3f-1c15-4a95-931a-4af90ecb574d	34.847203	36.052533	41.0						2023-03-27T05:26:35	27	3	2023	2431811	2431811	HUMAN_OBSERVATION	iNaturalist	Observations	152518099		"Ali Ali"	2023-03-27T16:19:41	CC_BY_NC_4_0	"Ali Ali"	"Ali Ali"			2026-06-30T21:16:23.442Z	StillImage;StillImage;StillImage	COORDINATE_ROUNDED;CONTINENT_DERIVED_FROM_COORDINATES;TAXON_ID_NOT_FOUND
5088033302	50c9509d-22c7-4a22-a47d-8c48425ef4a7	https://www.inaturalist.org/observations/265266359	Animalia	Chordata	Amphibia	Caudata	Salamandridae	Ommatotriton	"Ommatotriton vittatus"		SPECIES	"Ommatotriton vittatus (Gray, 1835)"	"Ommatotriton vittatus cilicensis"		TR		Mersin	PRESENT		28eb1a3f-1c15-4a95-931a-4af90ecb574d	36.765595	34.893903	977.0						2025-03-14T12:35	14	3	2025	2431811	2431811	HUMAN_OBSERVATION	iNaturalist	Observations	265266359		"Cumali Yeşil"	2025-03-14T11:03:16	CC_BY_NC_4_0	"Cumali Yeşil"	"Cumali Yeşil"			2026-06-30T21:32:27.513Z	StillImage	COORDINATE_ROUNDED;CONTINENT_DERIVED_FROM_COORDINATES;TAXON_ID_NOT_FOUND;TAXON_MATCH_HIGHERRANK
4111817103	50c9509d-22c7-4a22-a47d-8c48425ef4a7	https://www.inaturalist.org/observations/160694613	Animalia	Chordata	Amphibia	Caudata	Salamandridae	Ommatotriton	"Ommatotriton vittatus"		SPECIES	"Ommatotriton vittatus (Gray, 1835)"	"Ommatotriton vittatus"		SY		Lattakia	PRESENT		28eb1a3f-1c15-4a95-931a-4af90ecb574d	35.560364	35.806679	31.0						2023-05-08T15:50	8	5	2023	2431811	2431811	HUMAN_OBSERVATION	iNaturalist	Observations	160694613		"Humam Ghanim"	2023-05-09T05:53:03	CC_BY_NC_4_0	"Humam Ghanim"	"Humam Ghanim"			2026-06-30T21:22:50.930Z	StillImage;StillImage	COORDINATE_ROUNDED;CONTINENT_DERIVED_FROM_COORDINATES;TAXON_ID_NOT_FOUND
2596157156	50c9509d-22c7-4a22-a47d-8c48425ef4a7	https://www.inaturalist.org/observations/41223380	Animalia	Chordata	Amphibia	Caudata	Salamandridae	Ommatotriton	"Ommatotriton vittatus"		SPECIES	"Ommatotriton vittatus (Gray, 1835)"	"Ommatotriton vittatus"		SY		Lattakia	PRESENT		28eb1a3f-1c15-4a95-931a-4af90ecb574d	35.553805	35.807563	122.0						2020-04-02T11:03	2	4	2020	2431811	2431811	HUMAN_OBSERVATION	iNaturalist	Observations	41223380		"M. Salimeh"	2020-04-02T12:10:06	CC_BY_NC_4_0	"M. Salimeh"	"M. Salimeh"			2026-06-30T21:09:02.462Z	StillImage	COORDINATE_ROUNDED;CONTINENT_DERIVED_FROM_COORDINATES;TAXON_ID_NOT_FOUND
4506526088	50c9509d-22c7-4a22-a47d-8c48425ef4a7	https://www.inaturalist.org/observations/194906286	Animalia	Chordata	Amphibia	Caudata	Salamandridae	Ommatotriton	"Ommatotriton vittatus"		SPECIES	"Ommatotriton vittatus (Gray, 1835)"	"Ommatotriton vittatus"		SY		Tartus	PRESENT		28eb1a3f-1c15-4a95-931a-4af90ecb574d	34.859985	36.043047	362.0						2023-12-23T14:03:57	23	12	2023	2431811	2431811	HUMAN_OBSERVATION	iNaturalist	Observations	194906286		"Ali Ali"	2023-12-26T18:01:37	CC_BY_NC_4_0	"Ali Ali"	"Ali Ali"			2026-06-30T21:30:12.298Z	StillImage;StillImage;StillImage;StillImage	COORDINATE_ROUNDED;CONTINENT_DERIVED_FROM_COORDINATES;TAXON_ID_NOT_FOUND
4116429948	50c9509d-22c7-4a22-a47d-8c48425ef4a7	https://www.inaturalist.org/observations/160961693	Animalia	Chordata	Amphibia	Caudata	Salamandridae	Ommatotriton	"Ommatotriton vittatus"		SPECIES	"Ommatotriton vittatus (Gray, 1835)"	"Ommatotriton vittatus"		SY		Lattakia	PRESENT		28eb1a3f-1c15-4a95-931a-4af90ecb574d	35.555822	35.809387	122.0						2023-05-08T10:32	8	5	2023	2431811	2431811	HUMAN_OBSERVATION	iNaturalist	Observations	160961693		"M. Salimeh"	2023-05-10T19:57:52	CC_BY_NC_4_0	"M. Salimeh"	"M. Salimeh"			2026-06-30T20:33:12.869Z	StillImage;StillImage	COORDINATE_ROUNDED;CONTINENT_DERIVED_FROM_COORDINATES;TAXON_ID_NOT_FOUND
4919695140	50c9509d-22c7-4a22-a47d-8c48425ef4a7	https://www.inaturalist.org/observations/231572564	Animalia	Chordata	Amphibia	Caudata	Salamandridae	Ommatotriton	"Ommatotriton vittatus"		SPECIES	"Ommatotriton vittatus (Gray, 1835)"	"Ommatotriton vittatus"		IL		Haifa	PRESENT		28eb1a3f-1c15-4a95-931a-4af90ecb574d	32.64737	35.00732	29066.0						2017-04-04T16:42	4	4	2017	2431811	2431811	HUMAN_OBSERVATION	iNaturalist	Observations	231572564		"Wouter Beukema"	2024-07-25T07:56:35	CC_BY_NC_4_0	"Wouter Beukema"	"Wouter Beukema"			2026-06-30T20:38:36.031Z	StillImage	COORDINATE_ROUNDED;CONTINENT_DERIVED_FROM_COORDINATES;TAXON_ID_NOT_FOUND
3947463554	50c9509d-22c7-4a22-a47d-8c48425ef4a7	https://www.inaturalist.org/observations/139790397	Animalia	Chordata	Amphibia	Caudata	Salamandridae	Ommatotriton	"Ommatotriton vittatus"		SPECIES	"Ommatotriton vittatus (Gray, 1835)"	"Ommatotriton vittatus cilicensis"		TR		Adana	PRESENT		28eb1a3f-1c15-4a95-931a-4af90ecb574d	36.575023	35.38353	5093.0						1993-03-27T20:50	27	3	1993	2431811	2431811	HUMAN_OBSERVATION	iNaturalist	Observations	139790397		"Александръ Тѣневскій"	2023-06-24T10:46:19	CC_BY_NC_4_0	jvdwinden	jvdwinden			2026-06-30T21:18:59.630Z	StillImage;StillImage	COORDINATE_ROUNDED;CONTINENT_DERIVED_FROM_COORDINATES;TAXON_ID_NOT_FOUND;TAXON_MATCH_HIGHERRANK
4062877422	50c9509d-22c7-4a22-a47d-8c48425ef4a7	https://www.inaturalist.org/observations/151145114	Animalia	Chordata	Amphibia	Caudata	Salamandridae	Ommatotriton	"Ommatotriton vittatus"		SPECIES	"Ommatotriton vittatus (Gray, 1835)"	"Ommatotriton vittatus"		IL		"Tel Aviv"	PRESENT		28eb1a3f-1c15-4a95-931a-4af90ecb574d	32.108006	34.909117	29146.0						2023-02-27T20:57	27	2	2023	2431811	2431811	HUMAN_OBSERVATION	iNaturalist	Observations	151145114		"Merav Vonshak"	2023-03-14T19:04:42	CC_BY_NC_4_0	"Merav Vonshak"	"Merav Vonshak"			2026-06-30T21:22:28.428Z	StillImage;StillImage;StillImage;StillImage	COORDINATE_ROUNDED;CONTINENT_DERIVED_FROM_COORDINATES;TAXON_ID_NOT_FOUND
4075592215	50c9509d-22c7-4a22-a47d-8c48425ef4a7	https://www.inaturalist.org/observations/152053272	Animalia	Chordata	Amphibia	Caudata	Salamandridae	Ommatotriton	"Ommatotriton vittatus"		SPECIES	"Ommatotriton vittatus (Gray, 1835)"	"Ommatotriton vittatus"		IL		HaZafon	PRESENT		28eb1a3f-1c15-4a95-931a-4af90ecb574d	32.674383	35.15547	29066.0						2020-03-25T14:38:02	25	3	2020	2431811	2431811	HUMAN_OBSERVATION	iNaturalist	Observations	152053272		"Jonathan Ben Simon"	2023-03-23T18:35:42	CC_BY_NC_4_0	"Jonathan Ben Simon"	"Jonathan Ben Simon"			2026-06-30T21:22:31.603Z		COORDINATE_ROUNDED;CONTINENT_DERIVED_FROM_COORDINATES;TAXON_ID_NOT_FOUND
6274278082	50c9509d-22c7-4a22-a47d-8c48425ef4a7	https://www.inaturalist.org/observations/360518009	Animalia	Chordata	Amphibia	Caudata	Salamandridae	Ommatotriton	"Ommatotriton vittatus"		SPECIES	"Ommatotriton vittatus (Gray, 1835)"	"Ommatotriton vittatus vittatus"		IL		Haifa	PRESENT		28eb1a3f-1c15-4a95-931a-4af90ecb574d	32.487524	35.066266	29093.0						2026-05-11T08:33:29	11	5	2026	2431811	2431811	HUMAN_OBSERVATION	iNaturalist	Observations	360518009		"Noam morad"	2026-05-11T12:50:54	CC_BY_NC_4_0	"Or Prepelizki"	"Or Prepelizki"			2026-06-30T21:29:10.746Z	StillImage;StillImage	COORDINATE_ROUNDED;CONTINENT_DERIVED_FROM_COORDINATES;TAXON_ID_NOT_FOUND;TAXON_MATCH_HIGHERRANK
4129968021	50c9509d-22c7-4a22-a47d-8c48425ef4a7	https://www.inaturalist.org/observations/165383745	Animalia	Chordata	Amphibia	Caudata	Salamandridae	Ommatotriton	"Ommatotriton vittatus"		SPECIES	"Ommatotriton vittatus (Gray, 1835)"	"Ommatotriton vittatus"		SY		Tartus	PRESENT		28eb1a3f-1c15-4a95-931a-4af90ecb574d	34.839769	36.047712	6389.0						2023-06-04T00:09:35	4	6	2023	2431811	2431811	HUMAN_OBSERVATION	iNaturalist	Observations	165383745		"Ali Ali"	2023-06-03T21:12:57	CC_BY_NC_4_0	"Ali Ali"	"Ali Ali"			2026-06-30T20:33:28.185Z	StillImage	COORDINATE_ROUNDED;CONTINENT_DERIVED_FROM_COORDINATES;TAXON_ID_NOT_FOUND
4525136072	50c9509d-22c7-4a22-a47d-8c48425ef4a7	https://www.inaturalist.org/observations/199452029	Animalia	Chordata	Amphibia	Caudata	Salamandridae	Ommatotriton	"Ommatotriton vittatus"		SPECIES	"Ommatotriton vittatus (Gray, 1835)"	"Ommatotriton vittatus"		IL		HaZafon	PRESENT		28eb1a3f-1c15-4a95-931a-4af90ecb574d	32.676038	35.170503	29066.0						2024-01-29T11:50	29	1	2024	2431811	2431811	HUMAN_OBSERVATION	iNaturalist	Observations	199452029		"Shachar Hizkiya"	2024-02-16T12:34:55	CC_BY_NC_4_0	"Shachar Hizkiya"	"Shachar Hizkiya"			2026-06-30T21:23:53.249Z	StillImage;StillImage;StillImage	COORDINATE_ROUNDED;CONTINENT_DERIVED_FROM_COORDINATES;TAXON_ID_NOT_FOUND
4936764240	50c9509d-22c7-4a22-a47d-8c48425ef4a7	https://www.inaturalist.org/observations/237084512	Animalia	Chordata	Amphibia	Caudata	Salamandridae	Ommatotriton	"Ommatotriton vittatus"		SPECIES	"Ommatotriton vittatus (Gray, 1835)"	"Ommatotriton vittatus"		IL		HaZafon	PRESENT		28eb1a3f-1c15-4a95-931a-4af90ecb574d	32.658471	35.110307	29066.0						2021-12-31T10:33	31	12	2021	2431811	2431811	HUMAN_OBSERVATION	iNaturalist	Observations	237084512		"Rafi Amar"	2024-08-21T11:58:26	CC_BY_NC_4_0	"Rafi Amar"	"Rafi Amar"			2026-06-30T20:56:51.968Z	StillImage	COORDINATE_ROUNDED;CONTINENT_DERIVED_FROM_COORDINATES;TAXON_ID_NOT_FOUND
5088045544	50c9509d-22c7-4a22-a47d-8c48425ef4a7	https://www.inaturalist.org/observations/265267077	Animalia	Chordata	Amphibia	Caudata	Salamandridae	Ommatotriton	"Ommatotriton vittatus"		SPECIES	"Ommatotriton vittatus (Gray, 1835)"	"Ommatotriton vittatus cilicensis"		TR		Mersin	PRESENT		28eb1a3f-1c15-4a95-931a-4af90ecb574d	36.765595	34.893903	977.0						2025-03-14T12:30	14	3	2025	2431811	2431811	HUMAN_OBSERVATION	iNaturalist	Observations	265267077		"Cumali Yeşil"	2025-03-14T11:12:51	CC_BY_NC_4_0	"Cumali Yeşil"	"Cumali Yeşil"			2026-06-30T20:57:57.447Z	StillImage	COORDINATE_ROUNDED;CONTINENT_DERIVED_FROM_COORDINATES;TAXON_ID_NOT_FOUND;TAXON_MATCH_HIGHERRANK
4528035142	50c9509d-22c7-4a22-a47d-8c48425ef4a7	https://www.inaturalist.org/observations/200200461	Animalia	Chordata	Amphibia	Caudata	Salamandridae	Ommatotriton	"Ommatotriton vittatus"		SPECIES	"Ommatotriton vittatus (Gray, 1835)"	"Ommatotriton vittatus"		SY		Lattakia	PRESENT		28eb1a3f-1c15-4a95-931a-4af90ecb574d	35.69262	35.976952	122.0						2024-02-23T03:45	23	2	2024	2431811	2431811	HUMAN_OBSERVATION	iNaturalist	Observations	200200461		"M. Salimeh"	2024-02-23T18:02:36	CC_BY_NC_4_0	"M. Salimeh"	"M. Salimeh"			2026-06-30T20:54:45.763Z	StillImage	COORDINATE_ROUNDED;CONTINENT_DERIVED_FROM_COORDINATES;TAXON_ID_NOT_FOUND
5087836073	50c9509d-22c7-4a22-a47d-8c48425ef4a7	https://www.inaturalist.org/observations/265266266	Animalia	Chordata	Amphibia	Caudata	Salamandridae	Ommatotriton	"Ommatotriton vittatus"		SPECIES	"Ommatotriton vittatus (Gray, 1835)"	"Ommatotriton vittatus cilicensis"		TR		Mersin	PRESENT		28eb1a3f-1c15-4a95-931a-4af90ecb574d	36.765595	34.893903	977.0						2025-03-14T12:37	14	3	2025	2431811	2431811	HUMAN_OBSERVATION	iNaturalist	Observations	265266266		"Cumali Yeşil"	2025-03-14T11:01:35	CC_BY_NC_4_0	"Cumali Yeşil"	"Cumali Yeşil"			2026-06-30T21:20:24.311Z	StillImage	COORDINATE_ROUNDED;CONTINENT_DERIVED_FROM_COORDINATES;TAXON_ID_NOT_FOUND;TAXON_MATCH_HIGHERRANK
4062832377	50c9509d-22c7-4a22-a47d-8c48425ef4a7	https://www.inaturalist.org/observations/151145119	Animalia	Chordata	Amphibia	Caudata	Salamandridae	Ommatotriton	"Ommatotriton vittatus"		SPECIES	"Ommatotriton vittatus (Gray, 1835)"	"Ommatotriton vittatus"		IL		"Tel Aviv"	PRESENT		28eb1a3f-1c15-4a95-931a-4af90ecb574d	32.092379	34.825417	29146.0						2023-02-27T21:12	27	2	2023	2431811	2431811	HUMAN_OBSERVATION	iNaturalist	Observations	151145119		"Merav Vonshak"	2023-03-14T19:04:44	CC_BY_NC_4_0	"Merav Vonshak"	"Merav Vonshak"			2026-06-30T20:53:40.316Z	StillImage	COORDINATE_ROUNDED;CONTINENT_DERIVED_FROM_COORDINATES;TAXON_ID_NOT_FOUND
4062717902	50c9509d-22c7-4a22-a47d-8c48425ef4a7	https://www.inaturalist.org/observations/150748059	Animalia	Chordata	Amphibia	Caudata	Salamandridae	Ommatotriton	"Ommatotriton vittatus"		SPECIES	"Ommatotriton vittatus (Gray, 1835)"	"Ommatotriton vittatus"		IL		"Tel Aviv"	PRESENT		28eb1a3f-1c15-4a95-931a-4af90ecb574d	32.178724	34.916719	29146.0						2018-03-14T12:58	14	3	2018	2431811	2431811	HUMAN_OBSERVATION	iNaturalist	Observations	150748059		"Jonathan Ben Simon"	2023-03-10T18:10:14	CC_BY_NC_4_0	"Jonathan Ben Simon"	"Jonathan Ben Simon"			2026-06-30T21:29:14.694Z		COORDINATE_ROUNDED;CONTINENT_DERIVED_FROM_COORDINATES;TAXON_ID_NOT_FOUND
4046651733	50c9509d-22c7-4a22-a47d-8c48425ef4a7	https://www.inaturalist.org/observations/149425165	Animalia	Chordata	Amphibia	Caudata	Salamandridae	Ommatotriton	"Ommatotriton vittatus"		SPECIES	"Ommatotriton vittatus (Gray, 1835)"	"Ommatotriton vittatus"		IL		HaZafon	PRESENT		28eb1a3f-1c15-4a95-931a-4af90ecb574d	33.037714	35.536191	29012.0						2023-02-21T22:20	21	2	2023	2431811	2431811	HUMAN_OBSERVATION	iNaturalist	Observations	149425165		yakov_salaviz	2023-02-22T20:04:03	CC_BY_NC_4_0	yakov_salaviz	yakov_salaviz			2026-06-30T21:29:25.742Z	StillImage	COORDINATE_ROUNDED;CONTINENT_DERIVED_FROM_COORDINATES;TAXON_ID_NOT_FOUND
5087775051	50c9509d-22c7-4a22-a47d-8c48425ef4a7	https://www.inaturalist.org/observations/265267216	Animalia	Chordata	Amphibia	Caudata	Salamandridae	Ommatotriton	"Ommatotriton vittatus"		SPECIES	"Ommatotriton vittatus (Gray, 1835)"	"Ommatotriton vittatus cilicensis"		TR		Mersin	PRESENT		28eb1a3f-1c15-4a95-931a-4af90ecb574d	36.765595	34.893903	977.0						2025-03-14T12:29	14	3	2025	2431811	2431811	HUMAN_OBSERVATION	iNaturalist	Observations	265267216		"Cumali Yeşil"	2025-03-14T11:14:36	CC_BY_NC_4_0	"Cumali Yeşil"	"Cumali Yeşil"			2026-06-30T21:31:41.369Z	StillImage	COORDINATE_ROUNDED;CONTINENT_DERIVED_FROM_COORDINATES;TAXON_ID_NOT_FOUND;TAXON_MATCH_HIGHERRANK
4925865718	50c9509d-22c7-4a22-a47d-8c48425ef4a7	https://www.inaturalist.org/observations/236557498	Animalia	Chordata	Amphibia	Caudata	Salamandridae	Ommatotriton	"Ommatotriton vittatus"		SPECIES	"Ommatotriton vittatus (Gray, 1835)"	"Ommatotriton vittatus"		IL		HaZafon	PRESENT		28eb1a3f-1c15-4a95-931a-4af90ecb574d	32.742928	35.344022	29066.0						2022-02-18T15:49	18	2	2022	2431811	2431811	HUMAN_OBSERVATION	iNaturalist	Observations	236557498		"Rafi Amar"	2024-08-18T18:05:46	CC_BY_NC_4_0	"Rafi Amar"	"Rafi Amar"			2026-06-30T20:38:40.855Z	StillImage	COORDINATE_ROUNDED;CONTINENT_DERIVED_FROM_COORDINATES;TAXON_ID_NOT_FOUND
4034969539	50c9509d-22c7-4a22-a47d-8c48425ef4a7	https://www.inaturalist.org/observations/148779310	Animalia	Chordata	Amphibia	Caudata	Salamandridae	Ommatotriton	"Ommatotriton vittatus"		SPECIES	"Ommatotriton vittatus (Gray, 1835)"	"Ommatotriton vittatus"		IL		HaZafon	PRESENT		28eb1a3f-1c15-4a95-931a-4af90ecb574d	32.568692	35.198206	29093.0						2023-01-20T23:29	20	1	2023	2431811	2431811	HUMAN_OBSERVATION	iNaturalist	Observations	148779310		"Shlomi Levi"	2023-02-14T19:56:16	CC_BY_NC_4_0	"Shlomi Levi"	"Shlomi Levi"			2026-06-30T21:04:42.308Z	StillImage	COORDINATE_ROUNDED;CONTINENT_DERIVED_FROM_COORDINATES;TAXON_ID_NOT_FOUND
3032094131	50c9509d-22c7-4a22-a47d-8c48425ef4a7	https://www.inaturalist.org/observations/68252358	Animalia	Chordata	Amphibia	Caudata	Salamandridae	Ommatotriton	"Ommatotriton vittatus"		SPECIES	"Ommatotriton vittatus (Gray, 1835)"	"Ommatotriton vittatus"		SY		Tartus	PRESENT		28eb1a3f-1c15-4a95-931a-4af90ecb574d	35.069276	36.049817	15.0						2015-01-05T03:43:38	5	1	2015	2431811	2431811	HUMAN_OBSERVATION	iNaturalist	Observations	68252358		"Yaman Omran"	2021-01-18T02:56:17	CC_BY_NC_4_0	"Yaman Omran"	"Yaman Omran"			2026-06-30T21:10:21.277Z	StillImage;StillImage;StillImage;StillImage	COORDINATE_ROUNDED;CONTINENT_DERIVED_FROM_COORDINATES;TAXON_ID_NOT_FOUND
6130985315	50c9509d-22c7-4a22-a47d-8c48425ef4a7	https://www.inaturalist.org/observations/334068135	Animalia	Chordata	Amphibia	Caudata	Salamandridae	Ommatotriton	"Ommatotriton vittatus"		SPECIES	"Ommatotriton vittatus (Gray, 1835)"	"Ommatotriton vittatus vittatus"		IL		Golan	PRESENT		28eb1a3f-1c15-4a95-931a-4af90ecb574d	32.800476	35.605193	29039.0						2026-01-06	6	1	2026	2431811	2431811	HUMAN_OBSERVATION	iNaturalist	Observations	334068135		גיל	2026-01-09T08:41:41	CC_BY_NC_4_0	גיל	גיל			2026-06-30T20:59:05.294Z		COORDINATE_ROUNDED;CONTINENT_DERIVED_FROM_COORDINATES;TAXON_ID_NOT_FOUND;TAXON_MATCH_HIGHERRANK
5087748229	50c9509d-22c7-4a22-a47d-8c48425ef4a7	https://www.inaturalist.org/observations/265266451	Animalia	Chordata	Amphibia	Caudata	Salamandridae	Ommatotriton	"Ommatotriton vittatus"		SPECIES	"Ommatotriton vittatus (Gray, 1835)"	"Ommatotriton vittatus cilicensis"		TR		Mersin	PRESENT		28eb1a3f-1c15-4a95-931a-4af90ecb574d	36.765595	34.893903	977.0						2025-03-14T12:34	14	3	2025	2431811	2431811	HUMAN_OBSERVATION	iNaturalist	Observations	265266451		"Cumali Yeşil"	2025-03-14T11:04:40	CC_BY_NC_4_0	"Cumali Yeşil"	"Cumali Yeşil"			2026-06-30T20:41:04.290Z	StillImage	COORDINATE_ROUNDED;CONTINENT_DERIVED_FROM_COORDINATES;TAXON_ID_NOT_FOUND;TAXON_MATCH_HIGHERRANK
3031779942	50c9509d-22c7-4a22-a47d-8c48425ef4a7	https://www.inaturalist.org/observations/68111604	Animalia	Chordata	Amphibia	Caudata	Salamandridae	Ommatotriton	"Ommatotriton vittatus"		SPECIES	"Ommatotriton vittatus (Gray, 1835)"	"Ommatotriton vittatus"		SY		Lattakia	PRESENT		28eb1a3f-1c15-4a95-931a-4af90ecb574d	35.561551	35.815904	122.0						2021-01-14T13:22	14	1	2021	2431811	2431811	HUMAN_OBSERVATION	iNaturalist	Observations	68111604		"M. Salimeh"	2021-01-15T17:55:40	CC_BY_NC_4_0	"M. Salimeh"	"M. Salimeh"			2026-06-30T21:28:25.893Z	StillImage	COORDINATE_ROUNDED;CONTINENT_DERIVED_FROM_COORDINATES;TAXON_ID_NOT_FOUND
3031706728	50c9509d-22c7-4a22-a47d-8c48425ef4a7	https://www.inaturalist.org/observations/68017601	Animalia	Chordata	Amphibia	Caudata	Salamandridae	Ommatotriton	"Ommatotriton vittatus"		SPECIES	"Ommatotriton vittatus (Gray, 1835)"	"Ommatotriton vittatus"		SY		Tartus	PRESENT		28eb1a3f-1c15-4a95-931a-4af90ecb574d	35.063521	36.051755							2014-12-28T17:04Z	28	12	2014	2431811	2431811	HUMAN_OBSERVATION	iNaturalist	Observations	68017601		"Yaman Omran"	2021-01-13T20:18:45	CC_BY_NC_4_0	"Yaman Omran"	"Yaman Omran"			2026-06-30T21:14:09.968Z	StillImage;StillImage;StillImage	CONTINENT_DERIVED_FROM_COORDINATES;TAXON_ID_NOT_FOUND
4901642374	50c9509d-22c7-4a22-a47d-8c48425ef4a7	https://www.inaturalist.org/observations/223388479	Animalia	Chordata	Amphibia	Caudata	Salamandridae	Ommatotriton	"Ommatotriton vittatus"		SPECIES	"Ommatotriton vittatus (Gray, 1835)"	"Ommatotriton vittatus vittatus"		IL		Haifa	PRESENT		28eb1a3f-1c15-4a95-931a-4af90ecb574d	32.61494	35.122736	29066.0						2012-01-04T10:29:22	4	1	2012	2431811	2431811	HUMAN_OBSERVATION	iNaturalist	Observations	223388479		"Sebastian Voitel"	2024-06-17T18:33:35	CC_BY_NC_4_0	"Sebastian Voitel"	"Sebastian Voitel"			2026-06-30T21:15:09.547Z	StillImage;StillImage;StillImage;StillImage	COORDINATE_ROUNDED;CONTINENT_DERIVED_FROM_COORDINATES;TAXON_ID_NOT_FOUND;TAXON_MATCH_HIGHERRANK
3456153648	50c9509d-22c7-4a22-a47d-8c48425ef4a7	https://www.inaturalist.org/observations/103689604	Animalia	Chordata	Amphibia	Caudata	Salamandridae	Ommatotriton	"Ommatotriton vittatus"		SPECIES	"Ommatotriton vittatus (Gray, 1835)"	"Ommatotriton vittatus"		SY		Lattakia	PRESENT		28eb1a3f-1c15-4a95-931a-4af90ecb574d	35.604164	36.187565	122.0						2021-12-25T12:17	25	12	2021	2431811	2431811	HUMAN_OBSERVATION	iNaturalist	Observations	103689604		"M. Salimeh"	2021-12-26T15:25:22	CC_BY_NC_4_0	"M. Salimeh"	"M. Salimeh"			2026-06-30T21:11:14.086Z	StillImage	COORDINATE_ROUNDED;CONTINENT_DERIVED_FROM_COORDINATES;TAXON_ID_NOT_FOUND
6413897899	50c9509d-22c7-4a22-a47d-8c48425ef4a7	https://www.inaturalist.org/observations/183027081	Animalia	Chordata	Amphibia	Caudata	Salamandridae	Ommatotriton	"Ommatotriton vittatus"		SPECIES	"Ommatotriton vittatus (Gray, 1835)"	"Ommatotriton vittatus"		IL		Golan	PRESENT		28eb1a3f-1c15-4a95-931a-4af90ecb574d	32.811735	35.973374	29039.0						2017-03-12T11:09	12	3	2017	2431811	2431811	HUMAN_OBSERVATION	iNaturalist	Observations	183027081		"Alex Slavenko"	2023-09-13T01:30:22	CC_BY_NC_4_0	"Alex Slavenko"	"Alex Slavenko"			2026-06-30T21:34:11.203Z	StillImage	COORDINATE_ROUNDED;COUNTRY_COORDINATE_MISMATCH;CONTINENT_DERIVED_FROM_COORDINATES;TAXON_ID_NOT_FOUND
5088173347	50c9509d-22c7-4a22-a47d-8c48425ef4a7	https://www.inaturalist.org/observations/265266296	Animalia	Chordata	Amphibia	Caudata	Salamandridae	Ommatotriton	"Ommatotriton vittatus"		SPECIES	"Ommatotriton vittatus (Gray, 1835)"	"Ommatotriton vittatus cilicensis"		TR		Mersin	PRESENT		28eb1a3f-1c15-4a95-931a-4af90ecb574d	36.765595	34.893903	977.0						2025-03-14T12:36	14	3	2025	2431811	2431811	HUMAN_OBSERVATION	iNaturalist	Observations	265266296		"Cumali Yeşil"	2025-03-14T11:02:12	CC_BY_NC_4_0	"Cumali Yeşil"	"Cumali Yeşil"			2026-06-30T20:58:14.875Z	StillImage	COORDINATE_ROUNDED;CONTINENT_DERIVED_FROM_COORDINATES;TAXON_ID_NOT_FOUND;TAXON_MATCH_HIGHERRANK
3985753144	50c9509d-22c7-4a22-a47d-8c48425ef4a7	https://www.inaturalist.org/observations/142214597	Animalia	Chordata	Amphibia	Caudata	Salamandridae	Ommatotriton	"Ommatotriton vittatus"		SPECIES	"Ommatotriton vittatus (Gray, 1835)"	"Ommatotriton vittatus"		IL		Golan	PRESENT		28eb1a3f-1c15-4a95-931a-4af90ecb574d	33.047825	35.696312	29012.0						2022-11-17	17	11	2022	2431811	2431811	HUMAN_OBSERVATION	iNaturalist	Observations	142214597		"אריאל שמיר"	2022-11-17T13:28:45	CC_BY_NC_4_0	"אריאל שמיר"	"אריאל שמיר"			2026-06-30T21:23:21.491Z	StillImage	COORDINATE_ROUNDED;CONTINENT_DERIVED_FROM_COORDINATES;TAXON_ID_NOT_FOUND
4852850506	50c9509d-22c7-4a22-a47d-8c48425ef4a7	https://www.inaturalist.org/observations/208468948	Animalia	Chordata	Amphibia	Caudata	Salamandridae	Ommatotriton	"Ommatotriton vittatus"		SPECIES	"Ommatotriton vittatus (Gray, 1835)"	"Ommatotriton vittatus"		IL		HaMerkaz	PRESENT		28eb1a3f-1c15-4a95-931a-4af90ecb574d	32.174197	34.969479	29146.0						2018-12-21T12:11	21	12	2018	2431811	2431811	HUMAN_OBSERVATION	iNaturalist	Observations	208468948		niravraham	2024-04-21T12:40:52	CC_BY_NC_4_0	niravraham	niravraham			2026-06-30T21:24:34.856Z	StillImage	COORDINATE_ROUNDED;CONTINENT_DERIVED_FROM_COORDINATES;TAXON_ID_NOT_FOUND
4055215349	50c9509d-22c7-4a22-a47d-8c48425ef4a7	https://www.inaturalist.org/observations/150521587	Animalia	Chordata	Amphibia	Caudata	Salamandridae	Ommatotriton	"Ommatotriton vittatus"		SPECIES	"Ommatotriton vittatus (Gray, 1835)"	"Ommatotriton vittatus"		IL		HaZafon	PRESENT		28eb1a3f-1c15-4a95-931a-4af90ecb574d	33.111891	35.487455	29012.0						2017-12-28T12:10	28	12	2017	2431811	2431811	HUMAN_OBSERVATION	iNaturalist	Observations	150521587		"Jonathan Ben Simon"	2023-03-07T21:44:42	CC_BY_NC_4_0	"Jonathan Ben Simon"	"Jonathan Ben Simon"			2026-06-30T20:32:19.083Z		COORDINATE_ROUNDED;CONTINENT_DERIVED_FROM_COORDINATES;TAXON_ID_NOT_FOUND
3994128016	50c9509d-22c7-4a22-a47d-8c48425ef4a7	https://www.inaturalist.org/observations/144110100	Animalia	Chordata	Amphibia	Caudata	Salamandridae	Ommatotriton	"Ommatotriton vittatus"		SPECIES	"Ommatotriton vittatus (Gray, 1835)"	"Ommatotriton vittatus"		IL		"Tel Aviv"	PRESENT		28eb1a3f-1c15-4a95-931a-4af90ecb574d	32.140494	34.858122	29146.0						2019-12-05T20:18:51	5	12	2019	2431811	2431811	HUMAN_OBSERVATION	iNaturalist	Observations	144110100		"Jonathan Ben Simon"	2022-12-10T23:27:00	CC_BY_NC_4_0	"Jonathan Ben Simon"	"Jonathan Ben Simon"			2026-06-30T20:52:28.603Z		COORDINATE_ROUNDED;CONTINENT_DERIVED_FROM_COORDINATES;TAXON_ID_NOT_FOUND
6147398967	50c9509d-22c7-4a22-a47d-8c48425ef4a7	https://www.inaturalist.org/observations/337236244	Animalia	Chordata	Amphibia	Caudata	Salamandridae	Ommatotriton	"Ommatotriton vittatus"		SPECIES	"Ommatotriton vittatus (Gray, 1835)"	"Ommatotriton vittatus"		SY		Lattakia	PRESENT		28eb1a3f-1c15-4a95-931a-4af90ecb574d	35.628043	35.908913	122.0						2026-02-03T17:45	3	2	2026	2431811	2431811	HUMAN_OBSERVATION	iNaturalist	Observations	337236244		"Humam Ghanim"	2026-02-03T19:01:16	CC_BY_NC_4_0	"Humam Ghanim"	"Humam Ghanim"			2026-06-30T21:10:51.138Z	StillImage;StillImage;StillImage;StillImage;StillImage;StillImage;StillImage;StillImage	COORDINATE_ROUNDED;CONTINENT_DERIVED_FROM_COORDINATES;TAXON_ID_NOT_FOUND
4067625967	50c9509d-22c7-4a22-a47d-8c48425ef4a7	https://www.inaturalist.org/observations/151308012	Animalia	Chordata	Amphibia	Caudata	Salamandridae	Ommatotriton	"Ommatotriton vittatus"		SPECIES	"Ommatotriton vittatus (Gray, 1835)"	"Ommatotriton vittatus"		SY		Lattakia	PRESENT		28eb1a3f-1c15-4a95-931a-4af90ecb574d	35.642109	36.001297							2023-03-16T12:11:36	16	3	2023	2431811	2431811	HUMAN_OBSERVATION	iNaturalist	Observations	151308012		"Ali Ali"	2023-03-16T17:15:48	CC_BY_NC_4_0	"Safwan Dawod"	"Safwan Dawod"			2026-06-30T20:32:29.676Z	StillImage	COORDINATE_ROUNDED;CONTINENT_DERIVED_FROM_COORDINATES;TAXON_ID_NOT_FOUND
6171077534	50c9509d-22c7-4a22-a47d-8c48425ef4a7	https://www.inaturalist.org/observations/340171175	Animalia	Chordata	Amphibia	Caudata	Salamandridae	Ommatotriton	"Ommatotriton vittatus"		SPECIES	"Ommatotriton vittatus (Gray, 1835)"	"Ommatotriton vittatus vittatus"		IL		Haifa	PRESENT		28eb1a3f-1c15-4a95-931a-4af90ecb574d	32.616085	35.053353	29066.0						2026-02-20T11:21	20	2	2026	2431811	2431811	HUMAN_OBSERVATION	iNaturalist	Observations	340171175		Theodore	2026-02-25T15:28:55	CC_BY_NC_4_0	Theodore	Theodore			2026-06-30T20:45:38.642Z	StillImage;StillImage;StillImage	COORDINATE_ROUNDED;CONTINENT_DERIVED_FROM_COORDINATES;TAXON_ID_NOT_FOUND;TAXON_MATCH_HIGHERRANK
6188446110	50c9509d-22c7-4a22-a47d-8c48425ef4a7	https://www.inaturalist.org/observations/347042835	Animalia	Chordata	Amphibia	Caudata	Salamandridae	Ommatotriton	"Ommatotriton vittatus"		SPECIES	"Ommatotriton vittatus (Gray, 1835)"	"Ommatotriton vittatus"		TR		Mersin	PRESENT		28eb1a3f-1c15-4a95-931a-4af90ecb574d	36.612171	34.523119	28505.0						2026-04-03T19:29:25	3	4	2026	2431811	2431811	HUMAN_OBSERVATION	iNaturalist	Observations	347042835		andrey_vedenin	2026-04-03T17:38:38	CC_BY_4_0	andrey_vedenin	andrey_vedenin			2026-06-30T20:46:15.705Z		COORDINATE_ROUNDED;CONTINENT_DERIVED_FROM_COORDINATES;TAXON_ID_NOT_FOUND
2557782692	50c9509d-22c7-4a22-a47d-8c48425ef4a7	https://www.inaturalist.org/observations/37553559	Animalia	Chordata	Amphibia	Caudata	Salamandridae	Ommatotriton	"Ommatotriton vittatus"		SPECIES	"Ommatotriton vittatus (Gray, 1835)"	"Ommatotriton vittatus vittatus"		IL		HaZafon	PRESENT		28eb1a3f-1c15-4a95-931a-4af90ecb574d	32.721732	35.222306	29066.0						2020-01-10T20:00	10	1	2020	2431811	2431811	HUMAN_OBSERVATION	iNaturalist	Observations	37553559		Theodore	2024-10-27T10:00:20	CC_BY_NC_4_0	Theodore	Theodore			2026-06-30T21:02:27.594Z	StillImage;StillImage;StillImage	COORDINATE_ROUNDED;CONTINENT_DERIVED_FROM_COORDINATES;TAXON_ID_NOT_FOUND;TAXON_MATCH_HIGHERRANK
4936196673	50c9509d-22c7-4a22-a47d-8c48425ef4a7	https://www.inaturalist.org/observations/237084509	Animalia	Chordata	Amphibia	Caudata	Salamandridae	Ommatotriton	"Ommatotriton vittatus"		SPECIES	"Ommatotriton vittatus (Gray, 1835)"	"Ommatotriton vittatus"		IL		HaZafon	PRESENT		28eb1a3f-1c15-4a95-931a-4af90ecb574d	32.795835	35.191765	29066.0						2021-12-31T10:14	31	12	2021	2431811	2431811	HUMAN_OBSERVATION	iNaturalist	Observations	237084509		"Rafi Amar"	2024-08-21T11:58:26	CC_BY_NC_4_0	"Rafi Amar"	"Rafi Amar"			2026-06-30T21:31:43.907Z	StillImage	COORDINATE_ROUNDED;CONTINENT_DERIVED_FROM_COORDINATES;TAXON_ID_NOT_FOUND
3712698938	50c9509d-22c7-4a22-a47d-8c48425ef4a7	https://www.inaturalist.org/observations/108192261	Animalia	Chordata	Amphibia	Caudata	Salamandridae	Ommatotriton	"Ommatotriton vittatus"		SPECIES	"Ommatotriton vittatus (Gray, 1835)"	"Ommatotriton vittatus"		IL		Haifa	PRESENT		28eb1a3f-1c15-4a95-931a-4af90ecb574d	32.424089	34.950921	29093.0						2022-03-08T14:05:30	8	3	2022	2431811	2431811	HUMAN_OBSERVATION	iNaturalist	Observations	108192261		"Itai Grisaru"	2022-03-08T19:43:46	CC_BY_NC_4_0	"Itai Grisaru"	"Itai Grisaru"			2026-06-30T21:15:22.079Z	StillImage	COORDINATE_ROUNDED;CONTINENT_DERIVED_FROM_COORDINATES;TAXON_ID_NOT_FOUND
4519167500	50c9509d-22c7-4a22-a47d-8c48425ef4a7	https://www.inaturalist.org/observations/198136110	Animalia	Chordata	Amphibia	Caudata	Salamandridae	Ommatotriton	"Ommatotriton vittatus"		SPECIES	"Ommatotriton vittatus (Gray, 1835)"	"Ommatotriton vittatus"		SY		Tartus	PRESENT		28eb1a3f-1c15-4a95-931a-4af90ecb574d	34.851702	36.056981	293.0						2024-02-01T12:10	1	2	2024	2431811	2431811	HUMAN_OBSERVATION	iNaturalist	Observations	198136110		"Ali Ali"	2024-02-01T15:06:14	CC_BY_NC_4_0	"Ali Ali"	"Ali Ali"			2026-06-30T20:36:28.206Z	StillImage;StillImage;StillImage	COORDINATE_ROUNDED;CONTINENT_DERIVED_FROM_COORDINATES;TAXON_ID_NOT_FOUND
6159645564	50c9509d-22c7-4a22-a47d-8c48425ef4a7	https://www.inaturalist.org/observations/338466023	Animalia	Chordata	Amphibia	Caudata	Salamandridae	Ommatotriton	"Ommatotriton vittatus"		SPECIES	"Ommatotriton vittatus (Gray, 1835)"	"Ommatotriton vittatus vittatus"		IL		"Tel Aviv"	PRESENT		28eb1a3f-1c15-4a95-931a-4af90ecb574d	32.039275	34.805216	29146.0						2026-01-02T22:24	2	1	2026	2431811	2431811	HUMAN_OBSERVATION	iNaturalist	Observations	338466023		ohadba	2026-02-14T09:16:14	CC_BY_NC_4_0	"Jonathan Ben Simon"	"Jonathan Ben Simon"			2026-06-30T21:35:49.289Z		COORDINATE_ROUNDED;CONTINENT_DERIVED_FROM_COORDINATES;TAXON_ID_NOT_FOUND;TAXON_MATCH_HIGHERRANK
6147280373	50c9509d-22c7-4a22-a47d-8c48425ef4a7	https://www.inaturalist.org/observations/337453411	Animalia	Chordata	Amphibia	Caudata	Salamandridae	Ommatotriton	"Ommatotriton vittatus"		SPECIES	"Ommatotriton vittatus (Gray, 1835)"	"Ommatotriton vittatus"		SY		Lattakia	PRESENT		28eb1a3f-1c15-4a95-931a-4af90ecb574d	35.629086	35.908697	244.0						2026-02-05T15:56	5	2	2026	2431811	2431811	HUMAN_OBSERVATION	iNaturalist	Observations	337453411		"Humam Ghanim"	2026-02-05T17:58:17	CC_BY_NC_4_0	"Humam Ghanim"	"Humam Ghanim"			2026-06-30T21:18:26.401Z	StillImage;StillImage	COORDINATE_ROUNDED;CONTINENT_DERIVED_FROM_COORDINATES;TAXON_ID_NOT_FOUND
5087459388	50c9509d-22c7-4a22-a47d-8c48425ef4a7	https://www.inaturalist.org/observations/263886328	Animalia	Chordata	Amphibia	Caudata	Salamandridae	Ommatotriton	"Ommatotriton vittatus"		SPECIES	"Ommatotriton vittatus (Gray, 1835)"	"Ommatotriton vittatus vittatus"		IL		HaZafon	PRESENT		28eb1a3f-1c15-4a95-931a-4af90ecb574d	32.462945	35.366639	29093.0						2025-02-28T13:16	28	2	2025	2431811	2431811	HUMAN_OBSERVATION	iNaturalist	Observations	263886328		"Noam morad"	2025-03-04T17:17:46	CC_BY_NC_4_0	"Noam morad"	"Noam morad"			2026-06-30T20:40:48.160Z	StillImage;StillImage;StillImage	COORDINATE_ROUNDED;CONTINENT_DERIVED_FROM_COORDINATES;TAXON_ID_NOT_FOUND;TAXON_MATCH_HIGHERRANK
4926116033	50c9509d-22c7-4a22-a47d-8c48425ef4a7	https://www.inaturalist.org/observations/236557500	Animalia	Chordata	Amphibia	Caudata	Salamandridae	Ommatotriton	"Ommatotriton vittatus"		SPECIES	"Ommatotriton vittatus (Gray, 1835)"	"Ommatotriton vittatus"		IL		HaZafon	PRESENT		28eb1a3f-1c15-4a95-931a-4af90ecb574d	32.711831	35.365516	29066.0						2022-03-08T13:59	8	3	2022	2431811	2431811	HUMAN_OBSERVATION	iNaturalist	Observations	236557500		"Rafi Amar"	2024-08-18T18:05:46	CC_BY_NC_4_0	"Rafi Amar"	"Rafi Amar"			2026-06-30T20:56:48.967Z	StillImage	COORDINATE_ROUNDED;CONTINENT_DERIVED_FROM_COORDINATES;TAXON_ID_NOT_FOUND
2620185447	50c9509d-22c7-4a22-a47d-8c48425ef4a7	https://www.inaturalist.org/observations/44588665	Animalia	Chordata	Amphibia	Caudata	Salamandridae	Ommatotriton	"Ommatotriton vittatus"		SPECIES	"Ommatotriton vittatus (Gray, 1835)"	"Ommatotriton vittatus"		IL		Haifa	PRESENT		28eb1a3f-1c15-4a95-931a-4af90ecb574d	32.419937	34.834086	29093.0						2020-05-02T07:34	2	5	2020	2431811	2431811	HUMAN_OBSERVATION	iNaturalist	Observations	44588665		"Yizhar Amir"	2020-05-02T14:26:21	CC_BY_NC_4_0	"Yizhar Amir"	"Yizhar Amir"			2026-06-30T21:02:26.207Z	StillImage	COORDINATE_ROUNDED;CONTINENT_DERIVED_FROM_COORDINATES;TAXON_ID_NOT_FOUND
6352561044	50c9509d-22c7-4a22-a47d-8c48425ef4a7	https://www.inaturalist.org/observations/366879721	Animalia	Chordata	Amphibia	Caudata	Salamandridae	Ommatotriton	"Ommatotriton vittatus"		SPECIES	"Ommatotriton vittatus (Gray, 1835)"	"Ommatotriton vittatus vittatus"		IL		HaZafon	PRESENT		28eb1a3f-1c15-4a95-931a-4af90ecb574d	33.061412	35.475267	29012.0						2026-05-14T20:56	14	5	2026	2431811	2431811	HUMAN_OBSERVATION	iNaturalist	Observations	366879721		"משה נאמן"	2026-05-31T01:24:13	CC_BY_NC_4_0	"משה נאמן"	"משה נאמן"			2026-06-30T21:11:49.217Z	StillImage	COORDINATE_ROUNDED;CONTINENT_DERIVED_FROM_COORDINATES;TAXON_ID_NOT_FOUND;TAXON_MATCH_HIGHERRANK
4438852376	50c9509d-22c7-4a22-a47d-8c48425ef4a7	https://www.inaturalist.org/observations/189991471	Animalia	Chordata	Amphibia	Caudata	Salamandridae	Ommatotriton	"Ommatotriton vittatus"		SPECIES	"Ommatotriton vittatus (Gray, 1835)"	"Ommatotriton vittatus"		IL		HaZafon	PRESENT		28eb1a3f-1c15-4a95-931a-4af90ecb574d	33.167338	35.39321	29012.0						2022-12-29T10:59:55	29	12	2022	2431811	2431811	HUMAN_OBSERVATION	iNaturalist	Observations	189991471		"Jacques Turner-Moss"	2023-11-04T20:22:14	CC_BY_NC_4_0	"Jacques Turner-Moss"	"Jacques Turner-Moss"			2026-06-30T21:29:55.385Z	StillImage	COORDINATE_ROUNDED;CONTINENT_DERIVED_FROM_COORDINATES;TAXON_ID_NOT_FOUND
3039292422	50c9509d-22c7-4a22-a47d-8c48425ef4a7	https://www.inaturalist.org/observations/69040277	Animalia	Chordata	Amphibia	Caudata	Salamandridae	Ommatotriton	"Ommatotriton vittatus"		SPECIES	"Ommatotriton vittatus (Gray, 1835)"	"Ommatotriton vittatus"		SY		Lattakia	PRESENT		28eb1a3f-1c15-4a95-931a-4af90ecb574d	35.60429	36.187467	61.0						2021-02-01T13:34	1	2	2021	2431811	2431811	HUMAN_OBSERVATION	iNaturalist	Observations	69040277		"M. Salimeh"	2021-02-04T06:29:59	CC_BY_NC_4_0	"M. Salimeh"	"M. Salimeh"			2026-06-30T20:50:29.210Z	StillImage	COORDINATE_ROUNDED;CONTINENT_DERIVED_FROM_COORDINATES;TAXON_ID_NOT_FOUND
6195974143	50c9509d-22c7-4a22-a47d-8c48425ef4a7	https://www.inaturalist.org/observations/349490640	Animalia	Chordata	Amphibia	Caudata	Salamandridae	Ommatotriton	"Ommatotriton vittatus"		SPECIES	"Ommatotriton vittatus (Gray, 1835)"	"Ommatotriton vittatus cilicensis"		TR		Mersin	PRESENT		28eb1a3f-1c15-4a95-931a-4af90ecb574d	36.765595	34.893903	977.0						2026-04-13T10:40	13	4	2026	2431811	2431811	HUMAN_OBSERVATION	iNaturalist	Observations	349490640		"Cumali Yeşil"	2026-04-13T10:49:59	CC_BY_NC_4_0	"Cumali Yeşil"	"Cumali Yeşil"			2026-06-30T21:30:11.619Z	StillImage	COORDINATE_ROUNDED;CONTINENT_DERIVED_FROM_COORDINATES;TAXON_ID_NOT_FOUND;TAXON_MATCH_HIGHERRANK
4067405655	50c9509d-22c7-4a22-a47d-8c48425ef4a7	https://www.inaturalist.org/observations/151866125	Animalia	Chordata	Amphibia	Caudata	Salamandridae	Ommatotriton	"Ommatotriton vittatus"		SPECIES	"Ommatotriton vittatus (Gray, 1835)"	"Ommatotriton vittatus"		SY		Lattakia	PRESENT		28eb1a3f-1c15-4a95-931a-4af90ecb574d	35.594032	36.013653							2023-03-21T13:32:40	21	3	2023	2431811	2431811	HUMAN_OBSERVATION	iNaturalist	Observations	151866125		"Safwan Dawod"	2023-03-21T21:07:34	CC_BY_NC_4_0	"Safwan Dawod"	"Safwan Dawod"			2026-06-30T21:12:51.049Z	StillImage	COORDINATE_ROUNDED;CONTINENT_DERIVED_FROM_COORDINATES;TAXON_ID_NOT_FOUND
1993718765	50c9509d-22c7-4a22-a47d-8c48425ef4a7	https://www.inaturalist.org/observations/19993136	Animalia	Chordata	Amphibia	Caudata	Salamandridae	Ommatotriton	"Ommatotriton vittatus"		SPECIES	"Ommatotriton vittatus (Gray, 1835)"	"Ommatotriton vittatus"		SY		Lattakia	PRESENT		28eb1a3f-1c15-4a95-931a-4af90ecb574d	35.557745	35.814855	244.0						2019-01-30T22:41	30	1	2019	2431811	2431811	HUMAN_OBSERVATION	iNaturalist	Observations	19993136		"M. Salimeh"	2019-01-31T19:54:16	CC_BY_NC_4_0	"M. Salimeh"	"M. Salimeh"			2026-06-30T21:01:58.177Z	StillImage;StillImage;StillImage	COORDINATE_ROUNDED;CONTINENT_DERIVED_FROM_COORDINATES;TAXON_ID_NOT_FOUND
5087775046	50c9509d-22c7-4a22-a47d-8c48425ef4a7	https://www.inaturalist.org/observations/265266721	Animalia	Chordata	Amphibia	Caudata	Salamandridae	Ommatotriton	"Ommatotriton vittatus"		SPECIES	"Ommatotriton vittatus (Gray, 1835)"	"Ommatotriton vittatus cilicensis"		TR		Mersin	PRESENT		28eb1a3f-1c15-4a95-931a-4af90ecb574d	36.765595	34.893903	977.0						2025-03-14T12:32	14	3	2025	2431811	2431811	HUMAN_OBSERVATION	iNaturalist	Observations	265266721		"Cumali Yeşil"	2025-03-14T11:08:28	CC_BY_NC_4_0	"Cumali Yeşil"	"Cumali Yeşil"			2026-06-30T20:56:58.433Z	StillImage	COORDINATE_ROUNDED;CONTINENT_DERIVED_FROM_COORDINATES;TAXON_ID_NOT_FOUND;TAXON_MATCH_HIGHERRANK
3705387630	50c9509d-22c7-4a22-a47d-8c48425ef4a7	https://www.inaturalist.org/observations/107786388	Animalia	Chordata	Amphibia	Caudata	Salamandridae	Ommatotriton	"Ommatotriton vittatus"		SPECIES	"Ommatotriton vittatus (Gray, 1835)"	"Ommatotriton vittatus"		SY		Lattakia	PRESENT		28eb1a3f-1c15-4a95-931a-4af90ecb574d	35.629933	35.907135	61.0						2021-12-21T14:46Z	21	12	2021	2431811	2431811	HUMAN_OBSERVATION	iNaturalist	Observations	107786388		"Humam Ghanim"	2022-03-02T21:52:36	CC_BY_NC_4_0	"Humam Ghanim"	"Humam Ghanim"			2026-06-30T21:02:20.866Z	StillImage	COORDINATE_ROUNDED;CONTINENT_DERIVED_FROM_COORDINATES;TAXON_ID_NOT_FOUND
5088015434	50c9509d-22c7-4a22-a47d-8c48425ef4a7	https://www.inaturalist.org/observations/265266396	Animalia	Chordata	Amphibia	Caudata	Salamandridae	Ommatotriton	"Ommatotriton vittatus"		SPECIES	"Ommatotriton vittatus (Gray, 1835)"	"Ommatotriton vittatus"		TR		Mersin	PRESENT		28eb1a3f-1c15-4a95-931a-4af90ecb574d	36.765595	34.893903	977.0						2025-03-14T12:34	14	3	2025	2431811	2431811	HUMAN_OBSERVATION	iNaturalist	Observations	265266396		"Cumali Yeşil"	2025-03-14T11:03:56	CC_BY_NC_4_0	"Cumali Yeşil"	"Cumali Yeşil"			2026-06-30T21:15:49.374Z	StillImage	COORDINATE_ROUNDED;CONTINENT_DERIVED_FROM_COORDINATES;TAXON_ID_NOT_FOUND
4063033355	50c9509d-22c7-4a22-a47d-8c48425ef4a7	https://www.inaturalist.org/observations/151145118	Animalia	Chordata	Amphibia	Caudata	Salamandridae	Ommatotriton	"Ommatotriton vittatus"		SPECIES	"Ommatotriton vittatus (Gray, 1835)"	"Ommatotriton vittatus"		IL		"Tel Aviv"	PRESENT		28eb1a3f-1c15-4a95-931a-4af90ecb574d	32.053616	34.96021	29146.0						2023-02-27T21:09	27	2	2023	2431811	2431811	HUMAN_OBSERVATION	iNaturalist	Observations	151145118		"Merav Vonshak"	2023-03-14T19:04:43	CC_BY_NC_4_0	"Merav Vonshak"	"Merav Vonshak"			2026-06-30T21:04:37.520Z	StillImage	COORDINATE_ROUNDED;CONTINENT_DERIVED_FROM_COORDINATES;TAXON_ID_NOT_FOUND
4867654421	50c9509d-22c7-4a22-a47d-8c48425ef4a7	https://www.inaturalist.org/observations/216315092	Animalia	Chordata	Amphibia	Caudata	Salamandridae	Ommatotriton	"Ommatotriton vittatus"		SPECIES	"Ommatotriton vittatus (Gray, 1835)"	"Ommatotriton vittatus"		SY		Lattakia	PRESENT		28eb1a3f-1c15-4a95-931a-4af90ecb574d	35.580471	36.215682	61.0						2024-05-17T13:00	17	5	2024	2431811	2431811	HUMAN_OBSERVATION	iNaturalist	Observations	216315092		"M. Salimeh"	2024-05-17T14:50:48	CC_BY_NC_4_0	"M. Salimeh"	"M. Salimeh"			2026-06-30T20:37:33.379Z	StillImage	COORDINATE_ROUNDED;CONTINENT_DERIVED_FROM_COORDINATES;TAXON_ID_NOT_FOUND
6130097679	50c9509d-22c7-4a22-a47d-8c48425ef4a7	https://www.inaturalist.org/observations/335131523	Animalia	Chordata	Amphibia	Caudata	Salamandridae	Ommatotriton	"Ommatotriton vittatus"		SPECIES	"Ommatotriton vittatus (Gray, 1835)"	"Ommatotriton vittatus vittatus"		IL		HaZafon	PRESENT		28eb1a3f-1c15-4a95-931a-4af90ecb574d	32.414934	35.19854	29093.0						2026-01-16T13:46	16	1	2026	2431811	2431811	HUMAN_OBSERVATION	iNaturalist	Observations	335131523		"Chaym Turak"	2026-01-17T23:20:28	CC_BY_NC_4_0	"Chaym Turak"	"Chaym Turak"			2026-06-30T20:59:56.687Z	StillImage;StillImage;StillImage;StillImage;StillImage;StillImage;StillImage	COORDINATE_ROUNDED;CONTINENT_DERIVED_FROM_COORDINATES;TAXON_ID_NOT_FOUND;TAXON_MATCH_HIGHERRANK
1839268263	50c9509d-22c7-4a22-a47d-8c48425ef4a7	https://www.inaturalist.org/observations/11445178	Animalia	Chordata	Amphibia	Caudata	Salamandridae	Ommatotriton	"Ommatotriton vittatus"		SPECIES	"Ommatotriton vittatus (Gray, 1835)"	"Ommatotriton vittatus"		IL		Golan	PRESENT		28eb1a3f-1c15-4a95-931a-4af90ecb574d	32.900151	35.798198	29039.0						2018-04-10T12:37:30	10	4	2018	2431811	2431811	HUMAN_OBSERVATION	iNaturalist	Observations	11445178		"קובי גביש"	2018-04-26T08:03:55	CC0_1_0	"קובי גביש"	"קובי גביש"			2026-06-30T21:08:32.046Z	StillImage	COORDINATE_ROUNDED;CONTINENT_DERIVED_FROM_COORDINATES;TAXON_ID_NOT_FOUND
1880589507	50c9509d-22c7-4a22-a47d-8c48425ef4a7	https://www.inaturalist.org/observations/13853566	Animalia	Chordata	Amphibia	Caudata	Salamandridae	Ommatotriton	"Ommatotriton vittatus"		SPECIES	"Ommatotriton vittatus (Gray, 1835)"	"Ommatotriton vittatus"		IL		Golan	PRESENT		28eb1a3f-1c15-4a95-931a-4af90ecb574d	32.998446	35.652612	29039.0						2018-05-18T09:33:48	18	5	2018	2431811	2431811	HUMAN_OBSERVATION	iNaturalist	Observations	13853566		"איתי מאירס"	2018-06-28T07:39:30	CC_BY_NC_4_0	"אלאור לוי"	"אלאור לוי"			2026-06-30T20:20:59.703Z	StillImage;StillImage;StillImage	COORDINATE_ROUNDED;CONTINENT_DERIVED_FROM_COORDINATES;TAXON_ID_NOT_FOUND
6171034209	50c9509d-22c7-4a22-a47d-8c48425ef4a7	https://www.inaturalist.org/observations/340983515	Animalia	Chordata	Amphibia	Caudata	Salamandridae	Ommatotriton	"Ommatotriton vittatus"		SPECIES	"Ommatotriton vittatus (Gray, 1835)"	"Ommatotriton vittatus"		SY		Tartus	PRESENT		28eb1a3f-1c15-4a95-931a-4af90ecb574d	34.854347	36.006573							2026-03-01	1	3	2026	2431811	2431811	HUMAN_OBSERVATION	iNaturalist	Observations	340983515		"Heba Salhab"	2026-03-02T18:47:11	CC_BY_NC_4_0	"Heba Salhab"	"Heba Salhab"			2026-06-30T21:00:27.415Z	StillImage	COORDINATE_ROUNDED;CONTINENT_DERIVED_FROM_COORDINATES;TAXON_ID_NOT_FOUND
2006059723	50c9509d-22c7-4a22-a47d-8c48425ef4a7	https://www.inaturalist.org/observations/20721295	Animalia	Chordata	Amphibia	Caudata	Salamandridae	Ommatotriton	"Ommatotriton vittatus"		SPECIES	"Ommatotriton vittatus (Gray, 1835)"	"Ommatotriton vittatus"		SY		Lattakia	PRESENT		28eb1a3f-1c15-4a95-931a-4af90ecb574d	35.682351	36.09169	977.0						2019-02-22T07:21	22	2	2019	2431811	2431811	HUMAN_OBSERVATION	iNaturalist	Observations	20721295		"M. Salimeh"	2019-02-24T06:35:16	CC_BY_NC_4_0	"M. Salimeh"	"M. Salimeh"			2026-06-30T21:08:57.863Z	StillImage;StillImage;StillImage	COORDINATE_ROUNDED;CONTINENT_DERIVED_FROM_COORDINATES;TAXON_ID_NOT_FOUND
6195722948	50c9509d-22c7-4a22-a47d-8c48425ef4a7	https://www.inaturalist.org/observations/349490747	Animalia	Chordata	Amphibia	Caudata	Salamandridae	Ommatotriton	"Ommatotriton vittatus"		SPECIES	"Ommatotriton vittatus (Gray, 1835)"	"Ommatotriton vittatus cilicensis"		TR		Mersin	PRESENT		28eb1a3f-1c15-4a95-931a-4af90ecb574d	36.765595	34.893903	977.0						2026-04-13T10:46	13	4	2026	2431811	2431811	HUMAN_OBSERVATION	iNaturalist	Observations	349490747		"Cumali Yeşil"	2026-04-13T10:50:51	CC_BY_NC_4_0	"Cumali Yeşil"	"Cumali Yeşil"			2026-06-30T21:28:38.674Z	StillImage	COORDINATE_ROUNDED;CONTINENT_DERIVED_FROM_COORDINATES;TAXON_ID_NOT_FOUND;TAXON_MATCH_HIGHERRANK
5087955218	50c9509d-22c7-4a22-a47d-8c48425ef4a7	https://www.inaturalist.org/observations/265266552	Animalia	Chordata	Amphibia	Caudata	Salamandridae	Ommatotriton	"Ommatotriton vittatus"		SPECIES	"Ommatotriton vittatus (Gray, 1835)"	"Ommatotriton vittatus cilicensis"		TR		Mersin	PRESENT		28eb1a3f-1c15-4a95-931a-4af90ecb574d	36.765595	34.893903	977.0						2025-03-14T12:32	14	3	2025	2431811	2431811	HUMAN_OBSERVATION	iNaturalist	Observations	265266552		"Cumali Yeşil"	2025-03-14T11:06:17	CC_BY_NC_4_0	"Cumali Yeşil"	"Cumali Yeşil"			2026-06-30T21:32:42.023Z	StillImage	COORDINATE_ROUNDED;CONTINENT_DERIVED_FROM_COORDINATES;TAXON_ID_NOT_FOUND;TAXON_MATCH_HIGHERRANK
4519249063	50c9509d-22c7-4a22-a47d-8c48425ef4a7	https://www.inaturalist.org/observations/198493900	Animalia	Chordata	Amphibia	Caudata	Salamandridae	Ommatotriton	"Ommatotriton vittatus"		SPECIES	"Ommatotriton vittatus (Gray, 1835)"	"Ommatotriton vittatus"		SY		Lattakia	PRESENT		28eb1a3f-1c15-4a95-931a-4af90ecb574d	35.62574	35.906713	31.0						2024-02-05T16:11	5	2	2024	2431811	2431811	HUMAN_OBSERVATION	iNaturalist	Observations	198493900		"Humam Ghanim"	2024-02-05T16:04:44	CC_BY_NC_4_0	"Humam Ghanim"	"Humam Ghanim"			2026-06-30T21:04:10.852Z	StillImage	COORDINATE_ROUNDED;CONTINENT_DERIVED_FROM_COORDINATES;TAXON_ID_NOT_FOUND
4536064422	50c9509d-22c7-4a22-a47d-8c48425ef4a7	https://www.inaturalist.org/observations/201415110	Animalia	Chordata	Amphibia	Caudata	Salamandridae	Ommatotriton	"Ommatotriton vittatus"		SPECIES	"Ommatotriton vittatus (Gray, 1835)"	"Ommatotriton vittatus"		IL		"Tel Aviv"	PRESENT		28eb1a3f-1c15-4a95-931a-4af90ecb574d	32.147562	34.901496	29146.0						2024-02-24T00:27:38	24	2	2024	2431811	2431811	HUMAN_OBSERVATION	iNaturalist	Observations	201415110		"Jonathan Ben Simon"	2024-03-05T22:47:37	CC_BY_NC_4_0	"Jonathan Ben Simon"	"Jonathan Ben Simon"			2026-06-30T21:04:18.952Z		COORDINATE_ROUNDED;CONTINENT_DERIVED_FROM_COORDINATES;TAXON_ID_NOT_FOUND
4936667482	50c9509d-22c7-4a22-a47d-8c48425ef4a7	https://www.inaturalist.org/observations/237084502	Animalia	Chordata	Amphibia	Caudata	Salamandridae	Ommatotriton	"Ommatotriton vittatus"		SPECIES	"Ommatotriton vittatus (Gray, 1835)"	"Ommatotriton vittatus"		IL		HaZafon	PRESENT		28eb1a3f-1c15-4a95-931a-4af90ecb574d	32.783074	35.038603	29066.0						2020-12-31T08:08	31	12	2020	2431811	2431811	HUMAN_OBSERVATION	iNaturalist	Observations	237084502		"Rafi Amar"	2024-08-21T11:58:25	CC_BY_NC_4_0	"Rafi Amar"	"Rafi Amar"			2026-06-30T21:05:05.445Z	StillImage	COORDINATE_ROUNDED;CONTINENT_DERIVED_FROM_COORDINATES;TAXON_ID_NOT_FOUND
4597090752	50c9509d-22c7-4a22-a47d-8c48425ef4a7	https://www.inaturalist.org/observations/202724850	Animalia	Chordata	Amphibia	Caudata	Salamandridae	Ommatotriton	"Ommatotriton vittatus"		SPECIES	"Ommatotriton vittatus (Gray, 1835)"	"Ommatotriton vittatus vittatus"		IL		"Tel Aviv"	PRESENT		28eb1a3f-1c15-4a95-931a-4af90ecb574d	32.192499	34.946472	29146.0						2019-12-06T01:10	6	12	2019	2431811	2431811	HUMAN_OBSERVATION	iNaturalist	Observations	202724850		"Benjamin Monod-Broca"	2024-10-14T12:48:21	CC_BY_NC_4_0	"Jonathan Ben Simon"	"Jonathan Ben Simon"			2026-06-30T21:04:20.886Z		COORDINATE_ROUNDED;CONTINENT_DERIVED_FROM_COORDINATES;TAXON_ID_NOT_FOUND;TAXON_MATCH_HIGHERRANK
5087873357	50c9509d-22c7-4a22-a47d-8c48425ef4a7	https://www.inaturalist.org/observations/265266626	Animalia	Chordata	Amphibia	Caudata	Salamandridae	Ommatotriton	"Ommatotriton vittatus"		SPECIES	"Ommatotriton vittatus (Gray, 1835)"	"Ommatotriton vittatus cilicensis"		TR		Mersin	PRESENT		28eb1a3f-1c15-4a95-931a-4af90ecb574d	36.765595	34.893903	977.0						2025-03-14T12:32	14	3	2025	2431811	2431811	HUMAN_OBSERVATION	iNaturalist	Observations	265266626		"Cumali Yeşil"	2025-03-14T11:07:28	CC_BY_NC_4_0	"Cumali Yeşil"	"Cumali Yeşil"			2026-06-30T21:08:04.673Z	StillImage	COORDINATE_ROUNDED;CONTINENT_DERIVED_FROM_COORDINATES;TAXON_ID_NOT_FOUND;TAXON_MATCH_HIGHERRANK
5063947686	50c9509d-22c7-4a22-a47d-8c48425ef4a7	https://www.inaturalist.org/observations/260887450	Animalia	Chordata	Amphibia	Caudata	Salamandridae	Ommatotriton	"Ommatotriton vittatus"		SPECIES	"Ommatotriton vittatus (Gray, 1835)"	"Ommatotriton vittatus vittatus"		IL		HaZafon	PRESENT		28eb1a3f-1c15-4a95-931a-4af90ecb574d	33.131031	35.283516	29012.0						2025-02-07T12:34:27	7	2	2025	2431811	2431811	HUMAN_OBSERVATION	iNaturalist	Observations	260887450		Theodore	2025-03-20T16:53:44	CC_BY_NC_4_0	"Jacques Turner-Moss"	"Jacques Turner-Moss"			2026-06-30T21:07:36.811Z	StillImage	COORDINATE_ROUNDED;CONTINENT_DERIVED_FROM_COORDINATES;TAXON_ID_NOT_FOUND;TAXON_MATCH_HIGHERRANK
5088015429	50c9509d-22c7-4a22-a47d-8c48425ef4a7	https://www.inaturalist.org/observations/265266143	Animalia	Chordata	Amphibia	Caudata	Salamandridae	Ommatotriton	"Ommatotriton vittatus"		SPECIES	"Ommatotriton vittatus (Gray, 1835)"	"Ommatotriton vittatus cilicensis"		TR		Mersin	PRESENT		28eb1a3f-1c15-4a95-931a-4af90ecb574d	36.765595	34.893903	977.0						2025-03-14T12:37	14	3	2025	2431811	2431811	HUMAN_OBSERVATION	iNaturalist	Observations	265266143		"Cumali Yeşil"	2025-03-14T11:00:06	CC_BY_NC_4_0	"Cumali Yeşil"	"Cumali Yeşil"			2026-06-30T20:56:55.082Z	StillImage	COORDINATE_ROUNDED;CONTINENT_DERIVED_FROM_COORDINATES;TAXON_ID_NOT_FOUND;TAXON_MATCH_HIGHERRANK
6163201474	50c9509d-22c7-4a22-a47d-8c48425ef4a7	https://www.inaturalist.org/observations/339909151	Animalia	Chordata	Amphibia	Caudata	Salamandridae	Ommatotriton	"Ommatotriton vittatus"		SPECIES	"Ommatotriton vittatus (Gray, 1835)"	"Ommatotriton vittatus vittatus"		IL		Haifa	PRESENT		28eb1a3f-1c15-4a95-931a-4af90ecb574d	32.535892	35.140377	29093.0						2026-02-23T13:26:26	23	2	2026	2431811	2431811	HUMAN_OBSERVATION	iNaturalist	Observations	339909151		"Noam morad"	2026-02-24T11:27:39	CC_BY_NC_4_0	einavgil26	einavgil26			2026-06-30T20:45:35.664Z	StillImage;StillImage;StillImage	COORDINATE_ROUNDED;CONTINENT_DERIVED_FROM_COORDINATES;TAXON_ID_NOT_FOUND;TAXON_MATCH_HIGHERRANK
6334085487	50c9509d-22c7-4a22-a47d-8c48425ef4a7	https://www.inaturalist.org/observations/363289434	Animalia	Chordata	Amphibia	Caudata	Salamandridae	Ommatotriton	"Ommatotriton vittatus"		SPECIES	"Ommatotriton vittatus (Gray, 1835)"	"Ommatotriton vittatus vittatus"		IL		Golan	PRESENT		28eb1a3f-1c15-4a95-931a-4af90ecb574d	32.903049	35.729563	29039.0						2026-01-06T11:18	6	1	2026	2431811	2431811	HUMAN_OBSERVATION	iNaturalist	Observations	363289434		mitzpegolanschool	2026-05-20T08:25:32	CC_BY_NC_4_0	mitzpegolanschool	mitzpegolanschool			2026-06-30T21:18:45.866Z	StillImage	COORDINATE_ROUNDED;CONTINENT_DERIVED_FROM_COORDINATES;TAXON_ID_NOT_FOUND;TAXON_MATCH_HIGHERRANK
5088162140	50c9509d-22c7-4a22-a47d-8c48425ef4a7	https://www.inaturalist.org/observations/265266981	Animalia	Chordata	Amphibia	Caudata	Salamandridae	Ommatotriton	"Ommatotriton vittatus"		SPECIES	"Ommatotriton vittatus (Gray, 1835)"	"Ommatotriton vittatus cilicensis"		TR		Mersin	PRESENT		28eb1a3f-1c15-4a95-931a-4af90ecb574d	36.765595	34.893903	977.0						2025-03-14T12:30	14	3	2025	2431811	2431811	HUMAN_OBSERVATION	iNaturalist	Observations	265266981		"Cumali Yeşil"	2025-03-14T11:11:54	CC_BY_NC_4_0	"Cumali Yeşil"	"Cumali Yeşil"			2026-06-30T20:56:57.959Z	StillImage	COORDINATE_ROUNDED;CONTINENT_DERIVED_FROM_COORDINATES;TAXON_ID_NOT_FOUND;TAXON_MATCH_HIGHERRANK
4075804811	50c9509d-22c7-4a22-a47d-8c48425ef4a7	https://www.inaturalist.org/observations/152521379	Animalia	Chordata	Amphibia	Caudata	Salamandridae	Ommatotriton	"Ommatotriton vittatus"		SPECIES	"Ommatotriton vittatus (Gray, 1835)"	"Ommatotriton vittatus"		SY		Tartus	PRESENT		28eb1a3f-1c15-4a95-931a-4af90ecb574d	34.84012	36.053356	45.0						2023-03-27T08:11:05	27	3	2023	2431811	2431811	HUMAN_OBSERVATION	iNaturalist	Observations	152521379		"Ali Ali"	2023-03-27T16:51:14	CC_BY_NC_4_0	"Ali Ali"	"Ali Ali"			2026-06-30T20:53:30.934Z	StillImage;StillImage;StillImage	COORDINATE_ROUNDED;CONTINENT_DERIVED_FROM_COORDINATES;TAXON_ID_NOT_FOUND
3457139596	50c9509d-22c7-4a22-a47d-8c48425ef4a7	https://www.inaturalist.org/observations/104533909	Animalia	Chordata	Amphibia	Caudata	Salamandridae	Ommatotriton	"Ommatotriton vittatus"		SPECIES	"Ommatotriton vittatus (Gray, 1835)"	"Ommatotriton vittatus"		SY		Lattakia	PRESENT		28eb1a3f-1c15-4a95-931a-4af90ecb574d	35.669738	35.939084	122.0						2022-01-06T11:44	6	1	2022	2431811	2431811	HUMAN_OBSERVATION	iNaturalist	Observations	104533909		"M. Salimeh"	2022-01-07T19:54:44	CC_BY_NC_4_0	"M. Salimeh"	"M. Salimeh"			2026-06-30T20:51:36.349Z	StillImage	COORDINATE_ROUNDED;CONTINENT_DERIVED_FROM_COORDINATES;TAXON_ID_NOT_FOUND
4936653686	50c9509d-22c7-4a22-a47d-8c48425ef4a7	https://www.inaturalist.org/observations/237084504	Animalia	Chordata	Amphibia	Caudata	Salamandridae	Ommatotriton	"Ommatotriton vittatus"		SPECIES	"Ommatotriton vittatus (Gray, 1835)"	"Ommatotriton vittatus"		IL		HaZafon	PRESENT		28eb1a3f-1c15-4a95-931a-4af90ecb574d	32.736138	35.195796	29066.0						2020-12-31T08:31	31	12	2020	2431811	2431811	HUMAN_OBSERVATION	iNaturalist	Observations	237084504		"Rafi Amar"	2024-08-21T11:58:25	CC_BY_NC_4_0	"Rafi Amar"	"Rafi Amar"			2026-06-30T20:56:43.959Z	StillImage	COORDINATE_ROUNDED;CONTINENT_DERIVED_FROM_COORDINATES;TAXON_ID_NOT_FOUND
3032121724	50c9509d-22c7-4a22-a47d-8c48425ef4a7	https://www.inaturalist.org/observations/68047546	Animalia	Chordata	Amphibia	Caudata	Salamandridae	Ommatotriton	"Ommatotriton vittatus"		SPECIES	"Ommatotriton vittatus (Gray, 1835)"	"Ommatotriton vittatus"		SY		Tartus	PRESENT		28eb1a3f-1c15-4a95-931a-4af90ecb574d	35.068988	36.048635							2014-04-14T11:46Z	14	4	2014	2431811	2431811	HUMAN_OBSERVATION	iNaturalist	Observations	68047546		"Yaman Omran"	2021-01-14T09:24:35	CC_BY_NC_4_0	"Yaman Omran"	"Yaman Omran"			2026-06-30T21:01:24.201Z	StillImage	CONTINENT_DERIVED_FROM_COORDINATES;TAXON_ID_NOT_FOUND
4597541747	50c9509d-22c7-4a22-a47d-8c48425ef4a7	https://www.inaturalist.org/observations/202721371	Animalia	Chordata	Amphibia	Caudata	Salamandridae	Ommatotriton	"Ommatotriton vittatus"		SPECIES	"Ommatotriton vittatus (Gray, 1835)"	"Ommatotriton vittatus vittatus"		IL		"Tel Aviv"	PRESENT		28eb1a3f-1c15-4a95-931a-4af90ecb574d	32.075651	34.971244	29146.0						2019-12-28T20:37	28	12	2019	2431811	2431811	HUMAN_OBSERVATION	iNaturalist	Observations	202721371		"Benjamin Monod-Broca"	2024-10-14T12:47:25	CC_BY_NC_4_0	"Jonathan Ben Simon"	"Jonathan Ben Simon"			2026-06-30T21:04:16.187Z		COORDINATE_ROUNDED;CONTINENT_DERIVED_FROM_COORDINATES;TAXON_ID_NOT_FOUND;TAXON_MATCH_HIGHERRANK
4851787992	50c9509d-22c7-4a22-a47d-8c48425ef4a7	https://www.inaturalist.org/observations/208301553	Animalia	Chordata	Amphibia	Caudata	Salamandridae	Ommatotriton	"Ommatotriton vittatus"		SPECIES	"Ommatotriton vittatus (Gray, 1835)"	"Ommatotriton vittatus"		SY		Lattakia	PRESENT		28eb1a3f-1c15-4a95-931a-4af90ecb574d	35.635035	36.161416	61.0						2024-04-20T10:08	20	4	2024	2431811	2431811	HUMAN_OBSERVATION	iNaturalist	Observations	208301553		"M. Salimeh"	2024-04-20T16:54:37	CC_BY_NC_4_0	"M. Salimeh"	"M. Salimeh"			2026-06-30T21:24:34.904Z	StillImage	COORDINATE_ROUNDED;CONTINENT_DERIVED_FROM_COORDINATES;TAXON_ID_NOT_FOUND
6188047042	50c9509d-22c7-4a22-a47d-8c48425ef4a7	https://www.inaturalist.org/observations/347628615	Animalia	Chordata	Amphibia	Caudata	Salamandridae	Ommatotriton	"Ommatotriton vittatus"		SPECIES	"Ommatotriton vittatus (Gray, 1835)"	"Ommatotriton vittatus"		SY		Lattakia	PRESENT		28eb1a3f-1c15-4a95-931a-4af90ecb574d	35.674825	35.929231	244.0						2026-04-05T12:27	5	4	2026	2431811	2431811	HUMAN_OBSERVATION	iNaturalist	Observations	347628615		"Humam Ghanim"	2026-04-05T20:26:58	CC_BY_NC_4_0	"Humam Ghanim"	"Humam Ghanim"			2026-06-30T20:59:27.633Z	StillImage	COORDINATE_ROUNDED;CONTINENT_DERIVED_FROM_COORDINATES;TAXON_ID_NOT_FOUND
3499581667	50c9509d-22c7-4a22-a47d-8c48425ef4a7	https://www.inaturalist.org/observations/106622415	Animalia	Chordata	Amphibia	Caudata	Salamandridae	Ommatotriton	"Ommatotriton vittatus"		SPECIES	"Ommatotriton vittatus (Gray, 1835)"	"Ommatotriton vittatus"		SY		Lattakia	PRESENT		28eb1a3f-1c15-4a95-931a-4af90ecb574d	35.780251	35.893845	61.0						2022-02-09T17:27	9	2	2022	2431811	2431811	HUMAN_OBSERVATION	iNaturalist	Observations	106622415		"M. Salimeh"	2022-02-12T18:48:43	CC_BY_NC_4_0	"M. Salimeh"	"M. Salimeh"			2026-06-30T20:51:11.963Z	StillImage;StillImage	COORDINATE_ROUNDED;CONTINENT_DERIVED_FROM_COORDINATES;TAXON_ID_NOT_FOUND
3747090371	50c9509d-22c7-4a22-a47d-8c48425ef4a7	https://www.inaturalist.org/observations/63843079	Animalia	Chordata	Amphibia	Caudata	Salamandridae	Ommatotriton	"Ommatotriton vittatus"		SPECIES	"Ommatotriton vittatus (Gray, 1835)"	"Ommatotriton vittatus"		LB		North	PRESENT		28eb1a3f-1c15-4a95-931a-4af90ecb574d	34.378945	35.611155	28846.0						2019-03-09T10:17Z	9	3	2019	2431811	2431811	HUMAN_OBSERVATION	iNaturalist	Observations	63843079		"Johnny Baakliny"	2020-10-30T20:55:48	CC_BY_NC_4_0	"Johnny Baakliny"	"Johnny Baakliny"			2026-06-30T20:51:23.922Z	StillImage	COORDINATE_ROUNDED;CONTINENT_DERIVED_FROM_COORDINATES;TAXON_ID_NOT_FOUND
4901007299	50c9509d-22c7-4a22-a47d-8c48425ef4a7	https://www.inaturalist.org/observations/223386687	Animalia	Chordata	Amphibia	Caudata	Salamandridae	Ommatotriton	"Ommatotriton vittatus"		SPECIES	"Ommatotriton vittatus (Gray, 1835)"	"Ommatotriton vittatus vittatus"		LB		North	PRESENT		28eb1a3f-1c15-4a95-931a-4af90ecb574d	34.328851	35.879933	28846.0						2023-01-08T13:24:54	8	1	2023	2431811	2431811	HUMAN_OBSERVATION	iNaturalist	Observations	223386687		"Sebastian Voitel"	2024-06-17T18:25:27	CC_BY_NC_4_0	"Sebastian Voitel"	"Sebastian Voitel"			2026-06-30T21:24:38.385Z		COORDINATE_ROUNDED;CONTINENT_DERIVED_FROM_COORDINATES;TAXON_ID_NOT_FOUND;TAXON_MATCH_HIGHERRANK
4063051353	50c9509d-22c7-4a22-a47d-8c48425ef4a7	https://www.inaturalist.org/observations/151145116	Animalia	Chordata	Amphibia	Caudata	Salamandridae	Ommatotriton	"Ommatotriton vittatus"		SPECIES	"Ommatotriton vittatus (Gray, 1835)"	"Ommatotriton vittatus"		IL		"Tel Aviv"	PRESENT		28eb1a3f-1c15-4a95-931a-4af90ecb574d	32.09377	34.83526	29146.0						2023-02-27T21:05	27	2	2023	2431811	2431811	HUMAN_OBSERVATION	iNaturalist	Observations	151145116		"Merav Vonshak"	2023-03-14T19:04:43	CC_BY_NC_4_0	"Merav Vonshak"	"Merav Vonshak"			2026-06-30T21:22:34.666Z	StillImage	COORDINATE_ROUNDED;CONTINENT_DERIVED_FROM_COORDINATES;TAXON_ID_NOT_FOUND
4522754725	50c9509d-22c7-4a22-a47d-8c48425ef4a7	https://www.inaturalist.org/observations/198988604	Animalia	Chordata	Amphibia	Caudata	Salamandridae	Ommatotriton	"Ommatotriton vittatus"		SPECIES	"Ommatotriton vittatus (Gray, 1835)"	"Ommatotriton vittatus"		IL		HaZafon	PRESENT		28eb1a3f-1c15-4a95-931a-4af90ecb574d	32.525813	35.176456	29093.0						2024-02-11T12:49:49	11	2	2024	2431811	2431811	HUMAN_OBSERVATION	iNaturalist	Observations	198988604		barakujman	2024-02-11T10:50:29	CC_BY_NC_4_0	barakujman	barakujman			2026-06-30T20:54:50.347Z	StillImage;StillImage	COORDINATE_ROUNDED;CONTINENT_DERIVED_FROM_COORDINATES;TAXON_ID_NOT_FOUND
4029224477	50c9509d-22c7-4a22-a47d-8c48425ef4a7	https://www.inaturalist.org/observations/147973020	Animalia	Chordata	Amphibia	Caudata	Salamandridae	Ommatotriton	"Ommatotriton vittatus"		SPECIES	"Ommatotriton vittatus (Gray, 1835)"	"Ommatotriton vittatus"		SY		Tartus	PRESENT		28eb1a3f-1c15-4a95-931a-4af90ecb574d	34.850712	36.05209							2023-02-03T15:52	3	2	2023	2431811	2431811	HUMAN_OBSERVATION	iNaturalist	Observations	147973020		"Heba Salhab"	2023-02-03T21:01:06	CC_BY_NC_4_0	"Heba Salhab"	"Heba Salhab"			2026-06-30T20:52:54.407Z	StillImage	COORDINATE_ROUNDED;CONTINENT_DERIVED_FROM_COORDINATES;TAXON_ID_NOT_FOUND
4121307491	50c9509d-22c7-4a22-a47d-8c48425ef4a7	https://www.inaturalist.org/observations/160577034	Animalia	Chordata	Amphibia	Caudata	Salamandridae	Ommatotriton	"Ommatotriton vittatus"		SPECIES	"Ommatotriton vittatus (Gray, 1835)"	"Ommatotriton vittatus"		SY		Tartus	PRESENT		28eb1a3f-1c15-4a95-931a-4af90ecb574d	34.848646	36.045775	560.0						2023-05-08T15:23:11	8	5	2023	2431811	2431811	HUMAN_OBSERVATION	iNaturalist	Observations	160577034		"Ali Ali"	2023-05-08T15:48:39	CC_BY_NC_4_0	"Ali Ali"	"Ali Ali"			2026-06-30T20:53:11.052Z	StillImage	COORDINATE_ROUNDED;CONTINENT_DERIVED_FROM_COORDINATES;TAXON_ID_NOT_FOUND
2529347232	50c9509d-22c7-4a22-a47d-8c48425ef4a7	https://www.inaturalist.org/observations/36615509	Animalia	Chordata	Amphibia	Caudata	Salamandridae	Ommatotriton	"Ommatotriton vittatus"		SPECIES	"Ommatotriton vittatus (Gray, 1835)"	"Ommatotriton vittatus"		SY		Lattakia	PRESENT		28eb1a3f-1c15-4a95-931a-4af90ecb574d	35.788332	35.897981	122.0						2019-12-13T12:30	13	12	2019	2431811	2431811	HUMAN_OBSERVATION	iNaturalist	Observations	36615509		"M. Salimeh"	2019-12-13T13:45:30	CC_BY_NC_4_0	"M. Salimeh"	"M. Salimeh"			2026-06-30T20:49:07.881Z	StillImage	COORDINATE_ROUNDED;CONTINENT_DERIVED_FROM_COORDINATES;TAXON_ID_NOT_FOUND
5076984965	50c9509d-22c7-4a22-a47d-8c48425ef4a7	https://www.inaturalist.org/observations/262580876	Animalia	Chordata	Amphibia	Caudata	Salamandridae	Ommatotriton	"Ommatotriton vittatus"		SPECIES	"Ommatotriton vittatus (Gray, 1835)"	"Ommatotriton vittatus vittatus"		IL		HaZafon	PRESENT		28eb1a3f-1c15-4a95-931a-4af90ecb574d	33.020863	35.375697	29012.0						2025-02-21T10:20:52	21	2	2025	2431811	2431811	HUMAN_OBSERVATION	iNaturalist	Observations	262580876		Theodore	2025-03-20T16:49:16	CC_BY_NC_4_0	"Jonathan Ben Simon"	"Jonathan Ben Simon"			2026-06-30T21:20:29.368Z		COORDINATE_ROUNDED;CONTINENT_DERIVED_FROM_COORDINATES;TAXON_ID_NOT_FOUND;TAXON_MATCH_HIGHERRANK
4127179430	50c9509d-22c7-4a22-a47d-8c48425ef4a7	https://www.inaturalist.org/observations/164506461	Animalia	Chordata	Amphibia	Caudata	Salamandridae	Ommatotriton	"Ommatotriton vittatus"		SPECIES	"Ommatotriton vittatus (Gray, 1835)"	"Ommatotriton vittatus"		SY		Tartus	PRESENT		28eb1a3f-1c15-4a95-931a-4af90ecb574d	34.83943	36.053852	3778.0						2023-05-29T23:46:46	29	5	2023	2431811	2431811	HUMAN_OBSERVATION	iNaturalist	Observations	164506461		"Ali Ali"	2023-05-29T20:59:36	CC_BY_NC_4_0	"Ali Ali"	"Ali Ali"			2026-06-30T20:33:30.741Z	StillImage	COORDINATE_ROUNDED;CONTINENT_DERIVED_FROM_COORDINATES;TAXON_ID_NOT_FOUND
1839262606	50c9509d-22c7-4a22-a47d-8c48425ef4a7	https://www.inaturalist.org/observations/11416545	Animalia	Chordata	Amphibia	Caudata	Salamandridae	Ommatotriton	"Ommatotriton vittatus"		SPECIES	"Ommatotriton vittatus (Gray, 1835)"	"Ommatotriton vittatus"		IL		Golan	PRESENT		28eb1a3f-1c15-4a95-931a-4af90ecb574d	32.992435	35.853616	29039.0						2018-04-10T11:58:27	10	4	2018	2431811	2431811	HUMAN_OBSERVATION	iNaturalist	Observations	11416545		"קובי גביש"	2018-04-25T11:17:51	CC0_1_0	"קובי גביש"	"קובי גביש"			2026-06-30T20:20:49.780Z	StillImage;StillImage	COORDINATE_ROUNDED;CONTINENT_DERIVED_FROM_COORDINATES;TAXON_ID_NOT_FOUND
4901148662	50c9509d-22c7-4a22-a47d-8c48425ef4a7	https://www.inaturalist.org/observations/223389322	Animalia	Chordata	Amphibia	Caudata	Salamandridae	Ommatotriton	"Ommatotriton vittatus"		SPECIES	"Ommatotriton vittatus (Gray, 1835)"	"Ommatotriton vittatus cilicensis"		TR		Mersin	PRESENT		28eb1a3f-1c15-4a95-931a-4af90ecb574d	36.7715	34.486667	2000.0						2010-02-11T20:05:26	11	2	2010	2431811	2431811	HUMAN_OBSERVATION	iNaturalist	Observations	223389322		"Sebastian Voitel"	2024-06-17T18:39:12	CC_BY_NC_4_0	"Sebastian Voitel"	"Sebastian Voitel"			2026-06-30T20:56:02.927Z	StillImage;StillImage;StillImage;StillImage	COORDINATE_ROUNDED;CONTINENT_DERIVED_FROM_COORDINATES;TAXON_ID_NOT_FOUND;TAXON_MATCH_HIGHERRANK
4926181884	50c9509d-22c7-4a22-a47d-8c48425ef4a7	https://www.inaturalist.org/observations/236557496	Animalia	Chordata	Amphibia	Caudata	Salamandridae	Ommatotriton	"Ommatotriton vittatus"		SPECIES	"Ommatotriton vittatus (Gray, 1835)"	"Ommatotriton vittatus"		IL		HaZafon	PRESENT		28eb1a3f-1c15-4a95-931a-4af90ecb574d	32.705729	35.252402	29066.0						2022-02-18T15:46	18	2	2022	2431811	2431811	HUMAN_OBSERVATION	iNaturalist	Observations	236557496		"Rafi Amar"	2024-08-18T18:05:46	CC_BY_NC_4_0	"Rafi Amar"	"Rafi Amar"			2026-06-30T20:55:51.469Z	StillImage	COORDINATE_ROUNDED;CONTINENT_DERIVED_FROM_COORDINATES;TAXON_ID_NOT_FOUND
4528125372	50c9509d-22c7-4a22-a47d-8c48425ef4a7	https://www.inaturalist.org/observations/200654657	Animalia	Chordata	Amphibia	Caudata	Salamandridae	Ommatotriton	"Ommatotriton vittatus"		SPECIES	"Ommatotriton vittatus (Gray, 1835)"	"Ommatotriton vittatus"		SY		Lattakia	PRESENT		28eb1a3f-1c15-4a95-931a-4af90ecb574d	35.591712	36.06423	4.0						2024-02-27T14:09	27	2	2024	2431811	2431811	HUMAN_OBSERVATION	iNaturalist	Observations	200654657		"Humam Ghanim"	2024-02-27T21:07:10	CC_BY_NC_4_0	"Humam Ghanim"	"Humam Ghanim"			2026-06-30T20:55:46.266Z	StillImage	COORDINATE_ROUNDED;CONTINENT_DERIVED_FROM_COORDINATES;TAXON_ID_NOT_FOUND
6234894741	50c9509d-22c7-4a22-a47d-8c48425ef4a7	https://www.inaturalist.org/observations/349728941	Animalia	Chordata	Amphibia	Caudata	Salamandridae	Ommatotriton	"Ommatotriton vittatus"		SPECIES	"Ommatotriton vittatus (Gray, 1835)"	"Ommatotriton vittatus"		SY		Tartus	PRESENT		28eb1a3f-1c15-4a95-931a-4af90ecb574d	34.969344	36.080371	28762.0						2026-04-14T10:11:46	14	4	2026	2431811	2431811	HUMAN_OBSERVATION	iNaturalist	Observations	349728941		"Ali Ali"	2026-04-14T09:02:32	CC_BY_NC_4_0	"Ali Ali"	"Ali Ali"			2026-06-30T20:46:13.896Z	StillImage	COORDINATE_ROUNDED;CONTINENT_DERIVED_FROM_COORDINATES;TAXON_ID_NOT_FOUND
4935660388	50c9509d-22c7-4a22-a47d-8c48425ef4a7	https://www.inaturalist.org/observations/237084513	Animalia	Chordata	Amphibia	Caudata	Salamandridae	Ommatotriton	"Ommatotriton vittatus"		SPECIES	"Ommatotriton vittatus (Gray, 1835)"	"Ommatotriton vittatus"		IL		HaZafon	PRESENT		28eb1a3f-1c15-4a95-931a-4af90ecb574d	32.782669	35.043549	29066.0						2021-12-31T10:53	31	12	2021	2431811	2431811	HUMAN_OBSERVATION	iNaturalist	Observations	237084513		"Rafi Amar"	2024-08-21T11:58:26	CC_BY_NC_4_0	"Rafi Amar"	"Rafi Amar"			2026-06-30T21:05:05.693Z	StillImage	COORDINATE_ROUNDED;CONTINENT_DERIVED_FROM_COORDINATES;TAXON_ID_NOT_FOUND
4536010130	50c9509d-22c7-4a22-a47d-8c48425ef4a7	https://www.inaturalist.org/observations/201279890	Animalia	Chordata	Amphibia	Caudata	Salamandridae	Ommatotriton	"Ommatotriton vittatus"		SPECIES	"Ommatotriton vittatus (Gray, 1835)"	"Ommatotriton vittatus"		SY		Tartus	PRESENT		28eb1a3f-1c15-4a95-931a-4af90ecb574d	34.850948	36.051388							2024-02-29	29	2	2024	2431811	2431811	HUMAN_OBSERVATION	iNaturalist	Observations	201279890		"Heba Salhab"	2024-03-04T18:07:25	CC_BY_NC_4_0	"Heba Salhab"	"Heba Salhab"			2026-06-30T21:30:53.208Z	StillImage	COORDINATE_ROUNDED;CONTINENT_DERIVED_FROM_COORDINATES;TAXON_ID_NOT_FOUND
4597568695	50c9509d-22c7-4a22-a47d-8c48425ef4a7	https://www.inaturalist.org/observations/202721365	Animalia	Chordata	Amphibia	Caudata	Salamandridae	Ommatotriton	"Ommatotriton vittatus"		SPECIES	"Ommatotriton vittatus (Gray, 1835)"	"Ommatotriton vittatus"		IL		"Tel Aviv"	PRESENT		28eb1a3f-1c15-4a95-931a-4af90ecb574d	32.094956	34.811205	29146.0						2019-12-28T18:58	28	12	2019	2431811	2431811	HUMAN_OBSERVATION	iNaturalist	Observations	202721365		"Jonathan Ben Simon"	2024-03-16T21:38:01	CC_BY_NC_4_0	"Jonathan Ben Simon"	"Jonathan Ben Simon"			2026-06-30T21:06:12.693Z		COORDINATE_ROUNDED;CONTINENT_DERIVED_FROM_COORDINATES;TAXON_ID_NOT_FOUND
6162873001	50c9509d-22c7-4a22-a47d-8c48425ef4a7	https://www.inaturalist.org/observations/339421021	Animalia	Chordata	Amphibia	Caudata	Salamandridae	Ommatotriton	"Ommatotriton vittatus"		SPECIES	"Ommatotriton vittatus (Gray, 1835)"	"Ommatotriton vittatus vittatus"		IL		Haifa	PRESENT		28eb1a3f-1c15-4a95-931a-4af90ecb574d	32.610059	35.147217	29066.0						2026-02-20T10:44	20	2	2026	2431811	2431811	HUMAN_OBSERVATION	iNaturalist	Observations	339421021		greenstep_ias	2026-02-20T12:46:32	CC_BY_NC_4_0	greenstep_ias	greenstep_ias			2026-06-30T21:22:23.435Z	StillImage	COORDINATE_ROUNDED;CONTINENT_DERIVED_FROM_COORDINATES;TAXON_ID_NOT_FOUND;TAXON_MATCH_HIGHERRANK
4902002906	50c9509d-22c7-4a22-a47d-8c48425ef4a7	https://www.inaturalist.org/observations/223384834	Animalia	Chordata	Amphibia	Caudata	Salamandridae	Ommatotriton	"Ommatotriton vittatus"		SPECIES	"Ommatotriton vittatus (Gray, 1835)"	"Ommatotriton vittatus vittatus"		LB		North	PRESENT		28eb1a3f-1c15-4a95-931a-4af90ecb574d	34.282197	35.939915	28846.0						2023-01-08T13:25:36	8	1	2023	2431811	2431811	HUMAN_OBSERVATION	iNaturalist	Observations	223384834		"Sebastian Voitel"	2024-06-17T18:17:00	CC_BY_NC_4_0	"Sebastian Voitel"	"Sebastian Voitel"			2026-06-30T21:06:36.215Z		COORDINATE_ROUNDED;CONTINENT_DERIVED_FROM_COORDINATES;TAXON_ID_NOT_FOUND;TAXON_MATCH_HIGHERRANK
4852302658	50c9509d-22c7-4a22-a47d-8c48425ef4a7	https://www.inaturalist.org/observations/208095154	Animalia	Chordata	Amphibia	Caudata	Salamandridae	Ommatotriton	"Ommatotriton vittatus"		SPECIES	"Ommatotriton vittatus (Gray, 1835)"	"Ommatotriton vittatus cilicensis"		TR		Mersin	PRESENT		28eb1a3f-1c15-4a95-931a-4af90ecb574d	36.957169	34.913547	3906.0						2024-04-19T11:01	19	4	2024	2431811	2431811	HUMAN_OBSERVATION	iNaturalist	Observations	208095154		"Balkan Mega"	2024-04-19T16:18:07	CC_BY_NC_4_0	"Cumali Yeşil"	"Cumali Yeşil"			2026-06-30T21:13:59.410Z	StillImage	COORDINATE_ROUNDED;CONTINENT_DERIVED_FROM_COORDINATES;TAXON_ID_NOT_FOUND;TAXON_MATCH_HIGHERRANK
6163104001	50c9509d-22c7-4a22-a47d-8c48425ef4a7	https://www.inaturalist.org/observations/339886328	Animalia	Chordata	Amphibia	Caudata	Salamandridae	Ommatotriton	"Ommatotriton vittatus"		SPECIES	"Ommatotriton vittatus (Gray, 1835)"	"Ommatotriton vittatus vittatus"		IL		Haifa	PRESENT		28eb1a3f-1c15-4a95-931a-4af90ecb574d	32.598144	35.181304	29093.0						2026-02-23T11:06	23	2	2026	2431811	2431811	HUMAN_OBSERVATION	iNaturalist	Observations	339886328		ohadba	2026-02-23T13:40:28	CC_BY_NC_4_0	"Or Prepelizki"	"Or Prepelizki"			2026-06-30T21:18:01.484Z	StillImage	COORDINATE_ROUNDED;CONTINENT_DERIVED_FROM_COORDINATES;TAXON_ID_NOT_FOUND;TAXON_MATCH_HIGHERRANK
4937160963	50c9509d-22c7-4a22-a47d-8c48425ef4a7	https://www.inaturalist.org/observations/237084505	Animalia	Chordata	Amphibia	Caudata	Salamandridae	Ommatotriton	"Ommatotriton vittatus"		SPECIES	"Ommatotriton vittatus (Gray, 1835)"	"Ommatotriton vittatus"		IL		HaZafon	PRESENT		28eb1a3f-1c15-4a95-931a-4af90ecb574d	32.760413	35.180947	29066.0						2021-12-31T10:10	31	12	2021	2431811	2431811	HUMAN_OBSERVATION	iNaturalist	Observations	237084505		"Rafi Amar"	2024-08-21T11:58:25	CC_BY_NC_4_0	"Rafi Amar"	"Rafi Amar"			2026-06-30T21:14:56.698Z	StillImage	COORDINATE_ROUNDED;CONTINENT_DERIVED_FROM_COORDINATES;TAXON_ID_NOT_FOUND
4516485443	50c9509d-22c7-4a22-a47d-8c48425ef4a7	https://www.inaturalist.org/observations/197612292	Animalia	Chordata	Amphibia	Caudata	Salamandridae	Ommatotriton	"Ommatotriton vittatus"		SPECIES	"Ommatotriton vittatus (Gray, 1835)"	"Ommatotriton vittatus"		SY		Lattakia	PRESENT		28eb1a3f-1c15-4a95-931a-4af90ecb574d	35.62698	35.905829	31.0						2024-01-26T12:01	26	1	2024	2431811	2431811	HUMAN_OBSERVATION	iNaturalist	Observations	197612292		"Humam Ghanim"	2024-01-26T15:14:26	CC_BY_NC_4_0	"Humam Ghanim"	"Humam Ghanim"			2026-06-30T21:05:51.621Z	StillImage	COORDINATE_ROUNDED;CONTINENT_DERIVED_FROM_COORDINATES;TAXON_ID_NOT_FOUND
4525216288	50c9509d-22c7-4a22-a47d-8c48425ef4a7	https://www.inaturalist.org/observations/199440256	Animalia	Chordata	Amphibia	Caudata	Salamandridae	Ommatotriton	"Ommatotriton vittatus"		SPECIES	"Ommatotriton vittatus (Gray, 1835)"	"Ommatotriton vittatus"		SY		Tartus	PRESENT		28eb1a3f-1c15-4a95-931a-4af90ecb574d	34.826549	36.063873	187.0						2024-02-15T02:36:55	15	2	2024	2431811	2431811	HUMAN_OBSERVATION	iNaturalist	Observations	199440256		"Ali Ali"	2024-02-16T08:30:42	CC_BY_NC_4_0	"Ali Ali"	"Ali Ali"			2026-06-30T21:18:13.068Z	StillImage	COORDINATE_ROUNDED;CONTINENT_DERIVED_FROM_COORDINATES;TAXON_ID_NOT_FOUND
5101220150	8a863029-f435-446a-821e-275f4f641165	https://observation.org/observation/341065657	Animalia	Chordata	Amphibia	Caudata	Salamandridae	Ommatotriton	"Ommatotriton vittatus"		SPECIES	"Ommatotriton vittatus (Gray, 1835)"	"Ommatotriton vittatus"		TR	Tarsus	Mersin	PRESENT	1	c8d737e0-2ff8-42e8-b8fc-6b805d26fc5f	36.789051	34.922516	611.0						2025-03-14	14	3	2025	2431811	2431811	HUMAN_OBSERVATION							CC_BY_NC_4_0	"Stichting Observation International"	"User 1054821"			2026-06-30T20:30:48.941Z	StillImage	
5101232095	8a863029-f435-446a-821e-275f4f641165	https://observation.org/observation/341065542	Animalia	Chordata	Amphibia	Caudata	Salamandridae	Ommatotriton	"Ommatotriton vittatus"		SPECIES	"Ommatotriton vittatus (Gray, 1835)"	"Ommatotriton vittatus"		TR	Tarsus	Mersin	PRESENT	1	c8d737e0-2ff8-42e8-b8fc-6b805d26fc5f	36.789051	34.922516	611.0						2025-03-14	14	3	2025	2431811	2431811	HUMAN_OBSERVATION							CC_BY_NC_4_0	"Stichting Observation International"	"User 1054821"			2026-06-30T20:38:53.976Z	StillImage	
5101257149	8a863029-f435-446a-821e-275f4f641165	https://observation.org/observation/341065692	Animalia	Chordata	Amphibia	Caudata	Salamandridae	Ommatotriton	"Ommatotriton vittatus"		SPECIES	"Ommatotriton vittatus (Gray, 1835)"	"Ommatotriton vittatus"		TR	Tarsus	Mersin	PRESENT	1	c8d737e0-2ff8-42e8-b8fc-6b805d26fc5f	36.789051	34.922516	611.0						2025-03-14	14	3	2025	2431811	2431811	HUMAN_OBSERVATION							CC_BY_NC_4_0	"Stichting Observation International"	"User 1054821"			2026-06-30T20:23:21.028Z	StillImage	
5901434384	8a863029-f435-446a-821e-275f4f641165	https://observation.org/observation/348093856	Animalia	Chordata	Amphibia	Caudata	Salamandridae	Ommatotriton	"Ommatotriton vittatus"		SPECIES	"Ommatotriton vittatus (Gray, 1835)"	"Ommatotriton vittatus"		ES	"Serres de Busa-els Bastets-Lord"	Lleida	PRESENT	8	c8d737e0-2ff8-42e8-b8fc-6b805d26fc5f	42.100861	1.645589							2025-05-02	2	5	2025	2431811	2431811	HUMAN_OBSERVATION							CC_BY_NC_4_0	"Stichting Observation International"	"User 815188"			2026-06-30T20:38:01.432Z	StillImage	
4955948152	8a863029-f435-446a-821e-275f4f641165	https://observation.org/observation/306643316	Animalia	Chordata	Amphibia	Caudata	Salamandridae	Ommatotriton	"Ommatotriton vittatus"		SPECIES	"Ommatotriton vittatus (Gray, 1835)"	"Ommatotriton vittatus"		TR	"Mersin (il)"	Mersin	PRESENT	1	c8d737e0-2ff8-42e8-b8fc-6b805d26fc5f	36.783372	34.457741	5.0						2013-02-21	21	2	2013	2431811	2431811	HUMAN_OBSERVATION							CC_BY_NC_4_0	"Stichting Observation International"	"User 69536"			2026-06-30T20:37:09.353Z		
5101231148	8a863029-f435-446a-821e-275f4f641165	https://observation.org/observation/341065448	Animalia	Chordata	Amphibia	Caudata	Salamandridae	Ommatotriton	"Ommatotriton vittatus"		SPECIES	"Ommatotriton vittatus (Gray, 1835)"	"Ommatotriton vittatus"		TR	Tarsus	Mersin	PRESENT	1	c8d737e0-2ff8-42e8-b8fc-6b805d26fc5f	36.782562	34.910156	612.0						2025-03-14	14	3	2025	2431811	2431811	HUMAN_OBSERVATION							CC_BY_NC_4_0	"Stichting Observation International"	"User 1054821"			2026-06-30T20:30:59.937Z	StillImage;StillImage	
5101226113	8a863029-f435-446a-821e-275f4f641165	https://observation.org/observation/341065603	Animalia	Chordata	Amphibia	Caudata	Salamandridae	Ommatotriton	"Ommatotriton vittatus"		SPECIES	"Ommatotriton vittatus (Gray, 1835)"	"Ommatotriton vittatus"		TR	Tarsus	Mersin	PRESENT	1	c8d737e0-2ff8-42e8-b8fc-6b805d26fc5f	36.789051	34.922516	611.0						2025-03-14	14	3	2025	2431811	2431811	HUMAN_OBSERVATION							CC_BY_NC_4_0	"Stichting Observation International"	"User 1054821"			2026-06-30T20:48:01.380Z	StillImage	
476599847	4bfac3ea-8763-4f4b-a71a-76a6f5f243d3	MCZ:Herp:A-30391	Animalia	Chordata	Amphibia	Caudata	Salamandridae	Ommatotriton	"Ommatotriton vittatus"		SPECIES	"Ommatotriton vittatus (Gray, 1835)"	"Ommatotriton vittatus (Gray, 1835)"	"(Gray, 1835)"	IL	"either Khanita (Gallilee) or Mt Carmel"	Haifa/Northern	PRESENT	1	b4640710-8e03-11d8-b956-b8a03c50a862	32.74552	35.00399	5000.0	1.0E-5									2431811	2431811	PRESERVED_SPECIMEN	MCZ	Herp	A-30391	694	"Matt Gage"	2022-05-05T00:00:00	CC_BY_NC_4_0	"President and Fellows of Harvard College"	"Lab. Dept. of Zoology, HUJ"			2026-06-30T15:48:09.693Z		INSTITUTION_MATCH_FUZZY;COLLECTION_MATCH_FUZZY
476473970	4bfac3ea-8763-4f4b-a71a-76a6f5f243d3	MCZ:Herp:A-9394	Animalia	Chordata	Amphibia	Caudata	Salamandridae	Ommatotriton	"Ommatotriton vittatus"		SPECIES	"Ommatotriton vittatus (Gray, 1835)"	"Ommatotriton vittatus (Gray, 1835) (Gray, 1835)"	"(Gray, 1835)"	TR	Adana	Adana	PRESENT	1	b4640710-8e03-11d8-b956-b8a03c50a862	37.00167	35.32889	8300.0	1.0E-5					1906-02-01/1906-02-28		2	1906	2431811	2431811	PRESERVED_SPECIMEN	MCZ	Herp	A-9394		"Matt Gage"	2024-10-07T00:00:00	CC_BY_NC_4_0	"President and Fellows of Harvard College"	"Wilhelm Wolterstorff"			2026-06-30T15:48:08.426Z		INSTITUTION_MATCH_FUZZY;COLLECTION_MATCH_FUZZY
476553106	4bfac3ea-8763-4f4b-a71a-76a6f5f243d3	MCZ:Herp:A-9347	Animalia	Chordata	Amphibia	Caudata	Salamandridae	Ommatotriton	"Ommatotriton vittatus"		SPECIES	"Ommatotriton vittatus (Gray, 1835)"	"Ommatotriton vittatus (Gray, 1835) (Gray, 1835)"	"(Gray, 1835)"	TR	Adana	Adana	PRESENT	1	b4640710-8e03-11d8-b956-b8a03c50a862	37.00167	35.32889	8300.0	1.0E-5					1906			1906	2431811	2431811	PRESERVED_SPECIMEN	MCZ	Herp	A-9347		"Matt Gage"	2024-10-07T00:00:00	CC_BY_NC_4_0	"President and Fellows of Harvard College"	"Wilhelm Wolterstorff"			2026-06-30T15:48:09.346Z		RECORDED_DATE_MISMATCH;INSTITUTION_MATCH_FUZZY;COLLECTION_MATCH_FUZZY
476599848	4bfac3ea-8763-4f4b-a71a-76a6f5f243d3	MCZ:Herp:A-30392	Animalia	Chordata	Amphibia	Caudata	Salamandridae	Ommatotriton	"Ommatotriton vittatus"		SPECIES	"Ommatotriton vittatus (Gray, 1835)"	"Ommatotriton vittatus (Gray, 1835)"	"(Gray, 1835)"	IL	"either Khanita (Gallilee) or Mt Carmel"	Haifa/Northern	PRESENT	1	b4640710-8e03-11d8-b956-b8a03c50a862	32.74552	35.00399	5000.0	1.0E-5									2431811	2431811	PRESERVED_SPECIMEN	MCZ	Herp	A-30392	725	"Matt Gage"	2022-05-05T00:00:00	CC_BY_NC_4_0	"President and Fellows of Harvard College"	"Lab. Dept. of Zoology, HUJ"			2026-06-30T15:47:03.333Z		INSTITUTION_MATCH_FUZZY;COLLECTION_MATCH_FUZZY
476553105	4bfac3ea-8763-4f4b-a71a-76a6f5f243d3	MCZ:Herp:A-9346	Animalia	Chordata	Amphibia	Caudata	Salamandridae	Ommatotriton	"Ommatotriton vittatus"		SPECIES	"Ommatotriton vittatus (Gray, 1835)"	"Ommatotriton vittatus (Gray, 1835) (Gray, 1835)"	"(Gray, 1835)"	TR	Adana	Adana	PRESENT	1	b4640710-8e03-11d8-b956-b8a03c50a862	37.00167	35.32889	8300.0	1.0E-5					1906			1906	2431811	2431811	PRESERVED_SPECIMEN	MCZ	Herp	A-9346		"Matt Gage"	2024-10-07T00:00:00	CC_BY_NC_4_0	"President and Fellows of Harvard College"	"Wilhelm Wolterstorff"			2026-06-30T15:47:02.152Z		RECORDED_DATE_MISMATCH;INSTITUTION_MATCH_FUZZY;COLLECTION_MATCH_FUZZY
476538305	4bfac3ea-8763-4f4b-a71a-76a6f5f243d3	MCZ:Herp:A-9395	Animalia	Chordata	Amphibia	Caudata	Salamandridae	Ommatotriton	"Ommatotriton vittatus"		SPECIES	"Ommatotriton vittatus (Gray, 1835)"	"Ommatotriton vittatus (Gray, 1835) (Gray, 1835)"	"(Gray, 1835)"	TR	Adana	Adana	PRESENT	1	b4640710-8e03-11d8-b956-b8a03c50a862	37.00167	35.32889	8300.0	1.0E-5					1906-02-01/1906-02-28		2	1906	2431811	2431811	PRESERVED_SPECIMEN	MCZ	Herp	A-9395		"Matt Gage"	2024-10-07T00:00:00	CC_BY_NC_4_0	"President and Fellows of Harvard College"	"Wilhelm Wolterstorff"			2026-06-30T15:48:10.289Z		INSTITUTION_MATCH_FUZZY;COLLECTION_MATCH_FUZZY
476475426	4bfac3ea-8763-4f4b-a71a-76a6f5f243d3	MCZ:Herp:A-9348	Animalia	Chordata	Amphibia	Caudata	Salamandridae	Ommatotriton	"Ommatotriton vittatus"		SPECIES	"Ommatotriton vittatus (Gray, 1835)"	"Ommatotriton vittatus (Gray, 1835) (Gray, 1835)"	"(Gray, 1835)"	TR	Adana	Adana	PRESENT	1	b4640710-8e03-11d8-b956-b8a03c50a862	37.00167	35.32889	8300.0	1.0E-5					1906			1906	2431811	2431811	PRESERVED_SPECIMEN	MCZ	Herp	A-9348		"Matt Gage"	2024-10-07T00:00:00	CC_BY_NC_4_0	"President and Fellows of Harvard College"	"Wilhelm Wolterstorff"			2026-06-30T15:47:01.209Z		RECORDED_DATE_MISMATCH;INSTITUTION_MATCH_FUZZY;COLLECTION_MATCH_FUZZY
5000884316	add0eb9b-5d2c-40c3-a0c6-d4a9a0105312	94c9ce58-2abc-4b79-b6a9-97a8e68e9314	Animalia	Chordata	Amphibia	Caudata	Salamandridae	Ommatotriton	"Ommatotriton vittatus"		SPECIES	"Ommatotriton vittatus (Gray, 1835)"	"Ommatotriton vittatus"		IL	"Gesher Moshe N. Soreq (W. Sarar) at Nakhshon-Revadim rd"		PRESENT		cb633566-ed21-4684-bcce-df84d0eb4c8a	31.807329	34.872252							1958-01-28	28	1	1958	2431811	2431811	PRESERVED_SPECIMEN	HUJ	RA	0000009201				CC_BY_4_0		"E. Neuman"			2026-06-29T10:27:56.295Z		COORDINATE_ROUNDED;SCIENTIFIC_NAME_ID_NOT_FOUND
5000887688	add0eb9b-5d2c-40c3-a0c6-d4a9a0105312	8813d08c-71a4-4838-b218-e928514e6b94	Animalia	Chordata	Amphibia	Caudata	Salamandridae	Ommatotriton	"Ommatotriton vittatus"		SPECIES	"Ommatotriton vittatus (Gray, 1835)"	"Ommatotriton vittatus"		IL	"Gesher Moshe N. Soreq (W. Sarar) at Nakhshon-Revadim rd"		PRESENT		cb633566-ed21-4684-bcce-df84d0eb4c8a	31.807329	34.872252							1958-01		1	1958	2431811	2431811	PRESERVED_SPECIMEN	HUJ	RA	0000009215				CC_BY_4_0		"E. Neuman"			2026-06-29T10:27:58.350Z		COORDINATE_ROUNDED;SCIENTIFIC_NAME_ID_NOT_FOUND
5000889803	add0eb9b-5d2c-40c3-a0c6-d4a9a0105312	7ea1e4d3-6f28-4976-9123-ea2a77b3ebe5	Animalia	Chordata	Amphibia	Caudata	Salamandridae	Ommatotriton	"Ommatotriton vittatus"		SPECIES	"Ommatotriton vittatus (Gray, 1835)"	"Ommatotriton vittatus"		IL	"Gesher Moshe N. Soreq (W. Sarar) at Nakhshon-Revadim rd"		PRESENT		cb633566-ed21-4684-bcce-df84d0eb4c8a	31.807329	34.872252							1958-01-28	28	1	1958	2431811	2431811	PRESERVED_SPECIMEN	HUJ	RA	0000009199				CC_BY_4_0		"E. Neuman"			2026-06-29T10:27:59.623Z		COORDINATE_ROUNDED;SCIENTIFIC_NAME_ID_NOT_FOUND
5000892603	add0eb9b-5d2c-40c3-a0c6-d4a9a0105312	35b0e641-9c3f-4a80-9844-02845e30b345	Animalia	Chordata	Amphibia	Caudata	Salamandridae	Ommatotriton	"Ommatotriton vittatus"		SPECIES	"Ommatotriton vittatus (Gray, 1835)"	"Ommatotriton vittatus"		IL	"Gesher Moshe N. Soreq (W. Sarar) at Nakhshon-Revadim rd"		PRESENT		cb633566-ed21-4684-bcce-df84d0eb4c8a	31.807329	34.872252							1958-01-28	28	1	1958	2431811	2431811	PRESERVED_SPECIMEN	HUJ	RA	0000009205				CC_BY_4_0		"E. Neuman"			2026-06-29T10:28:00.968Z		COORDINATE_ROUNDED;SCIENTIFIC_NAME_ID_NOT_FOUND
5000898066	add0eb9b-5d2c-40c3-a0c6-d4a9a0105312	2bafa0c9-69ce-4e9c-8ff2-c87b936bb0a4	Animalia	Chordata	Amphibia	Caudata	Salamandridae	Ommatotriton	"Ommatotriton vittatus"		SPECIES	"Ommatotriton vittatus (Gray, 1835)"	"Ommatotriton vittatus"		IL	"Ein Qala, IG 21742853"		PRESENT		cb633566-ed21-4684-bcce-df84d0eb4c8a	33.162068	35.718467							1990-03-13	13	3	1990	2431811	2431811	PRESERVED_SPECIMEN	HUJ	RA	0000020152				CC_BY_4_0		"Reuven Ortal"			2026-06-29T10:28:03.103Z		COORDINATE_ROUNDED;SCIENTIFIC_NAME_ID_NOT_FOUND
5000883533	add0eb9b-5d2c-40c3-a0c6-d4a9a0105312	46de977b-2bb2-4c5c-9acd-f39ac91e4c7f	Animalia	Chordata	Amphibia	Caudata	Salamandridae	Ommatotriton	"Ommatotriton vittatus"		SPECIES	"Ommatotriton vittatus (Gray, 1835)"	"Ommatotriton vittatus"		IL	"roadside ditch btw 'Afula & the Kishon R., IG~17552230"		PRESENT		cb633566-ed21-4684-bcce-df84d0eb4c8a	32.60131	35.268829							1974-04-04	4	4	1974	2431811	2431811	PRESERVED_SPECIMEN	HUJ	RA	0000015428				CC_BY_4_0		"Yehudah Werner"			2026-06-29T10:27:58.574Z		COORDINATE_ROUNDED;SCIENTIFIC_NAME_ID_NOT_FOUND
5000898573	add0eb9b-5d2c-40c3-a0c6-d4a9a0105312	299c6679-3be0-4ed4-81fd-03a086f84140	Animalia	Chordata	Amphibia	Caudata	Salamandridae	Ommatotriton	"Ommatotriton vittatus"		SPECIES	"Ommatotriton vittatus (Gray, 1835)"	"Ommatotriton vittatus"		IL	"roadside ditch btw 'Afula & the Kishon R., IG~17552230"		PRESENT		cb633566-ed21-4684-bcce-df84d0eb4c8a	32.60131	35.268829							1974-04-04	4	4	1974	2431811	2431811	PRESERVED_SPECIMEN	HUJ	RA	0000015431				CC_BY_4_0		"Yehudah Werner"			2026-06-29T10:28:03.675Z		COORDINATE_ROUNDED;SCIENTIFIC_NAME_ID_NOT_FOUND
5000900294	add0eb9b-5d2c-40c3-a0c6-d4a9a0105312	a3dd5bba-2d35-46b8-82f5-adb330cab383	Animalia	Chordata	Amphibia	Caudata	Salamandridae	Ommatotriton	"Ommatotriton vittatus"		SPECIES	"Ommatotriton vittatus (Gray, 1835)"	"Ommatotriton vittatus"		IL	"Hurvat 'Atraba IG: 13961232"		PRESENT		cb633566-ed21-4684-bcce-df84d0eb4c8a	31.700956	34.88951							1984-12-02	2	12	1984	2431811	2431811	PRESERVED_SPECIMEN	HUJ	RA	0000015869				CC_BY_4_0		"E. Seidner"			2026-06-29T10:28:04.374Z		COORDINATE_ROUNDED;SCIENTIFIC_NAME_ID_NOT_FOUND
5000900596	add0eb9b-5d2c-40c3-a0c6-d4a9a0105312	c4d90fd3-a93c-41a0-8c8d-0c426d49e860	Animalia	Chordata	Amphibia	Caudata	Salamandridae	Ommatotriton	"Ommatotriton vittatus"		SPECIES	"Ommatotriton vittatus (Gray, 1835)"	"Ommatotriton vittatus"		IL	"roadside ditch btw 'Afula & the Kishon R., IG~17552230"		PRESENT		cb633566-ed21-4684-bcce-df84d0eb4c8a	32.60131	35.268829							1974-04-04	4	4	1974	2431811	2431811	PRESERVED_SPECIMEN	HUJ	RA	0000015426				CC_BY_4_0		"Yehudah Werner"			2026-06-29T10:28:04.441Z		COORDINATE_ROUNDED;SCIENTIFIC_NAME_ID_NOT_FOUND
5000886315	add0eb9b-5d2c-40c3-a0c6-d4a9a0105312	d8bf3a0b-cfd1-44a9-ad4d-73154977976a	Animalia	Chordata	Amphibia	Caudata	Salamandridae	Ommatotriton	"Ommatotriton vittatus"		SPECIES	"Ommatotriton vittatus (Gray, 1835)"	"Ommatotriton vittatus"		IL	"Gesher Moshe N. Soreq (W. Sarar) at Nakhshon-Revadim rd"		PRESENT		cb633566-ed21-4684-bcce-df84d0eb4c8a	31.807329	34.872252							1958-01		1	1958	2431811	2431811	PRESERVED_SPECIMEN	HUJ	RA	0000009214				CC_BY_4_0		"E. Neuman"			2026-06-29T10:27:59.747Z		COORDINATE_ROUNDED;SCIENTIFIC_NAME_ID_NOT_FOUND
5000899012	add0eb9b-5d2c-40c3-a0c6-d4a9a0105312	c98dcd55-a2a6-4f11-add1-10a8e7486a0d	Animalia	Chordata	Amphibia	Caudata	Salamandridae	Ommatotriton	"Ommatotriton vittatus"		SPECIES	"Ommatotriton vittatus (Gray, 1835)"	"Ommatotriton vittatus"		IL	"Gesher Moshe N. Soreq (W. Sarar) at Nakhshon-Revadim rd"		PRESENT		cb633566-ed21-4684-bcce-df84d0eb4c8a	31.807329	34.872252							1958-01		1	1958	2431811	2431811	PRESERVED_SPECIMEN	HUJ	RA	0000009213				CC_BY_4_0		"E. Neuman"			2026-06-29T10:28:03.256Z		COORDINATE_ROUNDED;SCIENTIFIC_NAME_ID_NOT_FOUND
5000888927	add0eb9b-5d2c-40c3-a0c6-d4a9a0105312	a11fce59-4a2e-45d1-9ff1-368442659bd9	Animalia	Chordata	Amphibia	Caudata	Salamandridae	Ommatotriton	"Ommatotriton vittatus"		SPECIES	"Ommatotriton vittatus (Gray, 1835)"	"Ommatotriton vittatus"		IL	"Gefen, IG 13901275"		PRESENT		cb633566-ed21-4684-bcce-df84d0eb4c8a	31.739767	34.883106							1991-03-18	18	3	1991	2431811	2431811	PRESERVED_SPECIMEN	HUJ	RA	0000020178				CC_BY_4_0		"Yehudah Werner"			2026-06-29T10:27:59.106Z		COORDINATE_ROUNDED;SCIENTIFIC_NAME_ID_NOT_FOUND
5000890108	add0eb9b-5d2c-40c3-a0c6-d4a9a0105312	14785937-2946-4fba-a0e6-fdb42813cea6	Animalia	Chordata	Amphibia	Caudata	Salamandridae	Ommatotriton	"Ommatotriton vittatus"		SPECIES	"Ommatotriton vittatus (Gray, 1835)"	"Ommatotriton vittatus"		IL	"Shoresh (Judean Hills)"		PRESENT		cb633566-ed21-4684-bcce-df84d0eb4c8a	22.768905	35.075326							1956-02-18	18	2	1956	2431811	2431811	PRESERVED_SPECIMEN	HUJ	RA	0000000604				CC_BY_4_0		"Yehudah Werner"			2026-06-29T10:27:59.549Z		COORDINATE_ROUNDED;COUNTRY_COORDINATE_MISMATCH;CONTINENT_COORDINATE_MISMATCH;SCIENTIFIC_NAME_ID_NOT_FOUND
5000901677	add0eb9b-5d2c-40c3-a0c6-d4a9a0105312	df2db8df-fb93-4300-bab9-87eb356f0502	Animalia	Chordata	Amphibia	Caudata	Salamandridae	Ommatotriton	"Ommatotriton vittatus"		SPECIES	"Ommatotriton vittatus (Gray, 1835)"	"Ommatotriton vittatus"		IL	"Wadi Wabadaui: spring at 202/260"		PRESENT		cb633566-ed21-4684-bcce-df84d0eb4c8a	32.934471	35.552419							1962-05-25	25	5	1962	2431811	2431811	PRESERVED_SPECIMEN	HUJ	RA	0000009841		"Heinz Steinitz"		CC_BY_4_0		"Ilan Paperna"			2026-06-29T10:28:04.002Z		COORDINATE_ROUNDED;SCIENTIFIC_NAME_ID_NOT_FOUND
5000885810	add0eb9b-5d2c-40c3-a0c6-d4a9a0105312	a6ef8668-5cdc-4052-985b-d71d55c4e684	Animalia	Chordata	Amphibia	Caudata	Salamandridae	Ommatotriton	"Ommatotriton vittatus"		SPECIES	"Ommatotriton vittatus (Gray, 1835)"	"Ommatotriton vittatus"		IL	"roadside ditch btw 'Afula & the Kishon R., IG~17552230"		PRESENT		cb633566-ed21-4684-bcce-df84d0eb4c8a	32.60131	35.268829							1974-04-04	4	4	1974	2431811	2431811	PRESERVED_SPECIMEN	HUJ	RA	0000015425				CC_BY_4_0		"Yehudah Werner"			2026-06-29T10:27:57.032Z		COORDINATE_ROUNDED;SCIENTIFIC_NAME_ID_NOT_FOUND
5000888037	add0eb9b-5d2c-40c3-a0c6-d4a9a0105312	bd6da77f-79ba-44bf-ad02-a1afb6a522be	Animalia	Chordata	Amphibia	Caudata	Salamandridae	Ommatotriton	"Ommatotriton vittatus"		SPECIES	"Ommatotriton vittatus (Gray, 1835)"	"Ommatotriton vittatus"		IL	"roadside ditch btw 'Afula & the Kishon R., IG~17552230"		PRESENT		cb633566-ed21-4684-bcce-df84d0eb4c8a	32.60131	35.268829							1974-04-04	4	4	1974	2431811	2431811	PRESERVED_SPECIMEN	HUJ	RA	0000015429				CC_BY_4_0		"Yehudah Werner"			2026-06-29T10:27:57.900Z		COORDINATE_ROUNDED;SCIENTIFIC_NAME_ID_NOT_FOUND
5000890554	add0eb9b-5d2c-40c3-a0c6-d4a9a0105312	6cbd37ab-2c25-47d8-9cbf-d700d0529c4f	Animalia	Chordata	Amphibia	Caudata	Salamandridae	Ommatotriton	"Ommatotriton vittatus"		SPECIES	"Ommatotriton vittatus (Gray, 1835)"	"Ommatotriton vittatus"		IL	"roadside ditch btw 'Afula & the Kishon R., IG~17552230"		PRESENT		cb633566-ed21-4684-bcce-df84d0eb4c8a	32.60131	35.268829							1974-04-04	4	4	1974	2431811	2431811	PRESERVED_SPECIMEN	HUJ	RA	0000015427				CC_BY_4_0		"Yehudah Werner"			2026-06-29T10:27:59.252Z		COORDINATE_ROUNDED;SCIENTIFIC_NAME_ID_NOT_FOUND
5000894013	add0eb9b-5d2c-40c3-a0c6-d4a9a0105312	f27f6a8b-7920-46c5-b937-ae291dbf30ca	Animalia	Chordata	Amphibia	Caudata	Salamandridae	Ommatotriton	"Ommatotriton vittatus"		SPECIES	"Ommatotriton vittatus (Gray, 1835)"	"Ommatotriton vittatus"		IL	"Wered Hagalil, IG 202258"		PRESENT		cb633566-ed21-4684-bcce-df84d0eb4c8a	32.916438	35.552348							1984-02-10	10	2	1984	2431811	2431811	PRESERVED_SPECIMEN	HUJ	RA	0000015746				CC_BY_4_0		"M. Luria"			2026-06-29T10:28:00.509Z		COORDINATE_ROUNDED;SCIENTIFIC_NAME_ID_NOT_FOUND
5000900209	add0eb9b-5d2c-40c3-a0c6-d4a9a0105312	cced1de1-984c-4627-a98d-e05ac4884150	Animalia	Chordata	Amphibia	Caudata	Salamandridae	Ommatotriton	"Ommatotriton vittatus"		SPECIES	"Ommatotriton vittatus (Gray, 1835)"	"Ommatotriton vittatus"		IL	"Gesher Moshe N. Soreq (W. Sarar) at Nakhshon-Revadim rd"		PRESENT		cb633566-ed21-4684-bcce-df84d0eb4c8a	31.807329	34.872252							1958-01-28	28	1	1958	2431811	2431811	PRESERVED_SPECIMEN	HUJ	RA	0000009202				CC_BY_4_0		"E. Neuman"			2026-06-29T10:28:02.888Z		COORDINATE_ROUNDED;SCIENTIFIC_NAME_ID_NOT_FOUND
5000886086	add0eb9b-5d2c-40c3-a0c6-d4a9a0105312	6f6f7631-836b-495c-9206-a6d9d43a5375	Animalia	Chordata	Amphibia	Caudata	Salamandridae	Ommatotriton	"Ommatotriton vittatus"		SPECIES	"Ommatotriton vittatus (Gray, 1835)"	"Ommatotriton vittatus"		IL	"Gesher Moshe N. Soreq (W. Sarar) at Nakhshon-Revadim rd"		PRESENT		cb633566-ed21-4684-bcce-df84d0eb4c8a	31.807329	34.872252							1958-01-28	28	1	1958	2431811	2431811	PRESERVED_SPECIMEN	HUJ	RA	0000009203				CC_BY_4_0		"E. Neuman"			2026-06-29T10:27:58.990Z		COORDINATE_ROUNDED;SCIENTIFIC_NAME_ID_NOT_FOUND
5000894247	add0eb9b-5d2c-40c3-a0c6-d4a9a0105312	ae32a2ea-5fdc-4ab9-80e5-e959df1ef3ea	Animalia	Chordata	Amphibia	Caudata	Salamandridae	Ommatotriton	"Ommatotriton vittatus"		SPECIES	"Ommatotriton vittatus (Gray, 1835)"	"Ommatotriton vittatus"		IL	"Wadi Wabadaui: spring at 202/260"		PRESENT		cb633566-ed21-4684-bcce-df84d0eb4c8a	32.934471	35.552419							1962-05-25	25	5	1962	2431811	2431811	PRESERVED_SPECIMEN	HUJ	RA	0000009842		"Heinz Steinitz"		CC_BY_4_0		"Ilan Paperna"			2026-06-29T10:28:02.200Z		COORDINATE_ROUNDED;SCIENTIFIC_NAME_ID_NOT_FOUND
5000897384	add0eb9b-5d2c-40c3-a0c6-d4a9a0105312	c509bd15-1705-4e04-bb2f-8d7966f662fa	Animalia	Chordata	Amphibia	Caudata	Salamandridae	Ommatotriton	"Ommatotriton vittatus"		SPECIES	"Ommatotriton vittatus (Gray, 1835)"	"Ommatotriton vittatus"		IL	"roadside ditch btw 'Afula & the Kishon R., IG~17552230"		PRESENT		cb633566-ed21-4684-bcce-df84d0eb4c8a	32.60131	35.268829							1974-04-04	4	4	1974	2431811	2431811	PRESERVED_SPECIMEN	HUJ	RA	0000015430				CC_BY_4_0		"Yehudah Werner"			2026-06-29T10:28:03.111Z		COORDINATE_ROUNDED;SCIENTIFIC_NAME_ID_NOT_FOUND
5000898255	add0eb9b-5d2c-40c3-a0c6-d4a9a0105312	2f29cd10-0eb2-438c-a61f-2c4cf98e743e	Animalia	Chordata	Amphibia	Caudata	Salamandridae	Ommatotriton	"Ommatotriton vittatus"		SPECIES	"Ommatotriton vittatus (Gray, 1835)"	"Ommatotriton vittatus"		IL	"Gesher Moshe N. Soreq (W. Sarar) at Nakhshon-Revadim rd"		PRESENT		cb633566-ed21-4684-bcce-df84d0eb4c8a	31.807329	34.872252							1958-01-28	28	1	1958	2431811	2431811	PRESERVED_SPECIMEN	HUJ	RA	0000009200				CC_BY_4_0		"E. Neuman"			2026-06-29T10:28:03.418Z		COORDINATE_ROUNDED;SCIENTIFIC_NAME_ID_NOT_FOUND
5000903137	add0eb9b-5d2c-40c3-a0c6-d4a9a0105312	acc1e5c2-59be-4326-a6a8-de52d16106a7	Animalia	Chordata	Amphibia	Caudata	Salamandridae	Ommatotriton	"Ommatotriton vittatus"		SPECIES	"Ommatotriton vittatus (Gray, 1835)"	"Ommatotriton vittatus"		IL	"Gesher Moshe N. Soreq (W. Sarar) at Nakhshon-Revadim rd"		PRESENT		cb633566-ed21-4684-bcce-df84d0eb4c8a	31.807329	34.872252							1958-01-28	28	1	1958	2431811	2431811	PRESERVED_SPECIMEN	HUJ	RA	0000009204				CC_BY_4_0		"E. Neuman"			2026-06-29T10:28:05.114Z		COORDINATE_ROUNDED;SCIENTIFIC_NAME_ID_NOT_FOUND
